/*******************************************************************************
 * Size: 24 px
 * Bpp: 4
 * Opts: --bpp 4 --size 24 --no-compress --stride 1 --align 1 --font NotoSans-Medium.ttf --symbols U+00B7, --range 32-127,160-591,8192-8303,1024-1279 --format lvgl -o noto_24.c
 ******************************************************************************/

#ifdef LV_LVGL_H_INCLUDE_SIMPLE
#include "lvgl.h"
#else
#include "lvgl.h"
#endif



#ifndef LV_FONT_NOTO_24
#define LV_FONT_NOTO_24 1
#endif

#if LV_FONT_NOTO_24

/*-----------------
 *    BITMAPS
 *----------------*/

/*Store the image of the glyphs*/
static LV_ATTRIBUTE_LARGE_CONST const uint8_t glyph_bitmap[] = {
    /* U+0020 " " */

    /* U+0021 "!" */
    0x3f, 0xfc, 0x2f, 0xfb, 0x1f, 0xfa, 0xf, 0xf9,
    0xf, 0xf8, 0xf, 0xf7, 0xe, 0xf7, 0xd, 0xf6,
    0xc, 0xf5, 0xb, 0xf4, 0xb, 0xf3, 0x9, 0xf2,
    0x0, 0x0, 0x3, 0x61, 0x3f, 0xfb, 0x5f, 0xfd,
    0x1c, 0xf6,

    /* U+0022 "\"" */
    0x6f, 0xf1, 0xd, 0xfb, 0x5f, 0xf0, 0xb, 0xfa,
    0x4f, 0xf0, 0xa, 0xf9, 0x3f, 0xe0, 0x9, 0xf7,
    0x1f, 0xc0, 0x8, 0xf6, 0xf, 0xb0, 0x6, 0xf5,
    0x1, 0x10, 0x0, 0x10,

    /* U+0023 "#" */
    0x0, 0x0, 0x3, 0xfb, 0x0, 0x2f, 0xc0, 0x0,
    0x0, 0x0, 0x6f, 0x80, 0x5, 0xf9, 0x0, 0x0,
    0x0, 0x9, 0xf5, 0x0, 0x8f, 0x60, 0x0, 0x0,
    0x0, 0xcf, 0x20, 0xb, 0xf3, 0x0, 0x0, 0x0,
    0xf, 0xf0, 0x0, 0xef, 0x0, 0x0, 0x8f, 0xff,
    0xff, 0xff, 0xff, 0xff, 0xfe, 0x7, 0xdd, 0xef,
    0xed, 0xde, 0xfe, 0xdd, 0xc0, 0x0, 0x9, 0xf6,
    0x0, 0x8f, 0x60, 0x0, 0x0, 0x0, 0xcf, 0x20,
    0xb, 0xf3, 0x0, 0x0, 0x0, 0xf, 0xf0, 0x0,
    0xef, 0x0, 0x0, 0x5d, 0xdd, 0xff, 0xdd, 0xdf,
    0xfd, 0xdd, 0x16, 0xff, 0xff, 0xff, 0xff, 0xff,
    0xff, 0xf1, 0x0, 0x8, 0xf6, 0x0, 0x8f, 0x60,
    0x0, 0x0, 0x0, 0xbf, 0x30, 0xb, 0xf3, 0x0,
    0x0, 0x0, 0xe, 0xf0, 0x0, 0xef, 0x0, 0x0,
    0x0, 0x1, 0xfd, 0x0, 0x1f, 0xd0, 0x0, 0x0,
    0x0, 0x4f, 0xa0, 0x4, 0xfa, 0x0, 0x0, 0x0,

    /* U+0024 "$" */
    0x0, 0x0, 0xe, 0xa0, 0x0, 0x0, 0x0, 0x0,
    0xe, 0xa0, 0x0, 0x0, 0x0, 0x6b, 0xef, 0xfd,
    0xb8, 0x40, 0xb, 0xff, 0xff, 0xff, 0xff, 0xd0,
    0x5f, 0xfa, 0x4e, 0xa4, 0x6b, 0x60, 0x9f, 0xe0,
    0xe, 0xa0, 0x0, 0x0, 0x9f, 0xf0, 0xe, 0xa0,
    0x0, 0x0, 0x5f, 0xfc, 0x4e, 0xa0, 0x0, 0x0,
    0xa, 0xff, 0xff, 0xc3, 0x0, 0x0, 0x0, 0x5d,
    0xff, 0xff, 0xc5, 0x0, 0x0, 0x0, 0x3f, 0xff,
    0xff, 0x90, 0x0, 0x0, 0xe, 0xa4, 0xdf, 0xf3,
    0x0, 0x0, 0xe, 0xa0, 0x1f, 0xf7, 0x0, 0x0,
    0xe, 0xa0, 0x2f, 0xf6, 0x9b, 0x74, 0x2e, 0xb6,
    0xdf, 0xf1, 0xaf, 0xff, 0xff, 0xff, 0xff, 0x50,
    0x28, 0xcd, 0xff, 0xfc, 0x82, 0x0, 0x0, 0x0,
    0xe, 0xa0, 0x0, 0x0, 0x0, 0x0, 0xe, 0xa0,
    0x0, 0x0, 0x0, 0x0, 0x5, 0x30, 0x0, 0x0,

    /* U+0025 "%" */
    0x3, 0xcf, 0xe7, 0x0, 0x0, 0x0, 0x6f, 0xb0,
    0x0, 0x2, 0xff, 0xcf, 0xf7, 0x0, 0x0, 0xe,
    0xf3, 0x0, 0x0, 0x9f, 0x90, 0x2f, 0xf0, 0x0,
    0x8, 0xfa, 0x0, 0x0, 0xc, 0xf4, 0x0, 0xcf,
    0x40, 0x1, 0xff, 0x10, 0x0, 0x0, 0xef, 0x20,
    0xa, 0xf6, 0x0, 0xaf, 0x80, 0x0, 0x0, 0xf,
    0xf2, 0x0, 0xaf, 0x70, 0x3f, 0xe0, 0x0, 0x0,
    0x0, 0xef, 0x30, 0xb, 0xf6, 0xb, 0xf6, 0x18,
    0xb9, 0x30, 0xb, 0xf5, 0x0, 0xdf, 0x34, 0xfd,
    0x1e, 0xff, 0xff, 0x40, 0x6f, 0xc1, 0x6f, 0xe0,
    0xdf, 0x47, 0xfb, 0x17, 0xfd, 0x0, 0xcf, 0xff,
    0xf5, 0x6f, 0xb0, 0xcf, 0x40, 0xe, 0xf2, 0x0,
    0x8b, 0xa4, 0xe, 0xf2, 0xf, 0xf2, 0x0, 0xcf,
    0x50, 0x0, 0x0, 0x8, 0xf9, 0x0, 0xff, 0x10,
    0xb, 0xf6, 0x0, 0x0, 0x2, 0xff, 0x10, 0xf,
    0xf1, 0x0, 0xbf, 0x50, 0x0, 0x0, 0xaf, 0x70,
    0x0, 0xdf, 0x30, 0xd, 0xf3, 0x0, 0x0, 0x3f,
    0xe0, 0x0, 0x8, 0xf7, 0x2, 0xfe, 0x0, 0x0,
    0xc, 0xf5, 0x0, 0x0, 0x1f, 0xf9, 0xdf, 0x70,
    0x0, 0x5, 0xfc, 0x0, 0x0, 0x0, 0x3c, 0xfe,
    0x70, 0x0,

    /* U+0026 "&" */
    0x0, 0x4, 0xbe, 0xfd, 0x81, 0x0, 0x0, 0x0,
    0x0, 0x7, 0xff, 0xff, 0xff, 0xe1, 0x0, 0x0,
    0x0, 0x1, 0xff, 0xc2, 0x6, 0xff, 0x80, 0x0,
    0x0, 0x0, 0x3f, 0xf3, 0x0, 0xd, 0xfa, 0x0,
    0x0, 0x0, 0x2, 0xff, 0x50, 0x0, 0xef, 0x80,
    0x0, 0x0, 0x0, 0xd, 0xfc, 0x0, 0xaf, 0xf2,
    0x0, 0x0, 0x0, 0x0, 0x3f, 0xfb, 0xdf, 0xf5,
    0x0, 0x0, 0x0, 0x0, 0x0, 0x8f, 0xff, 0xd3,
    0x0, 0x0, 0x0, 0x0, 0x0, 0x9f, 0xff, 0xfb,
    0x0, 0x0, 0x9, 0xa6, 0x0, 0xbf, 0xfa, 0x7f,
    0xfc, 0x0, 0x4, 0xff, 0x50, 0x6f, 0xf9, 0x0,
    0x6f, 0xfc, 0x10, 0xaf, 0xf0, 0xb, 0xff, 0x0,
    0x0, 0x6f, 0xfd, 0x4f, 0xf8, 0x0, 0xcf, 0xe0,
    0x0, 0x0, 0x5f, 0xff, 0xfe, 0x10, 0xb, 0xff,
    0x20, 0x0, 0x0, 0x6f, 0xff, 0x50, 0x0, 0x5f,
    0xfd, 0x30, 0x2, 0x7e, 0xff, 0xfe, 0x20, 0x0,
    0x9f, 0xff, 0xff, 0xff, 0xfd, 0x6f, 0xfe, 0x20,
    0x0, 0x4a, 0xef, 0xfd, 0xa4, 0x0, 0x3f, 0xfe,
    0x30,

    /* U+0027 "'" */
    0x6f, 0xf1, 0x5f, 0xf0, 0x4f, 0xf0, 0x3f, 0xe0,
    0x1f, 0xc0, 0xf, 0xb0, 0x1, 0x10,

    /* U+0028 "(" */
    0x0, 0x0, 0xdf, 0x70, 0x0, 0x8f, 0xc0, 0x0,
    0x3f, 0xf3, 0x0, 0xa, 0xfd, 0x0, 0x1, 0xff,
    0x60, 0x0, 0x5f, 0xf1, 0x0, 0x9, 0xfd, 0x0,
    0x0, 0xcf, 0xa0, 0x0, 0xe, 0xf8, 0x0, 0x0,
    0xff, 0x70, 0x0, 0xf, 0xf6, 0x0, 0x0, 0xff,
    0x70, 0x0, 0xe, 0xf8, 0x0, 0x0, 0xcf, 0xb0,
    0x0, 0x8, 0xfe, 0x0, 0x0, 0x4f, 0xf2, 0x0,
    0x0, 0xef, 0x80, 0x0, 0x8, 0xfe, 0x0, 0x0,
    0x1e, 0xf6, 0x0, 0x0, 0x5f, 0xe1, 0x0, 0x0,
    0x7a, 0x50,

    /* U+0029 ")" */
    0x1e, 0xf5, 0x0, 0x0, 0x5f, 0xe1, 0x0, 0x0,
    0xcf, 0xa0, 0x0, 0x5, 0xff, 0x10, 0x0, 0xe,
    0xf8, 0x0, 0x0, 0xaf, 0xc0, 0x0, 0x6, 0xff,
    0x0, 0x0, 0x2f, 0xf4, 0x0, 0x1, 0xff, 0x60,
    0x0, 0xf, 0xf7, 0x0, 0x0, 0xff, 0x80, 0x0,
    0xf, 0xf7, 0x0, 0x1, 0xff, 0x50, 0x0, 0x3f,
    0xf3, 0x0, 0x7, 0xff, 0x0, 0x0, 0xbf, 0xc0,
    0x0, 0x1f, 0xf6, 0x0, 0x7, 0xfe, 0x0, 0x0,
    0xef, 0x70, 0x0, 0x8f, 0xc0, 0x0, 0xa, 0xa2,
    0x0, 0x0,

    /* U+002A "*" */
    0x0, 0x0, 0xb, 0xfc, 0x0, 0x0, 0x0, 0x0,
    0x0, 0x9f, 0xa0, 0x0, 0x0, 0x0, 0x0, 0x7,
    0xf8, 0x0, 0x0, 0x0, 0x87, 0x20, 0x5f, 0x70,
    0x26, 0xa0, 0xe, 0xff, 0xec, 0xfc, 0xdf, 0xff,
    0x0, 0xab, 0xce, 0xff, 0xfe, 0xdb, 0xa1, 0x0,
    0x0, 0x4f, 0xff, 0x50, 0x0, 0x0, 0x0, 0x1e,
    0xf5, 0xff, 0x20, 0x0, 0x0, 0xc, 0xfb, 0xa,
    0xfd, 0x0, 0x0, 0x4, 0xff, 0x40, 0x2f, 0xf7,
    0x0, 0x0, 0x2, 0x90, 0x0, 0x73, 0x0, 0x0,

    /* U+002B "+" */
    0x0, 0x0, 0x17, 0x60, 0x0, 0x0, 0x0, 0x0,
    0x2f, 0xd0, 0x0, 0x0, 0x0, 0x0, 0x2f, 0xd0,
    0x0, 0x0, 0x0, 0x0, 0x2f, 0xd0, 0x0, 0x0,
    0x0, 0x0, 0x2f, 0xd0, 0x0, 0x0, 0xce, 0xee,
    0xef, 0xfe, 0xee, 0xe7, 0xdf, 0xff, 0xff, 0xff,
    0xff, 0xf8, 0x0, 0x0, 0x2f, 0xd0, 0x0, 0x0,
    0x0, 0x0, 0x2f, 0xd0, 0x0, 0x0, 0x0, 0x0,
    0x2f, 0xd0, 0x0, 0x0, 0x0, 0x0, 0x2f, 0xd0,
    0x0, 0x0, 0x0, 0x0, 0x2f, 0xd0, 0x0, 0x0,

    /* U+002C "," */
    0x0, 0xcd, 0x90, 0x1f, 0xf8, 0x5, 0xff, 0x30,
    0x8f, 0xd0, 0xc, 0xf6, 0x0, 0xfe, 0x0,

    /* U+002D "-" */
    0x2, 0x22, 0x22, 0x21, 0xff, 0xff, 0xfd, 0x1f,
    0xff, 0xff, 0xd0,

    /* U+002E "." */
    0x3, 0x61, 0x3f, 0xfb, 0x5f, 0xfd, 0x1c, 0xf6,

    /* U+002F "/" */
    0x0, 0x0, 0x0, 0x9f, 0xd0, 0x0, 0x0, 0x0,
    0xef, 0x70, 0x0, 0x0, 0x5, 0xff, 0x10, 0x0,
    0x0, 0xb, 0xfb, 0x0, 0x0, 0x0, 0x1f, 0xf5,
    0x0, 0x0, 0x0, 0x7f, 0xe0, 0x0, 0x0, 0x0,
    0xdf, 0x90, 0x0, 0x0, 0x3, 0xff, 0x30, 0x0,
    0x0, 0x9, 0xfd, 0x0, 0x0, 0x0, 0xe, 0xf7,
    0x0, 0x0, 0x0, 0x5f, 0xf1, 0x0, 0x0, 0x0,
    0xbf, 0xb0, 0x0, 0x0, 0x1, 0xff, 0x50, 0x0,
    0x0, 0x7, 0xfe, 0x0, 0x0, 0x0, 0xd, 0xf9,
    0x0, 0x0, 0x0, 0x3f, 0xf3, 0x0, 0x0, 0x0,
    0x9f, 0xd0, 0x0, 0x0, 0x0,

    /* U+0030 "0" */
    0x0, 0x18, 0xdf, 0xec, 0x50, 0x0, 0x1, 0xdf,
    0xff, 0xff, 0xf9, 0x0, 0xb, 0xff, 0x72, 0x3a,
    0xff, 0x50, 0x2f, 0xf7, 0x0, 0x0, 0xcf, 0xd0,
    0x7f, 0xf1, 0x0, 0x0, 0x6f, 0xf2, 0xaf, 0xd0,
    0x0, 0x0, 0x2f, 0xf5, 0xcf, 0xb0, 0x0, 0x0,
    0xf, 0xf8, 0xdf, 0xa0, 0x0, 0x0, 0xf, 0xf9,
    0xef, 0xa0, 0x0, 0x0, 0xe, 0xfa, 0xef, 0xa0,
    0x0, 0x0, 0xf, 0xf9, 0xcf, 0xb0, 0x0, 0x0,
    0xf, 0xf8, 0xaf, 0xd0, 0x0, 0x0, 0x2f, 0xf6,
    0x7f, 0xf1, 0x0, 0x0, 0x6f, 0xf2, 0x2f, 0xf7,
    0x0, 0x0, 0xcf, 0xd0, 0xa, 0xff, 0x72, 0x3a,
    0xff, 0x60, 0x0, 0xdf, 0xff, 0xff, 0xf9, 0x0,
    0x0, 0x8, 0xdf, 0xfc, 0x60, 0x0,

    /* U+0031 "1" */
    0x0, 0x0, 0x1b, 0xfe, 0x0, 0x3, 0xef, 0xfe,
    0x0, 0x6f, 0xff, 0xfe, 0xa, 0xff, 0x98, 0xfe,
    0x8, 0xf6, 0x9, 0xfe, 0x0, 0x20, 0x9, 0xfe,
    0x0, 0x0, 0x9, 0xfe, 0x0, 0x0, 0x9, 0xfe,
    0x0, 0x0, 0x9, 0xfe, 0x0, 0x0, 0x9, 0xfe,
    0x0, 0x0, 0x9, 0xfe, 0x0, 0x0, 0x9, 0xfe,
    0x0, 0x0, 0x9, 0xfe, 0x0, 0x0, 0x9, 0xfe,
    0x0, 0x0, 0x9, 0xfe, 0x0, 0x0, 0x9, 0xfe,
    0x0, 0x0, 0x9, 0xfe,

    /* U+0032 "2" */
    0x0, 0x4a, 0xef, 0xfc, 0x60, 0x0, 0x2c, 0xff,
    0xff, 0xff, 0xfc, 0x0, 0x7f, 0xf9, 0x42, 0x4b,
    0xff, 0x80, 0x8, 0x20, 0x0, 0x0, 0xdf, 0xd0,
    0x0, 0x0, 0x0, 0x0, 0xaf, 0xf0, 0x0, 0x0,
    0x0, 0x0, 0xbf, 0xd0, 0x0, 0x0, 0x0, 0x0,
    0xff, 0x90, 0x0, 0x0, 0x0, 0x9, 0xff, 0x20,
    0x0, 0x0, 0x0, 0x6f, 0xf7, 0x0, 0x0, 0x0,
    0x5, 0xff, 0xa0, 0x0, 0x0, 0x0, 0x5f, 0xfa,
    0x0, 0x0, 0x0, 0x5, 0xff, 0xa0, 0x0, 0x0,
    0x0, 0x5f, 0xf9, 0x0, 0x0, 0x0, 0x5, 0xff,
    0x90, 0x0, 0x0, 0x0, 0x5f, 0xfc, 0x44, 0x44,
    0x44, 0x42, 0xef, 0xff, 0xff, 0xff, 0xff, 0xfa,
    0xef, 0xff, 0xff, 0xff, 0xff, 0xfa,

    /* U+0033 "3" */
    0x1, 0x7c, 0xef, 0xfc, 0x70, 0x0, 0x7f, 0xff,
    0xff, 0xff, 0xfd, 0x10, 0x4f, 0xc6, 0x21, 0x3a,
    0xff, 0xa0, 0x2, 0x0, 0x0, 0x0, 0xcf, 0xe0,
    0x0, 0x0, 0x0, 0x0, 0xaf, 0xd0, 0x0, 0x0,
    0x0, 0x1, 0xef, 0x90, 0x0, 0x0, 0x1, 0x4d,
    0xfd, 0x10, 0x0, 0x5f, 0xff, 0xfd, 0x70, 0x0,
    0x0, 0x5f, 0xff, 0xff, 0xd6, 0x0, 0x0, 0x1,
    0x12, 0x4a, 0xff, 0xa0, 0x0, 0x0, 0x0, 0x0,
    0x9f, 0xf3, 0x0, 0x0, 0x0, 0x0, 0x3f, 0xf7,
    0x0, 0x0, 0x0, 0x0, 0x5f, 0xf6, 0x0, 0x0,
    0x0, 0x0, 0xbf, 0xf3, 0xea, 0x52, 0x11, 0x4a,
    0xff, 0xc0, 0xff, 0xff, 0xff, 0xff, 0xfc, 0x10,
    0x49, 0xce, 0xff, 0xda, 0x50, 0x0,

    /* U+0034 "4" */
    0x0, 0x0, 0x0, 0x1, 0xef, 0xe0, 0x0, 0x0,
    0x0, 0x0, 0xa, 0xff, 0xe0, 0x0, 0x0, 0x0,
    0x0, 0x6f, 0xff, 0xe0, 0x0, 0x0, 0x0, 0x2,
    0xff, 0x9f, 0xe0, 0x0, 0x0, 0x0, 0xc, 0xf7,
    0x8f, 0xe0, 0x0, 0x0, 0x0, 0x8f, 0xc0, 0x8f,
    0xe0, 0x0, 0x0, 0x3, 0xff, 0x20, 0x9f, 0xe0,
    0x0, 0x0, 0xe, 0xf5, 0x0, 0x9f, 0xe0, 0x0,
    0x0, 0xaf, 0xa0, 0x0, 0x9f, 0xe0, 0x0, 0x5,
    0xfe, 0x0, 0x0, 0x9f, 0xe0, 0x0, 0x1f, 0xf3,
    0x0, 0x0, 0x9f, 0xe0, 0x0, 0x8f, 0xff, 0xff,
    0xff, 0xff, 0xff, 0xf4, 0x8f, 0xff, 0xff, 0xff,
    0xff, 0xff, 0xf4, 0x12, 0x22, 0x22, 0x22, 0xaf,
    0xe2, 0x20, 0x0, 0x0, 0x0, 0x0, 0x9f, 0xe0,
    0x0, 0x0, 0x0, 0x0, 0x0, 0x9f, 0xe0, 0x0,
    0x0, 0x0, 0x0, 0x0, 0x9f, 0xe0, 0x0,

    /* U+0035 "5" */
    0x9, 0xff, 0xff, 0xff, 0xff, 0x40, 0xa, 0xff,
    0xff, 0xff, 0xff, 0x40, 0xc, 0xfb, 0x33, 0x33,
    0x33, 0x0, 0xd, 0xf8, 0x0, 0x0, 0x0, 0x0,
    0xe, 0xf6, 0x0, 0x0, 0x0, 0x0, 0xf, 0xf5,
    0x0, 0x0, 0x0, 0x0, 0x1f, 0xfd, 0xef, 0xfc,
    0x70, 0x0, 0x2f, 0xff, 0xff, 0xff, 0xfd, 0x10,
    0x3, 0x53, 0x12, 0x4b, 0xff, 0xc0, 0x0, 0x0,
    0x0, 0x0, 0xbf, 0xf3, 0x0, 0x0, 0x0, 0x0,
    0x5f, 0xf6, 0x0, 0x0, 0x0, 0x0, 0x2f, 0xf6,
    0x0, 0x0, 0x0, 0x0, 0x4f, 0xf4, 0x10, 0x0,
    0x0, 0x0, 0xbf, 0xf0, 0x9c, 0x73, 0x23, 0x5d,
    0xff, 0x70, 0x9f, 0xff, 0xff, 0xff, 0xf9, 0x0,
    0x18, 0xcd, 0xff, 0xda, 0x30, 0x0,

    /* U+0036 "6" */
    0x0, 0x0, 0x4a, 0xdf, 0xfe, 0x50, 0x0, 0x1b,
    0xff, 0xff, 0xff, 0x60, 0x0, 0xcf, 0xf9, 0x31,
    0x1, 0x10, 0x8, 0xff, 0x30, 0x0, 0x0, 0x0,
    0xf, 0xf7, 0x0, 0x0, 0x0, 0x0, 0x5f, 0xf1,
    0x0, 0x0, 0x0, 0x0, 0x8f, 0xe0, 0x7d, 0xee,
    0xb3, 0x0, 0xaf, 0xbb, 0xff, 0xff, 0xff, 0x60,
    0xbf, 0xfe, 0x61, 0x4, 0xef, 0xf1, 0xcf, 0xf3,
    0x0, 0x0, 0x3f, 0xf7, 0xcf, 0xd0, 0x0, 0x0,
    0xe, 0xfa, 0xaf, 0xd0, 0x0, 0x0, 0xd, 0xfa,
    0x7f, 0xf1, 0x0, 0x0, 0xf, 0xf9, 0x2f, 0xf8,
    0x0, 0x0, 0x5f, 0xf5, 0x9, 0xff, 0x92, 0x26,
    0xff, 0xd0, 0x0, 0xbf, 0xff, 0xff, 0xfe, 0x30,
    0x0, 0x6, 0xce, 0xfd, 0x91, 0x0,

    /* U+0037 "7" */
    0x1f, 0xff, 0xff, 0xff, 0xff, 0xff, 0xa1, 0xff,
    0xff, 0xff, 0xff, 0xff, 0xfa, 0x3, 0x33, 0x33,
    0x33, 0x36, 0xff, 0x50, 0x0, 0x0, 0x0, 0x0,
    0xaf, 0xe0, 0x0, 0x0, 0x0, 0x0, 0x2f, 0xf7,
    0x0, 0x0, 0x0, 0x0, 0x9, 0xff, 0x0, 0x0,
    0x0, 0x0, 0x1, 0xff, 0x90, 0x0, 0x0, 0x0,
    0x0, 0x8f, 0xf2, 0x0, 0x0, 0x0, 0x0, 0xe,
    0xfa, 0x0, 0x0, 0x0, 0x0, 0x6, 0xff, 0x30,
    0x0, 0x0, 0x0, 0x0, 0xef, 0xc0, 0x0, 0x0,
    0x0, 0x0, 0x5f, 0xf5, 0x0, 0x0, 0x0, 0x0,
    0xd, 0xfd, 0x0, 0x0, 0x0, 0x0, 0x4, 0xff,
    0x60, 0x0, 0x0, 0x0, 0x0, 0xcf, 0xe0, 0x0,
    0x0, 0x0, 0x0, 0x3f, 0xf8, 0x0, 0x0, 0x0,
    0x0, 0xa, 0xff, 0x10, 0x0, 0x0, 0x0,

    /* U+0038 "8" */
    0x0, 0x29, 0xdf, 0xfc, 0x81, 0x0, 0x5, 0xff,
    0xff, 0xff, 0xfe, 0x20, 0x1f, 0xfd, 0x30, 0x6,
    0xff, 0xb0, 0x4f, 0xf3, 0x0, 0x0, 0x8f, 0xf0,
    0x4f, 0xf2, 0x0, 0x0, 0x7f, 0xf0, 0x1f, 0xf9,
    0x0, 0x0, 0xdf, 0xb0, 0x6, 0xff, 0xb2, 0x3d,
    0xfe, 0x10, 0x0, 0x6f, 0xff, 0xff, 0xa1, 0x0,
    0x0, 0x3d, 0xff, 0xff, 0x91, 0x0, 0x8, 0xff,
    0xa4, 0x9f, 0xfe, 0x30, 0x5f, 0xf6, 0x0, 0x2,
    0xcf, 0xe1, 0xcf, 0xc0, 0x0, 0x0, 0x1f, 0xf7,
    0xef, 0x90, 0x0, 0x0, 0xe, 0xf9, 0xcf, 0xc0,
    0x0, 0x0, 0x1f, 0xf7, 0x7f, 0xfa, 0x20, 0x3,
    0xdf, 0xf1, 0xb, 0xff, 0xff, 0xff, 0xff, 0x50,
    0x0, 0x5b, 0xef, 0xfd, 0x92, 0x0,

    /* U+0039 "9" */
    0x0, 0x2a, 0xef, 0xea, 0x40, 0x0, 0x5, 0xff,
    0xff, 0xff, 0xf8, 0x0, 0x2f, 0xfd, 0x51, 0x3b,
    0xff, 0x50, 0x8f, 0xf2, 0x0, 0x0, 0xcf, 0xe0,
    0xcf, 0xb0, 0x0, 0x0, 0x4f, 0xf3, 0xef, 0x90,
    0x0, 0x0, 0xf, 0xf6, 0xdf, 0xa0, 0x0, 0x0,
    0xf, 0xf8, 0xbf, 0xe0, 0x0, 0x0, 0x7f, 0xf9,
    0x5f, 0xfb, 0x30, 0x28, 0xff, 0xf8, 0xa, 0xff,
    0xff, 0xff, 0x8f, 0xf6, 0x0, 0x5c, 0xee, 0xb5,
    0x1f, 0xf4, 0x0, 0x0, 0x0, 0x0, 0x5f, 0xf1,
    0x0, 0x0, 0x0, 0x0, 0xbf, 0xc0, 0x0, 0x0,
    0x0, 0x6, 0xff, 0x40, 0x2, 0x10, 0x14, 0xbf,
    0xf9, 0x0, 0xb, 0xff, 0xff, 0xff, 0x90, 0x0,
    0x9, 0xff, 0xed, 0x92, 0x0, 0x0,

    /* U+003A ":" */
    0x1c, 0xf6, 0x5f, 0xfd, 0x3f, 0xfb, 0x3, 0x61,
    0x0, 0x0, 0x0, 0x0, 0x0, 0x0, 0x0, 0x0,
    0x0, 0x0, 0x3, 0x61, 0x3f, 0xfb, 0x5f, 0xfd,
    0x1c, 0xf6,

    /* U+003B ";" */
    0x1, 0xdf, 0x60, 0x6f, 0xfd, 0x3, 0xff, 0xb0,
    0x3, 0x60, 0x0, 0x0, 0x0, 0x0, 0x0, 0x0,
    0x0, 0x0, 0x0, 0x0, 0x0, 0x0, 0x0, 0x0,
    0x0, 0x1, 0xdd, 0x70, 0x4f, 0xf6, 0x7, 0xff,
    0x10, 0xaf, 0xa0, 0xe, 0xf3, 0x2, 0xfd, 0x0,

    /* U+003C "<" */
    0x0, 0x0, 0x0, 0x0, 0x0, 0x3, 0x0, 0x0,
    0x0, 0x0, 0x18, 0xf8, 0x0, 0x0, 0x0, 0x18,
    0xff, 0xf6, 0x0, 0x0, 0x18, 0xff, 0xf8, 0x10,
    0x0, 0x18, 0xff, 0xe7, 0x10, 0x0, 0x19, 0xff,
    0xd6, 0x0, 0x0, 0x0, 0xdf, 0xf6, 0x0, 0x0,
    0x0, 0x0, 0x8f, 0xff, 0xa3, 0x0, 0x0, 0x0,
    0x0, 0x7d, 0xff, 0xd6, 0x0, 0x0, 0x0, 0x0,
    0x5b, 0xff, 0xf9, 0x20, 0x0, 0x0, 0x0, 0x29,
    0xff, 0xf7, 0x0, 0x0, 0x0, 0x0, 0x17, 0xe8,
    0x0, 0x0, 0x0, 0x0, 0x0, 0x2,

    /* U+003D "=" */
    0xae, 0xee, 0xee, 0xee, 0xee, 0xe6, 0xcf, 0xff,
    0xff, 0xff, 0xff, 0xf7, 0x0, 0x0, 0x0, 0x0,
    0x0, 0x0, 0x0, 0x0, 0x0, 0x0, 0x0, 0x0,
    0x0, 0x0, 0x0, 0x0, 0x0, 0x0, 0xbf, 0xff,
    0xff, 0xff, 0xff, 0xf6, 0xcf, 0xff, 0xff, 0xff,
    0xff, 0xf7,

    /* U+003E ">" */
    0x40, 0x0, 0x0, 0x0, 0x0, 0x0, 0xdd, 0x50,
    0x0, 0x0, 0x0, 0x0, 0xaf, 0xfd, 0x60, 0x0,
    0x0, 0x0, 0x3, 0xaf, 0xfd, 0x60, 0x0, 0x0,
    0x0, 0x2, 0x9f, 0xfe, 0x60, 0x0, 0x0, 0x0,
    0x1, 0x8f, 0xfe, 0x60, 0x0, 0x0, 0x0, 0x1,
    0xaf, 0xf8, 0x0, 0x0, 0x0, 0x5c, 0xff, 0xd4,
    0x0, 0x2, 0x8e, 0xff, 0xb5, 0x0, 0x4, 0xbf,
    0xff, 0x92, 0x0, 0x0, 0xcf, 0xfe, 0x71, 0x0,
    0x0, 0x0, 0xdc, 0x50, 0x0, 0x0, 0x0, 0x0,
    0x20, 0x0, 0x0, 0x0, 0x0, 0x0,

    /* U+003F "?" */
    0x3, 0x9d, 0xff, 0xea, 0x20, 0x8, 0xff, 0xff,
    0xff, 0xff, 0x30, 0x2f, 0x95, 0x23, 0x7f, 0xfd,
    0x0, 0x0, 0x0, 0x0, 0x7f, 0xf1, 0x0, 0x0,
    0x0, 0x5, 0xff, 0x10, 0x0, 0x0, 0x0, 0xaf,
    0xd0, 0x0, 0x0, 0x0, 0x8f, 0xf4, 0x0, 0x0,
    0x0, 0xbf, 0xf6, 0x0, 0x0, 0x0, 0xcf, 0xe3,
    0x0, 0x0, 0x0, 0x5f, 0xf2, 0x0, 0x0, 0x0,
    0x8, 0xf8, 0x0, 0x0, 0x0, 0x0, 0x7c, 0x50,
    0x0, 0x0, 0x0, 0x0, 0x0, 0x0, 0x0, 0x0,
    0x0, 0x26, 0x20, 0x0, 0x0, 0x0, 0xf, 0xfe,
    0x0, 0x0, 0x0, 0x2, 0xff, 0xf1, 0x0, 0x0,
    0x0, 0xa, 0xfa, 0x0, 0x0, 0x0,

    /* U+0040 "@" */
    0x0, 0x0, 0x0, 0x49, 0xde, 0xfe, 0xc8, 0x30,
    0x0, 0x0, 0x0, 0x0, 0x4d, 0xff, 0xfc, 0xcd,
    0xff, 0xfb, 0x10, 0x0, 0x0, 0x7, 0xff, 0x93,
    0x0, 0x0, 0x5, 0xcf, 0xe2, 0x0, 0x0, 0x7f,
    0xe4, 0x0, 0x0, 0x0, 0x0, 0x8, 0xfd, 0x0,
    0x2, 0xff, 0x20, 0x4, 0xbe, 0xfe, 0xc9, 0x0,
    0xbf, 0x80, 0xa, 0xf7, 0x0, 0x7f, 0xfc, 0xbc,
    0xff, 0x0, 0x3f, 0xe0, 0x1f, 0xf0, 0x3, 0xff,
    0x40, 0x1, 0xff, 0x0, 0xd, 0xf1, 0x5f, 0xa0,
    0xa, 0xf9, 0x0, 0x1, 0xff, 0x0, 0xb, 0xf3,
    0x8f, 0x70, 0xd, 0xf4, 0x0, 0x2, 0xfe, 0x0,
    0xc, 0xf3, 0xaf, 0x50, 0xd, 0xf3, 0x0, 0x4,
    0xfd, 0x0, 0xe, 0xf1, 0xaf, 0x50, 0xb, 0xf6,
    0x0, 0x9, 0xfd, 0x0, 0x2f, 0xd0, 0x9f, 0x60,
    0x6, 0xfd, 0x30, 0x5f, 0xef, 0x31, 0xbf, 0x60,
    0x6f, 0xa0, 0x0, 0xcf, 0xff, 0xfb, 0x3f, 0xff,
    0xfa, 0x0, 0x2f, 0xf0, 0x0, 0x6, 0x99, 0x50,
    0x3, 0x99, 0x50, 0x0, 0xb, 0xf9, 0x0, 0x0,
    0x0, 0x0, 0x0, 0x0, 0x0, 0x0, 0x1, 0xef,
    0x80, 0x0, 0x0, 0x0, 0x0, 0x0, 0x0, 0x0,
    0x0, 0x4e, 0xfd, 0x62, 0x0, 0x13, 0x6b, 0xb0,
    0x0, 0x0, 0x0, 0x1, 0xaf, 0xff, 0xff, 0xff,
    0xff, 0xa0, 0x0, 0x0, 0x0, 0x0, 0x2, 0x69,
    0xbb, 0xb9, 0x62, 0x0, 0x0, 0x0,

    /* U+0041 "A" */
    0x0, 0x0, 0x0, 0xbf, 0xf6, 0x0, 0x0, 0x0,
    0x0, 0x0, 0x1, 0xff, 0xfc, 0x0, 0x0, 0x0,
    0x0, 0x0, 0x7, 0xfe, 0xff, 0x20, 0x0, 0x0,
    0x0, 0x0, 0xd, 0xf8, 0xdf, 0x80, 0x0, 0x0,
    0x0, 0x0, 0x3f, 0xf3, 0x8f, 0xe0, 0x0, 0x0,
    0x0, 0x0, 0x9f, 0xe0, 0x3f, 0xf4, 0x0, 0x0,
    0x0, 0x0, 0xff, 0x90, 0xd, 0xfa, 0x0, 0x0,
    0x0, 0x5, 0xff, 0x30, 0x8, 0xff, 0x10, 0x0,
    0x0, 0xc, 0xfd, 0x0, 0x2, 0xff, 0x70, 0x0,
    0x0, 0x2f, 0xf7, 0x0, 0x0, 0xcf, 0xd0, 0x0,
    0x0, 0x8f, 0xff, 0xff, 0xff, 0xff, 0xf3, 0x0,
    0x0, 0xef, 0xff, 0xff, 0xff, 0xff, 0xf9, 0x0,
    0x4, 0xff, 0x83, 0x33, 0x33, 0x3c, 0xff, 0x0,
    0xa, 0xff, 0x10, 0x0, 0x0, 0x6, 0xff, 0x50,
    0x1f, 0xfa, 0x0, 0x0, 0x0, 0x0, 0xff, 0xb0,
    0x6f, 0xf4, 0x0, 0x0, 0x0, 0x0, 0xaf, 0xf2,
    0xcf, 0xe0, 0x0, 0x0, 0x0, 0x0, 0x3f, 0xf8,

    /* U+0042 "B" */
    0xcf, 0xff, 0xff, 0xfd, 0xa5, 0x0, 0xc, 0xff,
    0xff, 0xff, 0xff, 0xfc, 0x10, 0xcf, 0xd1, 0x11,
    0x25, 0xdf, 0xf8, 0xc, 0xfd, 0x0, 0x0, 0x1,
    0xff, 0xd0, 0xcf, 0xd0, 0x0, 0x0, 0xd, 0xfd,
    0xc, 0xfd, 0x0, 0x0, 0x1, 0xff, 0xa0, 0xcf,
    0xd0, 0x0, 0x3, 0xbf, 0xe2, 0xc, 0xff, 0xff,
    0xff, 0xff, 0x91, 0x0, 0xcf, 0xff, 0xff, 0xff,
    0xfd, 0x60, 0xc, 0xfd, 0x0, 0x1, 0x39, 0xff,
    0x90, 0xcf, 0xd0, 0x0, 0x0, 0xb, 0xff, 0x2c,
    0xfd, 0x0, 0x0, 0x0, 0x6f, 0xf6, 0xcf, 0xd0,
    0x0, 0x0, 0x6, 0xff, 0x6c, 0xfd, 0x0, 0x0,
    0x0, 0xcf, 0xf3, 0xcf, 0xd1, 0x11, 0x24, 0xbf,
    0xfd, 0xc, 0xff, 0xff, 0xff, 0xff, 0xfd, 0x20,
    0xcf, 0xff, 0xff, 0xfe, 0xc7, 0x0, 0x0,

    /* U+0043 "C" */
    0x0, 0x0, 0x18, 0xce, 0xff, 0xda, 0x50, 0x0,
    0x6, 0xff, 0xff, 0xff, 0xff, 0xf4, 0x0, 0x7f,
    0xff, 0x95, 0x34, 0x7c, 0xc0, 0x3, 0xff, 0xe2,
    0x0, 0x0, 0x0, 0x0, 0xc, 0xff, 0x30, 0x0,
    0x0, 0x0, 0x0, 0x1f, 0xfa, 0x0, 0x0, 0x0,
    0x0, 0x0, 0x5f, 0xf6, 0x0, 0x0, 0x0, 0x0,
    0x0, 0x7f, 0xf3, 0x0, 0x0, 0x0, 0x0, 0x0,
    0x8f, 0xf2, 0x0, 0x0, 0x0, 0x0, 0x0, 0x7f,
    0xf3, 0x0, 0x0, 0x0, 0x0, 0x0, 0x6f, 0xf5,
    0x0, 0x0, 0x0, 0x0, 0x0, 0x2f, 0xfa, 0x0,
    0x0, 0x0, 0x0, 0x0, 0xd, 0xff, 0x20, 0x0,
    0x0, 0x0, 0x0, 0x6, 0xff, 0xd1, 0x0, 0x0,
    0x0, 0x0, 0x0, 0xbf, 0xff, 0x84, 0x34, 0x69,
    0xa0, 0x0, 0x9, 0xff, 0xff, 0xff, 0xff, 0xd0,
    0x0, 0x0, 0x39, 0xdf, 0xff, 0xda, 0x50,

    /* U+0044 "D" */
    0xcf, 0xff, 0xff, 0xed, 0x94, 0x0, 0x0, 0xc,
    0xff, 0xff, 0xff, 0xff, 0xfc, 0x20, 0x0, 0xcf,
    0xd2, 0x22, 0x36, 0xcf, 0xff, 0x20, 0xc, 0xfd,
    0x0, 0x0, 0x0, 0x6f, 0xfd, 0x0, 0xcf, 0xd0,
    0x0, 0x0, 0x0, 0x8f, 0xf6, 0xc, 0xfd, 0x0,
    0x0, 0x0, 0x1, 0xff, 0xc0, 0xcf, 0xd0, 0x0,
    0x0, 0x0, 0xc, 0xff, 0xc, 0xfd, 0x0, 0x0,
    0x0, 0x0, 0xaf, 0xf1, 0xcf, 0xd0, 0x0, 0x0,
    0x0, 0xa, 0xff, 0x1c, 0xfd, 0x0, 0x0, 0x0,
    0x0, 0xaf, 0xf0, 0xcf, 0xd0, 0x0, 0x0, 0x0,
    0xd, 0xfe, 0xc, 0xfd, 0x0, 0x0, 0x0, 0x2,
    0xff, 0xa0, 0xcf, 0xd0, 0x0, 0x0, 0x0, 0xaf,
    0xf5, 0xc, 0xfd, 0x0, 0x0, 0x0, 0x9f, 0xfc,
    0x0, 0xcf, 0xd2, 0x23, 0x48, 0xef, 0xfe, 0x10,
    0xc, 0xff, 0xff, 0xff, 0xff, 0xfb, 0x10, 0x0,
    0xcf, 0xff, 0xff, 0xec, 0x82, 0x0, 0x0, 0x0,

    /* U+0045 "E" */
    0xbf, 0xff, 0xff, 0xff, 0xfe, 0xbf, 0xff, 0xff,
    0xff, 0xfe, 0xbf, 0xe2, 0x22, 0x22, 0x22, 0xbf,
    0xe0, 0x0, 0x0, 0x0, 0xbf, 0xe0, 0x0, 0x0,
    0x0, 0xbf, 0xe0, 0x0, 0x0, 0x0, 0xbf, 0xe0,
    0x0, 0x0, 0x0, 0xbf, 0xff, 0xff, 0xff, 0xf8,
    0xbf, 0xff, 0xff, 0xff, 0xf8, 0xbf, 0xe2, 0x22,
    0x22, 0x21, 0xbf, 0xe0, 0x0, 0x0, 0x0, 0xbf,
    0xe0, 0x0, 0x0, 0x0, 0xbf, 0xe0, 0x0, 0x0,
    0x0, 0xbf, 0xe0, 0x0, 0x0, 0x0, 0xbf, 0xe3,
    0x33, 0x33, 0x32, 0xbf, 0xff, 0xff, 0xff, 0xfe,
    0xbf, 0xff, 0xff, 0xff, 0xfe,

    /* U+0046 "F" */
    0xbf, 0xff, 0xff, 0xff, 0xfe, 0xbf, 0xff, 0xff,
    0xff, 0xfe, 0xbf, 0xd2, 0x22, 0x22, 0x22, 0xbf,
    0xd0, 0x0, 0x0, 0x0, 0xbf, 0xd0, 0x0, 0x0,
    0x0, 0xbf, 0xd0, 0x0, 0x0, 0x0, 0xbf, 0xd0,
    0x0, 0x0, 0x0, 0xbf, 0xd3, 0x33, 0x33, 0x31,
    0xbf, 0xff, 0xff, 0xff, 0xf7, 0xbf, 0xff, 0xff,
    0xff, 0xf7, 0xbf, 0xd0, 0x0, 0x0, 0x0, 0xbf,
    0xd0, 0x0, 0x0, 0x0, 0xbf, 0xd0, 0x0, 0x0,
    0x0, 0xbf, 0xd0, 0x0, 0x0, 0x0, 0xbf, 0xd0,
    0x0, 0x0, 0x0, 0xbf, 0xd0, 0x0, 0x0, 0x0,
    0xbf, 0xd0, 0x0, 0x0, 0x0,

    /* U+0047 "G" */
    0x0, 0x0, 0x5, 0xad, 0xff, 0xfd, 0x94, 0x0,
    0x0, 0x3e, 0xff, 0xff, 0xff, 0xff, 0xf3, 0x0,
    0x5f, 0xff, 0xb6, 0x43, 0x47, 0xcc, 0x0, 0x2f,
    0xff, 0x40, 0x0, 0x0, 0x0, 0x0, 0xb, 0xff,
    0x40, 0x0, 0x0, 0x0, 0x0, 0x2, 0xff, 0xb0,
    0x0, 0x0, 0x0, 0x0, 0x0, 0x5f, 0xf6, 0x0,
    0x0, 0x0, 0x0, 0x0, 0x8, 0xff, 0x30, 0x0,
    0x1, 0x33, 0x33, 0x32, 0x8f, 0xf2, 0x0, 0x0,
    0x9f, 0xff, 0xff, 0xa7, 0xff, 0x30, 0x0, 0x9,
    0xff, 0xff, 0xfa, 0x6f, 0xf5, 0x0, 0x0, 0x0,
    0x0, 0xff, 0xa2, 0xff, 0xa0, 0x0, 0x0, 0x0,
    0xf, 0xfa, 0xd, 0xff, 0x20, 0x0, 0x0, 0x0,
    0xff, 0xa0, 0x5f, 0xfd, 0x20, 0x0, 0x0, 0xf,
    0xfa, 0x0, 0xaf, 0xff, 0x95, 0x32, 0x36, 0xff,
    0xa0, 0x0, 0x8f, 0xff, 0xff, 0xff, 0xff, 0xfa,
    0x0, 0x0, 0x28, 0xce, 0xff, 0xed, 0x96, 0x10,

    /* U+0048 "H" */
    0xbf, 0xe0, 0x0, 0x0, 0x0, 0xf, 0xfa, 0xbf,
    0xe0, 0x0, 0x0, 0x0, 0xf, 0xfa, 0xbf, 0xe0,
    0x0, 0x0, 0x0, 0xf, 0xfa, 0xbf, 0xe0, 0x0,
    0x0, 0x0, 0xf, 0xfa, 0xbf, 0xe0, 0x0, 0x0,
    0x0, 0xf, 0xfa, 0xbf, 0xe0, 0x0, 0x0, 0x0,
    0xf, 0xfa, 0xbf, 0xe0, 0x0, 0x0, 0x0, 0xf,
    0xfa, 0xbf, 0xff, 0xff, 0xff, 0xff, 0xff, 0xfa,
    0xbf, 0xff, 0xff, 0xff, 0xff, 0xff, 0xfa, 0xbf,
    0xe3, 0x33, 0x33, 0x33, 0x3f, 0xfa, 0xbf, 0xe0,
    0x0, 0x0, 0x0, 0xf, 0xfa, 0xbf, 0xe0, 0x0,
    0x0, 0x0, 0xf, 0xfa, 0xbf, 0xe0, 0x0, 0x0,
    0x0, 0xf, 0xfa, 0xbf, 0xe0, 0x0, 0x0, 0x0,
    0xf, 0xfa, 0xbf, 0xe0, 0x0, 0x0, 0x0, 0xf,
    0xfa, 0xbf, 0xe0, 0x0, 0x0, 0x0, 0xf, 0xfa,
    0xbf, 0xe0, 0x0, 0x0, 0x0, 0xf, 0xfa,

    /* U+0049 "I" */
    0x1f, 0xff, 0xff, 0xf9, 0xa, 0xef, 0xff, 0xc5,
    0x0, 0xf, 0xf8, 0x0, 0x0, 0xf, 0xf8, 0x0,
    0x0, 0xf, 0xf8, 0x0, 0x0, 0xf, 0xf8, 0x0,
    0x0, 0xf, 0xf8, 0x0, 0x0, 0xf, 0xf8, 0x0,
    0x0, 0xf, 0xf8, 0x0, 0x0, 0xf, 0xf8, 0x0,
    0x0, 0xf, 0xf8, 0x0, 0x0, 0xf, 0xf8, 0x0,
    0x0, 0xf, 0xf8, 0x0, 0x0, 0xf, 0xf8, 0x0,
    0x0, 0xf, 0xf8, 0x0, 0xa, 0xef, 0xff, 0xc4,
    0x1f, 0xff, 0xff, 0xf9,

    /* U+004A "J" */
    0x0, 0x0, 0xdf, 0xc0, 0x0, 0xd, 0xfc, 0x0,
    0x0, 0xdf, 0xc0, 0x0, 0xd, 0xfc, 0x0, 0x0,
    0xdf, 0xc0, 0x0, 0xd, 0xfc, 0x0, 0x0, 0xdf,
    0xc0, 0x0, 0xd, 0xfc, 0x0, 0x0, 0xdf, 0xc0,
    0x0, 0xd, 0xfc, 0x0, 0x0, 0xdf, 0xc0, 0x0,
    0xd, 0xfc, 0x0, 0x0, 0xdf, 0xc0, 0x0, 0xd,
    0xfc, 0x0, 0x0, 0xdf, 0xc0, 0x0, 0xd, 0xfc,
    0x0, 0x0, 0xdf, 0xc0, 0x0, 0xf, 0xfa, 0x10,
    0x1a, 0xff, 0x6d, 0xff, 0xff, 0xd0, 0xdf, 0xff,
    0xa1, 0x0, 0x22, 0x0, 0x0,

    /* U+004B "K" */
    0xbf, 0xe0, 0x0, 0x0, 0x6, 0xff, 0x80, 0xbf,
    0xe0, 0x0, 0x0, 0x5f, 0xfa, 0x0, 0xbf, 0xe0,
    0x0, 0x3, 0xff, 0xb0, 0x0, 0xbf, 0xe0, 0x0,
    0x2e, 0xfd, 0x0, 0x0, 0xbf, 0xe0, 0x1, 0xdf,
    0xe1, 0x0, 0x0, 0xbf, 0xe0, 0xb, 0xff, 0x20,
    0x0, 0x0, 0xbf, 0xe0, 0xaf, 0xf4, 0x0, 0x0,
    0x0, 0xbf, 0xe8, 0xff, 0x90, 0x0, 0x0, 0x0,
    0xbf, 0xff, 0xff, 0xf3, 0x0, 0x0, 0x0, 0xbf,
    0xfe, 0x7f, 0xfd, 0x0, 0x0, 0x0, 0xbf, 0xe1,
    0x8, 0xff, 0x90, 0x0, 0x0, 0xbf, 0xe0, 0x0,
    0xcf, 0xf4, 0x0, 0x0, 0xbf, 0xe0, 0x0, 0x1f,
    0xfe, 0x10, 0x0, 0xbf, 0xe0, 0x0, 0x5, 0xff,
    0xb0, 0x0, 0xbf, 0xe0, 0x0, 0x0, 0xaf, 0xf6,
    0x0, 0xbf, 0xe0, 0x0, 0x0, 0xd, 0xff, 0x20,
    0xbf, 0xe0, 0x0, 0x0, 0x3, 0xff, 0xc0,

    /* U+004C "L" */
    0xcf, 0xd0, 0x0, 0x0, 0x0, 0xc, 0xfd, 0x0,
    0x0, 0x0, 0x0, 0xcf, 0xd0, 0x0, 0x0, 0x0,
    0xc, 0xfd, 0x0, 0x0, 0x0, 0x0, 0xcf, 0xd0,
    0x0, 0x0, 0x0, 0xc, 0xfd, 0x0, 0x0, 0x0,
    0x0, 0xcf, 0xd0, 0x0, 0x0, 0x0, 0xc, 0xfd,
    0x0, 0x0, 0x0, 0x0, 0xcf, 0xd0, 0x0, 0x0,
    0x0, 0xc, 0xfd, 0x0, 0x0, 0x0, 0x0, 0xcf,
    0xd0, 0x0, 0x0, 0x0, 0xc, 0xfd, 0x0, 0x0,
    0x0, 0x0, 0xcf, 0xd0, 0x0, 0x0, 0x0, 0xc,
    0xfd, 0x0, 0x0, 0x0, 0x0, 0xcf, 0xe3, 0x33,
    0x33, 0x33, 0xc, 0xff, 0xff, 0xff, 0xff, 0xf2,
    0xcf, 0xff, 0xff, 0xff, 0xff, 0x20,

    /* U+004D "M" */
    0xbf, 0xff, 0x20, 0x0, 0x0, 0x0, 0x2, 0xff,
    0xfc, 0xbf, 0xff, 0x80, 0x0, 0x0, 0x0, 0x7,
    0xff, 0xfc, 0xbf, 0xef, 0xd0, 0x0, 0x0, 0x0,
    0xd, 0xfe, 0xfc, 0xbf, 0x9f, 0xf3, 0x0, 0x0,
    0x0, 0x3f, 0xea, 0xfc, 0xbf, 0x8b, 0xf9, 0x0,
    0x0, 0x0, 0x9f, 0x9b, 0xfc, 0xbf, 0x96, 0xfe,
    0x0, 0x0, 0x0, 0xff, 0x3b, 0xfc, 0xbf, 0x90,
    0xff, 0x50, 0x0, 0x5, 0xfd, 0xc, 0xfc, 0xbf,
    0x90, 0xaf, 0xa0, 0x0, 0xb, 0xf7, 0xc, 0xfc,
    0xbf, 0xa0, 0x4f, 0xf1, 0x0, 0x1f, 0xf1, 0xc,
    0xfc, 0xbf, 0xa0, 0xe, 0xf6, 0x0, 0x7f, 0xb0,
    0xc, 0xfc, 0xbf, 0xa0, 0x9, 0xfc, 0x0, 0xdf,
    0x50, 0xc, 0xfc, 0xbf, 0xa0, 0x3, 0xff, 0x13,
    0xff, 0x0, 0xc, 0xfc, 0xbf, 0xa0, 0x0, 0xdf,
    0x79, 0xfa, 0x0, 0xc, 0xfc, 0xbf, 0xa0, 0x0,
    0x8f, 0xde, 0xf4, 0x0, 0xc, 0xfc, 0xbf, 0xa0,
    0x0, 0x2f, 0xff, 0xe0, 0x0, 0xc, 0xfc, 0xbf,
    0xa0, 0x0, 0xc, 0xff, 0x80, 0x0, 0xc, 0xfc,
    0xbf, 0xa0, 0x0, 0x6, 0xff, 0x20, 0x0, 0xc,
    0xfc,

    /* U+004E "N" */
    0xbf, 0xfb, 0x0, 0x0, 0x0, 0x1, 0xff, 0x5b,
    0xff, 0xf5, 0x0, 0x0, 0x0, 0x1f, 0xf5, 0xbf,
    0xff, 0xe1, 0x0, 0x0, 0x1, 0xff, 0x5b, 0xfc,
    0xff, 0xa0, 0x0, 0x0, 0x1f, 0xf5, 0xbf, 0x7b,
    0xff, 0x40, 0x0, 0x1, 0xff, 0x5b, 0xf8, 0x1f,
    0xfd, 0x0, 0x0, 0x1f, 0xf5, 0xbf, 0x90, 0x6f,
    0xf8, 0x0, 0x1, 0xff, 0x5b, 0xf9, 0x0, 0xcf,
    0xf3, 0x0, 0x1f, 0xf5, 0xbf, 0xa0, 0x2, 0xff,
    0xc0, 0x1, 0xff, 0x5b, 0xfa, 0x0, 0x8, 0xff,
    0x70, 0xf, 0xf5, 0xbf, 0xa0, 0x0, 0xd, 0xff,
    0x10, 0xff, 0x5b, 0xfa, 0x0, 0x0, 0x4f, 0xfb,
    0xf, 0xf5, 0xbf, 0xa0, 0x0, 0x0, 0xaf, 0xf5,
    0xff, 0x5b, 0xfa, 0x0, 0x0, 0x1, 0xef, 0xef,
    0xf5, 0xbf, 0xa0, 0x0, 0x0, 0x6, 0xff, 0xff,
    0x5b, 0xfa, 0x0, 0x0, 0x0, 0xb, 0xff, 0xf5,
    0xbf, 0xa0, 0x0, 0x0, 0x0, 0x2f, 0xff, 0x50,

    /* U+004F "O" */
    0x0, 0x0, 0x39, 0xdf, 0xff, 0xc8, 0x10, 0x0,
    0x0, 0x0, 0x9f, 0xff, 0xff, 0xff, 0xff, 0x60,
    0x0, 0x0, 0xaf, 0xfe, 0x74, 0x34, 0x8f, 0xff,
    0x70, 0x0, 0x5f, 0xfc, 0x0, 0x0, 0x0, 0x1d,
    0xff, 0x20, 0xd, 0xff, 0x10, 0x0, 0x0, 0x0,
    0x3f, 0xfa, 0x2, 0xff, 0x90, 0x0, 0x0, 0x0,
    0x0, 0xcf, 0xf0, 0x6f, 0xf5, 0x0, 0x0, 0x0,
    0x0, 0x8, 0xff, 0x37, 0xff, 0x30, 0x0, 0x0,
    0x0, 0x0, 0x6f, 0xf5, 0x8f, 0xf2, 0x0, 0x0,
    0x0, 0x0, 0x5, 0xff, 0x67, 0xff, 0x30, 0x0,
    0x0, 0x0, 0x0, 0x6f, 0xf4, 0x6f, 0xf5, 0x0,
    0x0, 0x0, 0x0, 0x8, 0xff, 0x32, 0xff, 0xa0,
    0x0, 0x0, 0x0, 0x0, 0xdf, 0xf0, 0xd, 0xff,
    0x10, 0x0, 0x0, 0x0, 0x4f, 0xfa, 0x0, 0x5f,
    0xfc, 0x0, 0x0, 0x0, 0x2e, 0xff, 0x20, 0x0,
    0xaf, 0xfe, 0x74, 0x34, 0x8f, 0xff, 0x70, 0x0,
    0x0, 0x9f, 0xff, 0xff, 0xff, 0xff, 0x60, 0x0,
    0x0, 0x0, 0x39, 0xdf, 0xff, 0xc8, 0x10, 0x0,
    0x0,

    /* U+0050 "P" */
    0xcf, 0xff, 0xff, 0xec, 0x71, 0x0, 0xcf, 0xff,
    0xff, 0xff, 0xfe, 0x30, 0xcf, 0xd2, 0x23, 0x5b,
    0xff, 0xd0, 0xcf, 0xd0, 0x0, 0x0, 0xaf, 0xf4,
    0xcf, 0xd0, 0x0, 0x0, 0x4f, 0xf6, 0xcf, 0xd0,
    0x0, 0x0, 0x4f, 0xf6, 0xcf, 0xd0, 0x0, 0x0,
    0x9f, 0xf3, 0xcf, 0xd0, 0x0, 0x39, 0xff, 0xc0,
    0xcf, 0xff, 0xff, 0xff, 0xfd, 0x10, 0xcf, 0xff,
    0xff, 0xfd, 0x70, 0x0, 0xcf, 0xd2, 0x22, 0x0,
    0x0, 0x0, 0xcf, 0xd0, 0x0, 0x0, 0x0, 0x0,
    0xcf, 0xd0, 0x0, 0x0, 0x0, 0x0, 0xcf, 0xd0,
    0x0, 0x0, 0x0, 0x0, 0xcf, 0xd0, 0x0, 0x0,
    0x0, 0x0, 0xcf, 0xd0, 0x0, 0x0, 0x0, 0x0,
    0xcf, 0xd0, 0x0, 0x0, 0x0, 0x0,

    /* U+0051 "Q" */
    0x0, 0x0, 0x39, 0xdf, 0xff, 0xc8, 0x10, 0x0,
    0x0, 0x0, 0x9f, 0xff, 0xff, 0xff, 0xff, 0x60,
    0x0, 0x0, 0xaf, 0xfe, 0x74, 0x34, 0x8f, 0xff,
    0x70, 0x0, 0x5f, 0xfc, 0x0, 0x0, 0x0, 0x1d,
    0xff, 0x20, 0xd, 0xff, 0x10, 0x0, 0x0, 0x0,
    0x3f, 0xfa, 0x2, 0xff, 0x90, 0x0, 0x0, 0x0,
    0x0, 0xcf, 0xf0, 0x6f, 0xf5, 0x0, 0x0, 0x0,
    0x0, 0x8, 0xff, 0x37, 0xff, 0x30, 0x0, 0x0,
    0x0, 0x0, 0x6f, 0xf5, 0x8f, 0xf2, 0x0, 0x0,
    0x0, 0x0, 0x5, 0xff, 0x67, 0xff, 0x30, 0x0,
    0x0, 0x0, 0x0, 0x6f, 0xf5, 0x6f, 0xf5, 0x0,
    0x0, 0x0, 0x0, 0x8, 0xff, 0x32, 0xff, 0xa0,
    0x0, 0x0, 0x0, 0x0, 0xdf, 0xf0, 0xd, 0xff,
    0x10, 0x0, 0x0, 0x0, 0x4f, 0xfa, 0x0, 0x5f,
    0xfc, 0x0, 0x0, 0x0, 0x2e, 0xff, 0x30, 0x0,
    0xaf, 0xfe, 0x74, 0x34, 0x8f, 0xff, 0x70, 0x0,
    0x0, 0x9f, 0xff, 0xff, 0xff, 0xff, 0x70, 0x0,
    0x0, 0x0, 0x39, 0xdf, 0xff, 0xfe, 0x10, 0x0,
    0x0, 0x0, 0x0, 0x0, 0x0, 0xaf, 0xf8, 0x0,
    0x0, 0x0, 0x0, 0x0, 0x0, 0x0, 0xcf, 0xf7,
    0x0, 0x0, 0x0, 0x0, 0x0, 0x0, 0x1, 0xef,
    0xf6, 0x0, 0x0, 0x0, 0x0, 0x0, 0x0, 0x4,
    0xff, 0xf4, 0x0,

    /* U+0052 "R" */
    0xcf, 0xff, 0xff, 0xec, 0x81, 0x0, 0xc, 0xff,
    0xff, 0xff, 0xff, 0xf4, 0x0, 0xcf, 0xd2, 0x22,
    0x49, 0xff, 0xe0, 0xc, 0xfd, 0x0, 0x0, 0x9,
    0xff, 0x50, 0xcf, 0xd0, 0x0, 0x0, 0x4f, 0xf7,
    0xc, 0xfd, 0x0, 0x0, 0x4, 0xff, 0x70, 0xcf,
    0xd0, 0x0, 0x0, 0x9f, 0xf3, 0xc, 0xfd, 0x0,
    0x2, 0x8f, 0xfb, 0x0, 0xcf, 0xff, 0xff, 0xff,
    0xfa, 0x0, 0xc, 0xff, 0xff, 0xff, 0xf6, 0x0,
    0x0, 0xcf, 0xd1, 0x11, 0xef, 0xd0, 0x0, 0xc,
    0xfd, 0x0, 0x5, 0xff, 0x70, 0x0, 0xcf, 0xd0,
    0x0, 0xb, 0xff, 0x20, 0xc, 0xfd, 0x0, 0x0,
    0x2f, 0xfb, 0x0, 0xcf, 0xd0, 0x0, 0x0, 0x9f,
    0xf5, 0xc, 0xfd, 0x0, 0x0, 0x1, 0xef, 0xe1,
    0xcf, 0xd0, 0x0, 0x0, 0x6, 0xff, 0x90,

    /* U+0053 "S" */
    0x0, 0x39, 0xdf, 0xfe, 0xb6, 0x10, 0x6, 0xff,
    0xff, 0xff, 0xff, 0x90, 0x2f, 0xfe, 0x74, 0x46,
    0x9e, 0x30, 0x8f, 0xf3, 0x0, 0x0, 0x0, 0x0,
    0x9f, 0xf0, 0x0, 0x0, 0x0, 0x0, 0x7f, 0xf4,
    0x0, 0x0, 0x0, 0x0, 0x1f, 0xff, 0x60, 0x0,
    0x0, 0x0, 0x5, 0xff, 0xfe, 0x81, 0x0, 0x0,
    0x0, 0x2b, 0xff, 0xff, 0x91, 0x0, 0x0, 0x0,
    0x29, 0xff, 0xfe, 0x20, 0x0, 0x0, 0x0, 0x19,
    0xff, 0xb0, 0x0, 0x0, 0x0, 0x0, 0xbf, 0xf0,
    0x0, 0x0, 0x0, 0x0, 0x8f, 0xf1, 0x10, 0x0,
    0x0, 0x0, 0xcf, 0xf0, 0xcc, 0x84, 0x33, 0x5c,
    0xff, 0x80, 0xcf, 0xff, 0xff, 0xff, 0xfa, 0x0,
    0x39, 0xce, 0xff, 0xea, 0x40, 0x0,

    /* U+0054 "T" */
    0xbf, 0xff, 0xff, 0xff, 0xff, 0xff, 0xf2, 0xbf,
    0xff, 0xff, 0xff, 0xff, 0xff, 0xf2, 0x23, 0x33,
    0x3a, 0xff, 0x33, 0x33, 0x30, 0x0, 0x0, 0x8,
    0xff, 0x0, 0x0, 0x0, 0x0, 0x0, 0x8, 0xff,
    0x0, 0x0, 0x0, 0x0, 0x0, 0x8, 0xff, 0x0,
    0x0, 0x0, 0x0, 0x0, 0x8, 0xff, 0x0, 0x0,
    0x0, 0x0, 0x0, 0x8, 0xff, 0x0, 0x0, 0x0,
    0x0, 0x0, 0x8, 0xff, 0x0, 0x0, 0x0, 0x0,
    0x0, 0x8, 0xff, 0x0, 0x0, 0x0, 0x0, 0x0,
    0x8, 0xff, 0x0, 0x0, 0x0, 0x0, 0x0, 0x8,
    0xff, 0x0, 0x0, 0x0, 0x0, 0x0, 0x8, 0xff,
    0x0, 0x0, 0x0, 0x0, 0x0, 0x8, 0xff, 0x0,
    0x0, 0x0, 0x0, 0x0, 0x8, 0xff, 0x0, 0x0,
    0x0, 0x0, 0x0, 0x8, 0xff, 0x0, 0x0, 0x0,
    0x0, 0x0, 0x8, 0xff, 0x0, 0x0, 0x0,

    /* U+0055 "U" */
    0xdf, 0xb0, 0x0, 0x0, 0x0, 0xf, 0xf9, 0xdf,
    0xb0, 0x0, 0x0, 0x0, 0xf, 0xf9, 0xdf, 0xb0,
    0x0, 0x0, 0x0, 0xf, 0xf9, 0xdf, 0xb0, 0x0,
    0x0, 0x0, 0xf, 0xf9, 0xdf, 0xb0, 0x0, 0x0,
    0x0, 0xf, 0xf9, 0xdf, 0xb0, 0x0, 0x0, 0x0,
    0xf, 0xf9, 0xdf, 0xb0, 0x0, 0x0, 0x0, 0xf,
    0xf9, 0xdf, 0xb0, 0x0, 0x0, 0x0, 0xf, 0xf9,
    0xdf, 0xb0, 0x0, 0x0, 0x0, 0xf, 0xf9, 0xdf,
    0xb0, 0x0, 0x0, 0x0, 0xf, 0xf9, 0xdf, 0xb0,
    0x0, 0x0, 0x0, 0xf, 0xf9, 0xcf, 0xc0, 0x0,
    0x0, 0x0, 0x1f, 0xf8, 0xaf, 0xf0, 0x0, 0x0,
    0x0, 0x5f, 0xf5, 0x5f, 0xf9, 0x0, 0x0, 0x0,
    0xdf, 0xf0, 0xc, 0xff, 0xb5, 0x33, 0x6d, 0xff,
    0x70, 0x1, 0xcf, 0xff, 0xff, 0xff, 0xf8, 0x0,
    0x0, 0x6, 0xbe, 0xfe, 0xd9, 0x30, 0x0,

    /* U+0056 "V" */
    0xdf, 0xd0, 0x0, 0x0, 0x0, 0x1, 0xff, 0x97,
    0xff, 0x20, 0x0, 0x0, 0x0, 0x7f, 0xf3, 0x1f,
    0xf8, 0x0, 0x0, 0x0, 0xc, 0xfd, 0x0, 0xcf,
    0xd0, 0x0, 0x0, 0x2, 0xff, 0x80, 0x6, 0xff,
    0x30, 0x0, 0x0, 0x7f, 0xf2, 0x0, 0x1f, 0xf8,
    0x0, 0x0, 0xd, 0xfc, 0x0, 0x0, 0xbf, 0xe0,
    0x0, 0x2, 0xff, 0x70, 0x0, 0x5, 0xff, 0x30,
    0x0, 0x8f, 0xf1, 0x0, 0x0, 0xf, 0xf9, 0x0,
    0xd, 0xfb, 0x0, 0x0, 0x0, 0xaf, 0xe0, 0x3,
    0xff, 0x60, 0x0, 0x0, 0x4, 0xff, 0x40, 0x8f,
    0xf0, 0x0, 0x0, 0x0, 0xe, 0xf9, 0xd, 0xfa,
    0x0, 0x0, 0x0, 0x0, 0x9f, 0xe2, 0xff, 0x50,
    0x0, 0x0, 0x0, 0x3, 0xff, 0x9f, 0xe0, 0x0,
    0x0, 0x0, 0x0, 0xd, 0xff, 0xf9, 0x0, 0x0,
    0x0, 0x0, 0x0, 0x8f, 0xff, 0x40, 0x0, 0x0,
    0x0, 0x0, 0x2, 0xff, 0xe0, 0x0, 0x0, 0x0,

    /* U+0057 "W" */
    0xaf, 0xf0, 0x0, 0x0, 0x3, 0xff, 0xa0, 0x0,
    0x0, 0x6, 0xff, 0x36, 0xff, 0x30, 0x0, 0x0,
    0x7f, 0xff, 0x0, 0x0, 0x0, 0xaf, 0xf0, 0x2f,
    0xf7, 0x0, 0x0, 0xc, 0xff, 0xf4, 0x0, 0x0,
    0xe, 0xfb, 0x0, 0xef, 0xb0, 0x0, 0x1, 0xff,
    0xdf, 0x80, 0x0, 0x2, 0xff, 0x70, 0x9, 0xff,
    0x0, 0x0, 0x5f, 0xe7, 0xfd, 0x0, 0x0, 0x6f,
    0xf2, 0x0, 0x5f, 0xf3, 0x0, 0xa, 0xfa, 0x3f,
    0xf2, 0x0, 0xa, 0xfe, 0x0, 0x1, 0xff, 0x70,
    0x0, 0xef, 0x60, 0xef, 0x60, 0x0, 0xef, 0xa0,
    0x0, 0xd, 0xfb, 0x0, 0x3f, 0xf2, 0xa, 0xfb,
    0x0, 0x2f, 0xf6, 0x0, 0x0, 0x9f, 0xf0, 0x7,
    0xfd, 0x0, 0x5f, 0xf0, 0x6, 0xff, 0x10, 0x0,
    0x4, 0xff, 0x30, 0xcf, 0x90, 0x1, 0xff, 0x40,
    0xaf, 0xd0, 0x0, 0x0, 0xf, 0xf7, 0xf, 0xf4,
    0x0, 0xc, 0xf9, 0xe, 0xf9, 0x0, 0x0, 0x0,
    0xcf, 0xb4, 0xff, 0x0, 0x0, 0x7f, 0xd2, 0xff,
    0x50, 0x0, 0x0, 0x8, 0xfe, 0x8f, 0xb0, 0x0,
    0x3, 0xff, 0x6f, 0xf1, 0x0, 0x0, 0x0, 0x3f,
    0xfc, 0xf6, 0x0, 0x0, 0xe, 0xfc, 0xfc, 0x0,
    0x0, 0x0, 0x0, 0xff, 0xff, 0x20, 0x0, 0x0,
    0xaf, 0xff, 0x80, 0x0, 0x0, 0x0, 0xb, 0xff,
    0xd0, 0x0, 0x0, 0x5, 0xff, 0xf4, 0x0, 0x0,
    0x0, 0x0, 0x7f, 0xf9, 0x0, 0x0, 0x0, 0x1f,
    0xff, 0x0, 0x0, 0x0,

    /* U+0058 "X" */
    0x3f, 0xfa, 0x0, 0x0, 0x0, 0x1e, 0xfc, 0x0,
    0x9f, 0xf4, 0x0, 0x0, 0x9, 0xff, 0x30, 0x0,
    0xef, 0xd0, 0x0, 0x3, 0xff, 0x80, 0x0, 0x4,
    0xff, 0x80, 0x0, 0xdf, 0xd0, 0x0, 0x0, 0x9,
    0xff, 0x20, 0x7f, 0xf3, 0x0, 0x0, 0x0, 0x1e,
    0xfc, 0x2f, 0xf9, 0x0, 0x0, 0x0, 0x0, 0x5f,
    0xfe, 0xfe, 0x0, 0x0, 0x0, 0x0, 0x0, 0xaf,
    0xff, 0x40, 0x0, 0x0, 0x0, 0x0, 0x7, 0xff,
    0xf1, 0x0, 0x0, 0x0, 0x0, 0x1, 0xff, 0xff,
    0xa0, 0x0, 0x0, 0x0, 0x0, 0xbf, 0xe7, 0xff,
    0x50, 0x0, 0x0, 0x0, 0x5f, 0xf5, 0xc, 0xfe,
    0x10, 0x0, 0x0, 0x1e, 0xfb, 0x0, 0x3f, 0xfa,
    0x0, 0x0, 0xa, 0xff, 0x20, 0x0, 0x9f, 0xf4,
    0x0, 0x4, 0xff, 0x70, 0x0, 0x0, 0xef, 0xe0,
    0x0, 0xef, 0xd0, 0x0, 0x0, 0x5, 0xff, 0x90,
    0x9f, 0xf3, 0x0, 0x0, 0x0, 0xb, 0xff, 0x30,

    /* U+0059 "Y" */
    0xbf, 0xf1, 0x0, 0x0, 0x0, 0x1f, 0xfb, 0x3,
    0xff, 0x90, 0x0, 0x0, 0x9, 0xff, 0x30, 0xa,
    0xff, 0x20, 0x0, 0x2, 0xff, 0xa0, 0x0, 0x2f,
    0xfa, 0x0, 0x0, 0xaf, 0xf1, 0x0, 0x0, 0x9f,
    0xf3, 0x0, 0x2f, 0xf8, 0x0, 0x0, 0x1, 0xff,
    0xb0, 0xb, 0xfe, 0x10, 0x0, 0x0, 0x7, 0xff,
    0x33, 0xff, 0x70, 0x0, 0x0, 0x0, 0xe, 0xfc,
    0xbf, 0xd0, 0x0, 0x0, 0x0, 0x0, 0x6f, 0xff,
    0xf5, 0x0, 0x0, 0x0, 0x0, 0x0, 0xdf, 0xfc,
    0x0, 0x0, 0x0, 0x0, 0x0, 0x6, 0xff, 0x50,
    0x0, 0x0, 0x0, 0x0, 0x0, 0x5f, 0xf4, 0x0,
    0x0, 0x0, 0x0, 0x0, 0x5, 0xff, 0x40, 0x0,
    0x0, 0x0, 0x0, 0x0, 0x5f, 0xf4, 0x0, 0x0,
    0x0, 0x0, 0x0, 0x5, 0xff, 0x40, 0x0, 0x0,
    0x0, 0x0, 0x0, 0x5f, 0xf4, 0x0, 0x0, 0x0,
    0x0, 0x0, 0x5, 0xff, 0x40, 0x0, 0x0, 0x0,

    /* U+005A "Z" */
    0xe, 0xff, 0xff, 0xff, 0xff, 0xff, 0xb0, 0xef,
    0xff, 0xff, 0xff, 0xff, 0xfb, 0x2, 0x33, 0x33,
    0x33, 0x3b, 0xff, 0x40, 0x0, 0x0, 0x0, 0x4,
    0xff, 0x90, 0x0, 0x0, 0x0, 0x1, 0xef, 0xd0,
    0x0, 0x0, 0x0, 0x0, 0xaf, 0xf3, 0x0, 0x0,
    0x0, 0x0, 0x5f, 0xf8, 0x0, 0x0, 0x0, 0x0,
    0x1e, 0xfd, 0x0, 0x0, 0x0, 0x0, 0xa, 0xff,
    0x30, 0x0, 0x0, 0x0, 0x5, 0xff, 0x80, 0x0,
    0x0, 0x0, 0x1, 0xef, 0xd0, 0x0, 0x0, 0x0,
    0x0, 0xbf, 0xf3, 0x0, 0x0, 0x0, 0x0, 0x6f,
    0xf7, 0x0, 0x0, 0x0, 0x0, 0x1f, 0xfc, 0x0,
    0x0, 0x0, 0x0, 0xb, 0xff, 0x53, 0x33, 0x33,
    0x33, 0x32, 0xff, 0xff, 0xff, 0xff, 0xff, 0xff,
    0x3f, 0xff, 0xff, 0xff, 0xff, 0xff, 0xf0,

    /* U+005B "[" */
    0x2f, 0xff, 0xff, 0x52, 0xff, 0xee, 0xe4, 0x2f,
    0xf3, 0x0, 0x2, 0xff, 0x30, 0x0, 0x2f, 0xf3,
    0x0, 0x2, 0xff, 0x30, 0x0, 0x2f, 0xf3, 0x0,
    0x2, 0xff, 0x30, 0x0, 0x2f, 0xf3, 0x0, 0x2,
    0xff, 0x30, 0x0, 0x2f, 0xf3, 0x0, 0x2, 0xff,
    0x30, 0x0, 0x2f, 0xf3, 0x0, 0x2, 0xff, 0x30,
    0x0, 0x2f, 0xf3, 0x0, 0x2, 0xff, 0x30, 0x0,
    0x2f, 0xf3, 0x0, 0x2, 0xff, 0x30, 0x0, 0x2f,
    0xf3, 0x0, 0x2, 0xff, 0xff, 0xf5, 0x2e, 0xee,
    0xee, 0x40,

    /* U+005C "\\" */
    0x9f, 0xd0, 0x0, 0x0, 0x0, 0x3f, 0xf3, 0x0,
    0x0, 0x0, 0xd, 0xf9, 0x0, 0x0, 0x0, 0x7,
    0xfe, 0x0, 0x0, 0x0, 0x1, 0xff, 0x50, 0x0,
    0x0, 0x0, 0xbf, 0xb0, 0x0, 0x0, 0x0, 0x5f,
    0xf1, 0x0, 0x0, 0x0, 0xe, 0xf7, 0x0, 0x0,
    0x0, 0x9, 0xfd, 0x0, 0x0, 0x0, 0x3, 0xff,
    0x30, 0x0, 0x0, 0x0, 0xdf, 0x90, 0x0, 0x0,
    0x0, 0x7f, 0xf0, 0x0, 0x0, 0x0, 0x1f, 0xf5,
    0x0, 0x0, 0x0, 0xb, 0xfb, 0x0, 0x0, 0x0,
    0x5, 0xff, 0x10, 0x0, 0x0, 0x0, 0xef, 0x70,
    0x0, 0x0, 0x0, 0x9f, 0xd0,

    /* U+005D "]" */
    0x6f, 0xff, 0xff, 0x15, 0xee, 0xef, 0xf1, 0x0,
    0x4, 0xff, 0x10, 0x0, 0x4f, 0xf1, 0x0, 0x4,
    0xff, 0x10, 0x0, 0x4f, 0xf1, 0x0, 0x4, 0xff,
    0x10, 0x0, 0x4f, 0xf1, 0x0, 0x4, 0xff, 0x10,
    0x0, 0x4f, 0xf1, 0x0, 0x4, 0xff, 0x10, 0x0,
    0x4f, 0xf1, 0x0, 0x4, 0xff, 0x10, 0x0, 0x4f,
    0xf1, 0x0, 0x4, 0xff, 0x10, 0x0, 0x4f, 0xf1,
    0x0, 0x4, 0xff, 0x10, 0x0, 0x4f, 0xf1, 0x0,
    0x4, 0xff, 0x16, 0xff, 0xff, 0xf1, 0x5e, 0xee,
    0xee, 0x10,

    /* U+005E "^" */
    0x0, 0x0, 0x5, 0xf8, 0x0, 0x0, 0x0, 0x0,
    0x0, 0xcf, 0xf1, 0x0, 0x0, 0x0, 0x0, 0x4f,
    0xff, 0x80, 0x0, 0x0, 0x0, 0xb, 0xf4, 0xef,
    0x10, 0x0, 0x0, 0x2, 0xfc, 0x7, 0xf9, 0x0,
    0x0, 0x0, 0xaf, 0x50, 0xe, 0xf1, 0x0, 0x0,
    0x1f, 0xe0, 0x0, 0x7f, 0x90, 0x0, 0x9, 0xf7,
    0x0, 0x0, 0xef, 0x20, 0x1, 0xff, 0x10, 0x0,
    0x7, 0xf9, 0x0, 0x7f, 0x90, 0x0, 0x0, 0xe,
    0xf2, 0xe, 0xf2, 0x0, 0x0, 0x0, 0x7f, 0xa0,

    /* U+005F "_" */
    0x8, 0x88, 0x88, 0x88, 0x88, 0x84, 0xf, 0xff,
    0xff, 0xff, 0xff, 0xf7,

    /* U+0060 "`" */
    0xd, 0xff, 0x30, 0x0, 0x1e, 0xfc, 0x0, 0x0,
    0x2d, 0xf7, 0x0, 0x0, 0x1c, 0xf3,

    /* U+0061 "a" */
    0x0, 0x5a, 0xdf, 0xfd, 0x91, 0x0, 0x5f, 0xff,
    0xff, 0xff, 0xe1, 0x0, 0xc7, 0x20, 0x8, 0xff,
    0x90, 0x0, 0x0, 0x0, 0xd, 0xfc, 0x0, 0x0,
    0x0, 0x0, 0xaf, 0xd0, 0x1, 0x58, 0x99, 0x9d,
    0xfd, 0x8, 0xff, 0xff, 0xff, 0xff, 0xd7, 0xff,
    0xb3, 0x0, 0xa, 0xfd, 0xdf, 0xe0, 0x0, 0x0,
    0xbf, 0xde, 0xfc, 0x0, 0x0, 0xe, 0xfd, 0xcf,
    0xf2, 0x0, 0x1b, 0xff, 0xd4, 0xff, 0xfc, 0xdf,
    0xe9, 0xfd, 0x3, 0xbe, 0xfe, 0x91, 0x1f, 0xd0,

    /* U+0062 "b" */
    0xf, 0xf8, 0x0, 0x0, 0x0, 0x0, 0x0, 0xff,
    0x80, 0x0, 0x0, 0x0, 0x0, 0xf, 0xf8, 0x0,
    0x0, 0x0, 0x0, 0x0, 0xff, 0x80, 0x0, 0x0,
    0x0, 0x0, 0xf, 0xf8, 0x0, 0x0, 0x0, 0x0,
    0x0, 0xff, 0x72, 0xae, 0xfe, 0x91, 0x0, 0xf,
    0xf9, 0xff, 0xff, 0xff, 0xe2, 0x0, 0xff, 0xfc,
    0x41, 0x28, 0xff, 0xb0, 0xf, 0xff, 0x10, 0x0,
    0xa, 0xff, 0x20, 0xff, 0xb0, 0x0, 0x0, 0x3f,
    0xf6, 0xf, 0xf8, 0x0, 0x0, 0x1, 0xff, 0x80,
    0xff, 0x80, 0x0, 0x0, 0xf, 0xf9, 0xf, 0xf9,
    0x0, 0x0, 0x1, 0xff, 0x80, 0xff, 0xb0, 0x0,
    0x0, 0x4f, 0xf6, 0xf, 0xff, 0x10, 0x0, 0xa,
    0xff, 0x20, 0xff, 0xfd, 0x41, 0x28, 0xff, 0xb0,
    0xf, 0xf8, 0xff, 0xff, 0xff, 0xd1, 0x0, 0xff,
    0x2, 0xae, 0xfe, 0x81, 0x0,

    /* U+0063 "c" */
    0x0, 0x6, 0xbe, 0xfe, 0xb7, 0x0, 0x1c, 0xff,
    0xff, 0xff, 0xb0, 0xb, 0xff, 0xa3, 0x24, 0x84,
    0x3, 0xff, 0x90, 0x0, 0x0, 0x0, 0x8f, 0xf2,
    0x0, 0x0, 0x0, 0xa, 0xff, 0x0, 0x0, 0x0,
    0x0, 0xbf, 0xe0, 0x0, 0x0, 0x0, 0xa, 0xff,
    0x0, 0x0, 0x0, 0x0, 0x8f, 0xf2, 0x0, 0x0,
    0x0, 0x3, 0xff, 0x90, 0x0, 0x0, 0x0, 0xc,
    0xff, 0x93, 0x24, 0x79, 0x0, 0x1d, 0xff, 0xff,
    0xff, 0xc0, 0x0, 0x7, 0xce, 0xfe, 0xb4, 0x0,

    /* U+0064 "d" */
    0x0, 0x0, 0x0, 0x0, 0xa, 0xfe, 0x0, 0x0,
    0x0, 0x0, 0xa, 0xfe, 0x0, 0x0, 0x0, 0x0,
    0xa, 0xfe, 0x0, 0x0, 0x0, 0x0, 0xa, 0xfe,
    0x0, 0x0, 0x0, 0x0, 0x9, 0xfe, 0x0, 0x19,
    0xef, 0xe9, 0x19, 0xfe, 0x3, 0xef, 0xff, 0xff,
    0xea, 0xfe, 0xd, 0xff, 0x82, 0x15, 0xdf, 0xfe,
    0x4f, 0xf9, 0x0, 0x0, 0x3f, 0xfe, 0x8f, 0xf2,
    0x0, 0x0, 0xd, 0xfe, 0xaf, 0xf0, 0x0, 0x0,
    0xa, 0xfe, 0xbf, 0xe0, 0x0, 0x0, 0x9, 0xfe,
    0xaf, 0xf0, 0x0, 0x0, 0xa, 0xfe, 0x8f, 0xf2,
    0x0, 0x0, 0xc, 0xfe, 0x4f, 0xf8, 0x0, 0x0,
    0x2f, 0xfe, 0xd, 0xff, 0x72, 0x14, 0xdf, 0xfe,
    0x3, 0xff, 0xff, 0xff, 0xe8, 0xfe, 0x0, 0x2a,
    0xef, 0xe9, 0x13, 0xfe,

    /* U+0065 "e" */
    0x0, 0x6, 0xce, 0xfd, 0x81, 0x0, 0x1, 0xcf,
    0xff, 0xff, 0xfe, 0x20, 0xa, 0xff, 0x60, 0x4,
    0xef, 0xd0, 0x2f, 0xf6, 0x0, 0x0, 0x5f, 0xf4,
    0x7f, 0xf1, 0x0, 0x0, 0xf, 0xf7, 0xaf, 0xff,
    0xff, 0xff, 0xff, 0xf9, 0xbf, 0xfe, 0xee, 0xee,
    0xee, 0xe8, 0xaf, 0xf0, 0x0, 0x0, 0x0, 0x0,
    0x8f, 0xf2, 0x0, 0x0, 0x0, 0x0, 0x2f, 0xfb,
    0x0, 0x0, 0x0, 0x0, 0xa, 0xff, 0xa3, 0x1,
    0x37, 0xc0, 0x0, 0xbf, 0xff, 0xff, 0xff, 0xf0,
    0x0, 0x5, 0xbe, 0xff, 0xda, 0x40,

    /* U+0066 "f" */
    0x0, 0x0, 0x7d, 0xff, 0xd5, 0x0, 0xb, 0xff,
    0xff, 0xf3, 0x0, 0x3f, 0xfb, 0x21, 0x30, 0x0,
    0x6f, 0xf3, 0x0, 0x0, 0x0, 0x7f, 0xf1, 0x0,
    0x0, 0x3a, 0xff, 0xff, 0xff, 0x40, 0x8e, 0xff,
    0xfe, 0xee, 0x40, 0x0, 0x7f, 0xf1, 0x0, 0x0,
    0x0, 0x7f, 0xf1, 0x0, 0x0, 0x0, 0x7f, 0xf1,
    0x0, 0x0, 0x0, 0x7f, 0xf1, 0x0, 0x0, 0x0,
    0x7f, 0xf1, 0x0, 0x0, 0x0, 0x7f, 0xf1, 0x0,
    0x0, 0x0, 0x7f, 0xf1, 0x0, 0x0, 0x0, 0x7f,
    0xf1, 0x0, 0x0, 0x0, 0x7f, 0xf1, 0x0, 0x0,
    0x0, 0x7f, 0xf1, 0x0, 0x0, 0x0, 0x7f, 0xf1,
    0x0, 0x0,

    /* U+0067 "g" */
    0x0, 0x19, 0xef, 0xe9, 0x14, 0xfe, 0x2, 0xef,
    0xff, 0xff, 0xe8, 0xfe, 0xd, 0xff, 0x82, 0x15,
    0xdf, 0xfe, 0x4f, 0xf9, 0x0, 0x0, 0x2f, 0xfe,
    0x8f, 0xf2, 0x0, 0x0, 0xc, 0xfe, 0xaf, 0xf0,
    0x0, 0x0, 0x9, 0xfe, 0xbf, 0xe0, 0x0, 0x0,
    0x8, 0xfe, 0xaf, 0xf0, 0x0, 0x0, 0x8, 0xfe,
    0x8f, 0xf1, 0x0, 0x0, 0xa, 0xfe, 0x4f, 0xf7,
    0x0, 0x0, 0x1f, 0xfe, 0xd, 0xff, 0x61, 0x14,
    0xdf, 0xfe, 0x3, 0xff, 0xff, 0xff, 0xeb, 0xfe,
    0x0, 0x2a, 0xef, 0xe9, 0x19, 0xfe, 0x0, 0x0,
    0x0, 0x0, 0xa, 0xfe, 0x0, 0x0, 0x0, 0x0,
    0xc, 0xfd, 0x0, 0x0, 0x0, 0x0, 0x3f, 0xf9,
    0xc, 0x95, 0x21, 0x26, 0xef, 0xf3, 0xd, 0xff,
    0xff, 0xff, 0xff, 0x70, 0x3, 0x9c, 0xef, 0xfd,
    0xa3, 0x0,

    /* U+0068 "h" */
    0xf, 0xf8, 0x0, 0x0, 0x0, 0x0, 0x0, 0xff,
    0x80, 0x0, 0x0, 0x0, 0x0, 0xf, 0xf8, 0x0,
    0x0, 0x0, 0x0, 0x0, 0xff, 0x80, 0x0, 0x0,
    0x0, 0x0, 0xf, 0xf8, 0x0, 0x0, 0x0, 0x0,
    0x0, 0xff, 0x71, 0x9e, 0xfe, 0xb3, 0x0, 0xf,
    0xf9, 0xef, 0xff, 0xff, 0xf4, 0x0, 0xff, 0xfd,
    0x51, 0x27, 0xff, 0xd0, 0xf, 0xff, 0x20, 0x0,
    0xa, 0xff, 0x10, 0xff, 0xc0, 0x0, 0x0, 0x6f,
    0xf2, 0xf, 0xf9, 0x0, 0x0, 0x5, 0xff, 0x20,
    0xff, 0x80, 0x0, 0x0, 0x5f, 0xf2, 0xf, 0xf8,
    0x0, 0x0, 0x5, 0xff, 0x20, 0xff, 0x80, 0x0,
    0x0, 0x5f, 0xf2, 0xf, 0xf8, 0x0, 0x0, 0x5,
    0xff, 0x20, 0xff, 0x80, 0x0, 0x0, 0x5f, 0xf2,
    0xf, 0xf8, 0x0, 0x0, 0x5, 0xff, 0x20, 0xff,
    0x80, 0x0, 0x0, 0x5f, 0xf2,

    /* U+0069 "i" */
    0xc, 0xf5, 0x2f, 0xfa, 0xa, 0xd4, 0x0, 0x0,
    0x0, 0x0, 0xf, 0xf8, 0xf, 0xf8, 0xf, 0xf8,
    0xf, 0xf8, 0xf, 0xf8, 0xf, 0xf8, 0xf, 0xf8,
    0xf, 0xf8, 0xf, 0xf8, 0xf, 0xf8, 0xf, 0xf8,
    0xf, 0xf8, 0xf, 0xf8,

    /* U+006A "j" */
    0x0, 0x0, 0xcf, 0x50, 0x0, 0x2f, 0xfa, 0x0,
    0x0, 0xad, 0x40, 0x0, 0x0, 0x0, 0x0, 0x0,
    0x0, 0x0, 0x0, 0xf, 0xf8, 0x0, 0x0, 0xff,
    0x80, 0x0, 0xf, 0xf8, 0x0, 0x0, 0xff, 0x80,
    0x0, 0xf, 0xf8, 0x0, 0x0, 0xff, 0x80, 0x0,
    0xf, 0xf8, 0x0, 0x0, 0xff, 0x80, 0x0, 0xf,
    0xf8, 0x0, 0x0, 0xff, 0x80, 0x0, 0xf, 0xf8,
    0x0, 0x0, 0xff, 0x80, 0x0, 0xf, 0xf8, 0x0,
    0x0, 0xff, 0x80, 0x0, 0xf, 0xf8, 0x0, 0x1,
    0xff, 0x71, 0x21, 0x9f, 0xf4, 0x4f, 0xff, 0xfc,
    0x3, 0xef, 0xea, 0x10,

    /* U+006B "k" */
    0xf, 0xf8, 0x0, 0x0, 0x0, 0x0, 0x0, 0xff,
    0x80, 0x0, 0x0, 0x0, 0x0, 0xf, 0xf8, 0x0,
    0x0, 0x0, 0x0, 0x0, 0xff, 0x80, 0x0, 0x0,
    0x0, 0x0, 0xf, 0xf8, 0x0, 0x0, 0x0, 0x0,
    0x0, 0xff, 0x80, 0x0, 0x7, 0xff, 0x70, 0xf,
    0xf8, 0x0, 0x6, 0xff, 0x80, 0x0, 0xff, 0x80,
    0x5, 0xff, 0x90, 0x0, 0xf, 0xf8, 0x4, 0xff,
    0xa0, 0x0, 0x0, 0xff, 0x73, 0xff, 0xb0, 0x0,
    0x0, 0xf, 0xf8, 0xef, 0xe0, 0x0, 0x0, 0x0,
    0xff, 0xff, 0xff, 0x60, 0x0, 0x0, 0xf, 0xff,
    0x9c, 0xff, 0x30, 0x0, 0x0, 0xff, 0xa0, 0x1e,
    0xfd, 0x0, 0x0, 0xf, 0xf8, 0x0, 0x4f, 0xfa,
    0x0, 0x0, 0xff, 0x80, 0x0, 0x9f, 0xf6, 0x0,
    0xf, 0xf8, 0x0, 0x0, 0xcf, 0xf2, 0x0, 0xff,
    0x80, 0x0, 0x2, 0xff, 0xd0,

    /* U+006C "l" */
    0xf, 0xf8, 0xf, 0xf8, 0xf, 0xf8, 0xf, 0xf8,
    0xf, 0xf8, 0xf, 0xf8, 0xf, 0xf8, 0xf, 0xf8,
    0xf, 0xf8, 0xf, 0xf8, 0xf, 0xf8, 0xf, 0xf8,
    0xf, 0xf8, 0xf, 0xf8, 0xf, 0xf8, 0xf, 0xf8,
    0xf, 0xf8, 0xf, 0xf8,

    /* U+006D "m" */
    0xf, 0xf1, 0x2a, 0xef, 0xd8, 0x0, 0x29, 0xef,
    0xea, 0x20, 0xf, 0xf7, 0xff, 0xff, 0xff, 0xc3,
    0xff, 0xff, 0xff, 0xe1, 0xf, 0xff, 0xd4, 0x13,
    0xcf, 0xff, 0xe5, 0x12, 0xaf, 0xf8, 0xf, 0xff,
    0x10, 0x0, 0x2f, 0xff, 0x30, 0x0, 0xe, 0xfc,
    0xf, 0xfc, 0x0, 0x0, 0xf, 0xfd, 0x0, 0x0,
    0xc, 0xfd, 0xf, 0xf9, 0x0, 0x0, 0xe, 0xfb,
    0x0, 0x0, 0xb, 0xfd, 0xf, 0xf8, 0x0, 0x0,
    0xe, 0xfa, 0x0, 0x0, 0xb, 0xfd, 0xf, 0xf8,
    0x0, 0x0, 0xe, 0xfa, 0x0, 0x0, 0xb, 0xfd,
    0xf, 0xf8, 0x0, 0x0, 0xe, 0xfa, 0x0, 0x0,
    0xb, 0xfd, 0xf, 0xf8, 0x0, 0x0, 0xe, 0xfa,
    0x0, 0x0, 0xb, 0xfd, 0xf, 0xf8, 0x0, 0x0,
    0xe, 0xfa, 0x0, 0x0, 0xb, 0xfd, 0xf, 0xf8,
    0x0, 0x0, 0xe, 0xfa, 0x0, 0x0, 0xb, 0xfd,
    0xf, 0xf8, 0x0, 0x0, 0xe, 0xfa, 0x0, 0x0,
    0xb, 0xfd,

    /* U+006E "n" */
    0xf, 0xf1, 0x19, 0xef, 0xeb, 0x30, 0x0, 0xff,
    0x7f, 0xff, 0xff, 0xff, 0x40, 0xf, 0xff, 0xd5,
    0x12, 0x8f, 0xfd, 0x0, 0xff, 0xf2, 0x0, 0x0,
    0xaf, 0xf1, 0xf, 0xfc, 0x0, 0x0, 0x6, 0xff,
    0x20, 0xff, 0x90, 0x0, 0x0, 0x5f, 0xf2, 0xf,
    0xf8, 0x0, 0x0, 0x5, 0xff, 0x20, 0xff, 0x80,
    0x0, 0x0, 0x5f, 0xf2, 0xf, 0xf8, 0x0, 0x0,
    0x5, 0xff, 0x20, 0xff, 0x80, 0x0, 0x0, 0x5f,
    0xf2, 0xf, 0xf8, 0x0, 0x0, 0x5, 0xff, 0x20,
    0xff, 0x80, 0x0, 0x0, 0x5f, 0xf2, 0xf, 0xf8,
    0x0, 0x0, 0x5, 0xff, 0x20,

    /* U+006F "o" */
    0x0, 0x6, 0xce, 0xfd, 0xa3, 0x0, 0x0, 0x1c,
    0xff, 0xff, 0xff, 0xf7, 0x0, 0xb, 0xff, 0x82,
    0x3, 0xbf, 0xf5, 0x3, 0xff, 0x90, 0x0, 0x0,
    0xef, 0xd0, 0x8f, 0xf2, 0x0, 0x0, 0x8, 0xff,
    0x2a, 0xff, 0x0, 0x0, 0x0, 0x5f, 0xf5, 0xbf,
    0xe0, 0x0, 0x0, 0x3, 0xff, 0x6a, 0xff, 0x0,
    0x0, 0x0, 0x5f, 0xf5, 0x7f, 0xf2, 0x0, 0x0,
    0x8, 0xff, 0x22, 0xff, 0x90, 0x0, 0x0, 0xef,
    0xe0, 0x9, 0xff, 0x81, 0x3, 0xbf, 0xf5, 0x0,
    0xb, 0xff, 0xff, 0xff, 0xf8, 0x0, 0x0, 0x5,
    0xbe, 0xfe, 0xa3, 0x0, 0x0,

    /* U+0070 "p" */
    0xf, 0xf2, 0x2a, 0xef, 0xe9, 0x10, 0x0, 0xff,
    0x7e, 0xff, 0xff, 0xfe, 0x20, 0xf, 0xff, 0xd4,
    0x12, 0x9f, 0xfc, 0x0, 0xff, 0xf1, 0x0, 0x0,
    0xbf, 0xf2, 0xf, 0xfb, 0x0, 0x0, 0x4, 0xff,
    0x60, 0xff, 0x80, 0x0, 0x0, 0x1f, 0xf8, 0xf,
    0xf8, 0x0, 0x0, 0x0, 0xff, 0x90, 0xff, 0x90,
    0x0, 0x0, 0x2f, 0xf8, 0xf, 0xfc, 0x0, 0x0,
    0x5, 0xff, 0x60, 0xff, 0xf2, 0x0, 0x0, 0xbf,
    0xf2, 0xf, 0xff, 0xd4, 0x12, 0x9f, 0xfb, 0x0,
    0xff, 0xaf, 0xff, 0xff, 0xfd, 0x10, 0xf, 0xf7,
    0x2a, 0xef, 0xd8, 0x10, 0x0, 0xff, 0x80, 0x0,
    0x0, 0x0, 0x0, 0xf, 0xf8, 0x0, 0x0, 0x0,
    0x0, 0x0, 0xff, 0x80, 0x0, 0x0, 0x0, 0x0,
    0xf, 0xf8, 0x0, 0x0, 0x0, 0x0, 0x0, 0xff,
    0x80, 0x0, 0x0, 0x0, 0x0, 0xf, 0xf8, 0x0,
    0x0, 0x0, 0x0, 0x0,

    /* U+0071 "q" */
    0x0, 0x19, 0xef, 0xe9, 0x14, 0xfe, 0x2, 0xef,
    0xff, 0xff, 0xe8, 0xfe, 0xd, 0xff, 0x71, 0x14,
    0xdf, 0xfe, 0x4f, 0xf9, 0x0, 0x0, 0x2f, 0xfe,
    0x8f, 0xf2, 0x0, 0x0, 0xc, 0xfe, 0xaf, 0xf0,
    0x0, 0x0, 0x9, 0xfe, 0xbf, 0xe0, 0x0, 0x0,
    0x9, 0xfe, 0xaf, 0xf0, 0x0, 0x0, 0xa, 0xfe,
    0x8f, 0xf2, 0x0, 0x0, 0xc, 0xfe, 0x4f, 0xf8,
    0x0, 0x0, 0x2f, 0xfe, 0xd, 0xff, 0x72, 0x14,
    0xdf, 0xfe, 0x3, 0xff, 0xff, 0xff, 0xea, 0xfe,
    0x0, 0x2a, 0xef, 0xe9, 0x19, 0xfe, 0x0, 0x0,
    0x0, 0x0, 0xa, 0xfe, 0x0, 0x0, 0x0, 0x0,
    0xa, 0xfe, 0x0, 0x0, 0x0, 0x0, 0xa, 0xfe,
    0x0, 0x0, 0x0, 0x0, 0xa, 0xfe, 0x0, 0x0,
    0x0, 0x0, 0xa, 0xfe, 0x0, 0x0, 0x0, 0x0,
    0xa, 0xfe,

    /* U+0072 "r" */
    0xf, 0xf0, 0x7, 0xdf, 0xa0, 0xff, 0x3b, 0xff,
    0xfa, 0xf, 0xfd, 0xfb, 0x65, 0x30, 0xff, 0xf8,
    0x0, 0x0, 0xf, 0xfe, 0x0, 0x0, 0x0, 0xff,
    0x90, 0x0, 0x0, 0xf, 0xf8, 0x0, 0x0, 0x0,
    0xff, 0x80, 0x0, 0x0, 0xf, 0xf8, 0x0, 0x0,
    0x0, 0xff, 0x80, 0x0, 0x0, 0xf, 0xf8, 0x0,
    0x0, 0x0, 0xff, 0x80, 0x0, 0x0, 0xf, 0xf8,
    0x0, 0x0, 0x0,

    /* U+0073 "s" */
    0x1, 0x8d, 0xef, 0xdb, 0x60, 0x3f, 0xff, 0xff,
    0xff, 0xf1, 0xaf, 0xe3, 0x0, 0x26, 0x70, 0xcf,
    0xb0, 0x0, 0x0, 0x0, 0x9f, 0xf8, 0x0, 0x0,
    0x0, 0x1d, 0xff, 0xfa, 0x30, 0x0, 0x0, 0x7e,
    0xff, 0xfc, 0x20, 0x0, 0x0, 0x5b, 0xff, 0xf2,
    0x0, 0x0, 0x0, 0x5f, 0xf8, 0x0, 0x0, 0x0,
    0xe, 0xf9, 0xa7, 0x30, 0x1, 0x7f, 0xf6, 0xcf,
    0xff, 0xff, 0xff, 0xb0, 0x4a, 0xdf, 0xfe, 0xc6,
    0x0,

    /* U+0074 "t" */
    0x0, 0xe, 0xc0, 0x0, 0x0, 0x4, 0xfc, 0x0,
    0x0, 0x0, 0x9f, 0xc0, 0x0, 0x3, 0xcf, 0xff,
    0xff, 0xf7, 0x8e, 0xff, 0xfe, 0xee, 0x60, 0xc,
    0xfc, 0x0, 0x0, 0x0, 0xcf, 0xc0, 0x0, 0x0,
    0xc, 0xfc, 0x0, 0x0, 0x0, 0xcf, 0xc0, 0x0,
    0x0, 0xc, 0xfc, 0x0, 0x0, 0x0, 0xcf, 0xc0,
    0x0, 0x0, 0xc, 0xfc, 0x0, 0x0, 0x0, 0xbf,
    0xd0, 0x0, 0x0, 0x9, 0xff, 0x71, 0x12, 0x0,
    0x2f, 0xff, 0xff, 0x90, 0x0, 0x3b, 0xff, 0xd6,

    /* U+0075 "u" */
    0x2f, 0xf6, 0x0, 0x0, 0x7, 0xff, 0x12, 0xff,
    0x60, 0x0, 0x0, 0x7f, 0xf1, 0x2f, 0xf6, 0x0,
    0x0, 0x7, 0xff, 0x12, 0xff, 0x60, 0x0, 0x0,
    0x7f, 0xf1, 0x2f, 0xf6, 0x0, 0x0, 0x7, 0xff,
    0x12, 0xff, 0x60, 0x0, 0x0, 0x7f, 0xf1, 0x2f,
    0xf6, 0x0, 0x0, 0x7, 0xff, 0x12, 0xff, 0x60,
    0x0, 0x0, 0x8f, 0xf1, 0x2f, 0xf7, 0x0, 0x0,
    0xa, 0xff, 0x11, 0xff, 0xa0, 0x0, 0x0, 0xef,
    0xf1, 0xd, 0xff, 0x40, 0x1, 0xaf, 0xff, 0x10,
    0x4f, 0xff, 0xed, 0xff, 0xaf, 0xf1, 0x0, 0x3b,
    0xef, 0xea, 0x30, 0xff, 0x10,

    /* U+0076 "v" */
    0xdf, 0xe0, 0x0, 0x0, 0x3, 0xff, 0x77, 0xff,
    0x30, 0x0, 0x0, 0x9f, 0xf1, 0x1f, 0xf9, 0x0,
    0x0, 0xe, 0xfb, 0x0, 0xaf, 0xe0, 0x0, 0x4,
    0xff, 0x40, 0x4, 0xff, 0x40, 0x0, 0xaf, 0xe0,
    0x0, 0xe, 0xf9, 0x0, 0xf, 0xf8, 0x0, 0x0,
    0x8f, 0xe0, 0x5, 0xff, 0x20, 0x0, 0x2, 0xff,
    0x40, 0xaf, 0xc0, 0x0, 0x0, 0xc, 0xf9, 0xf,
    0xf6, 0x0, 0x0, 0x0, 0x6f, 0xe5, 0xff, 0x10,
    0x0, 0x0, 0x1, 0xff, 0xdf, 0xa0, 0x0, 0x0,
    0x0, 0xa, 0xff, 0xf4, 0x0, 0x0, 0x0, 0x0,
    0x4f, 0xfe, 0x0, 0x0, 0x0,

    /* U+0077 "w" */
    0x9f, 0xf0, 0x0, 0x0, 0xdf, 0xf3, 0x0, 0x0,
    0x9f, 0xf0, 0x5f, 0xf3, 0x0, 0x2, 0xff, 0xf8,
    0x0, 0x0, 0xdf, 0xb0, 0x1f, 0xf7, 0x0, 0x7,
    0xfd, 0xfc, 0x0, 0x1, 0xff, 0x60, 0xc, 0xfb,
    0x0, 0xb, 0xf6, 0xff, 0x10, 0x6, 0xff, 0x20,
    0x7, 0xff, 0x0, 0xf, 0xf2, 0xdf, 0x60, 0xa,
    0xfd, 0x0, 0x3, 0xff, 0x40, 0x5f, 0xe0, 0x8f,
    0xa0, 0xe, 0xf9, 0x0, 0x0, 0xef, 0x80, 0x9f,
    0x90, 0x4f, 0xf0, 0x2f, 0xf4, 0x0, 0x0, 0xaf,
    0xb0, 0xef, 0x40, 0xf, 0xf3, 0x6f, 0xf0, 0x0,
    0x0, 0x6f, 0xf2, 0xff, 0x0, 0xb, 0xf7, 0xaf,
    0xb0, 0x0, 0x0, 0x1f, 0xf8, 0xfb, 0x0, 0x6,
    0xfb, 0xdf, 0x70, 0x0, 0x0, 0xd, 0xfe, 0xf6,
    0x0, 0x2, 0xfe, 0xff, 0x20, 0x0, 0x0, 0x9,
    0xff, 0xf1, 0x0, 0x0, 0xdf, 0xfe, 0x0, 0x0,
    0x0, 0x4, 0xff, 0xd0, 0x0, 0x0, 0x9f, 0xf9,
    0x0, 0x0,

    /* U+0078 "x" */
    0x2f, 0xfc, 0x0, 0x0, 0xb, 0xff, 0x20, 0x6f,
    0xf7, 0x0, 0x6, 0xff, 0x70, 0x0, 0xbf, 0xf2,
    0x1, 0xff, 0xc0, 0x0, 0x1, 0xef, 0xc0, 0xbf,
    0xf2, 0x0, 0x0, 0x5, 0xff, 0xbf, 0xf6, 0x0,
    0x0, 0x0, 0xa, 0xff, 0xfb, 0x0, 0x0, 0x0,
    0x0, 0x4f, 0xff, 0x40, 0x0, 0x0, 0x0, 0xd,
    0xff, 0xfd, 0x0, 0x0, 0x0, 0x8, 0xff, 0x6f,
    0xf9, 0x0, 0x0, 0x3, 0xff, 0x80, 0x8f, 0xf4,
    0x0, 0x0, 0xdf, 0xd0, 0x0, 0xdf, 0xe1, 0x0,
    0x9f, 0xf3, 0x0, 0x3, 0xff, 0xa0, 0x4f, 0xf8,
    0x0, 0x0, 0x8, 0xff, 0x50,

    /* U+0079 "y" */
    0xcf, 0xe0, 0x0, 0x0, 0x3, 0xff, 0x76, 0xff,
    0x40, 0x0, 0x0, 0x9f, 0xf1, 0xf, 0xfa, 0x0,
    0x0, 0xe, 0xfb, 0x0, 0x9f, 0xf0, 0x0, 0x3,
    0xff, 0x50, 0x3, 0xff, 0x50, 0x0, 0x9f, 0xf0,
    0x0, 0xd, 0xfb, 0x0, 0xe, 0xf9, 0x0, 0x0,
    0x6f, 0xf1, 0x4, 0xff, 0x40, 0x0, 0x1, 0xff,
    0x60, 0x9f, 0xd0, 0x0, 0x0, 0xa, 0xfb, 0xe,
    0xf8, 0x0, 0x0, 0x0, 0x3f, 0xf4, 0xff, 0x20,
    0x0, 0x0, 0x0, 0xdf, 0xcf, 0xc0, 0x0, 0x0,
    0x0, 0x7, 0xff, 0xf6, 0x0, 0x0, 0x0, 0x0,
    0x1f, 0xff, 0x0, 0x0, 0x0, 0x0, 0x0, 0xef,
    0xa0, 0x0, 0x0, 0x0, 0x0, 0x4f, 0xf4, 0x0,
    0x0, 0x0, 0x0, 0xc, 0xfd, 0x0, 0x0, 0x0,
    0x11, 0x2a, 0xff, 0x50, 0x0, 0x0, 0x9, 0xff,
    0xff, 0x90, 0x0, 0x0, 0x0, 0x7f, 0xfd, 0x70,
    0x0, 0x0, 0x0, 0x0,

    /* U+007A "z" */
    0xb, 0xff, 0xff, 0xff, 0xff, 0x60, 0xbf, 0xff,
    0xff, 0xff, 0xf5, 0x0, 0x0, 0x0, 0xd, 0xfd,
    0x0, 0x0, 0x0, 0x9, 0xff, 0x20, 0x0, 0x0,
    0x4, 0xff, 0x70, 0x0, 0x0, 0x1, 0xef, 0xb0,
    0x0, 0x0, 0x0, 0xaf, 0xe1, 0x0, 0x0, 0x0,
    0x6f, 0xf5, 0x0, 0x0, 0x0, 0x2f, 0xfa, 0x0,
    0x0, 0x0, 0xc, 0xfe, 0x0, 0x0, 0x0, 0x7,
    0xff, 0x30, 0x0, 0x0, 0x1, 0xff, 0xff, 0xff,
    0xff, 0xf8, 0x2f, 0xff, 0xff, 0xff, 0xff, 0x90,

    /* U+007B "{" */
    0x0, 0x0, 0x8, 0xcf, 0x60, 0x0, 0xd, 0xff,
    0xf6, 0x0, 0x5, 0xff, 0x91, 0x0, 0x0, 0x7f,
    0xf0, 0x0, 0x0, 0x7, 0xfe, 0x0, 0x0, 0x0,
    0x7f, 0xe0, 0x0, 0x0, 0x7, 0xfe, 0x0, 0x0,
    0x0, 0x9f, 0xd0, 0x0, 0x1, 0x6f, 0xf9, 0x0,
    0x6, 0xff, 0xd8, 0x0, 0x0, 0x6f, 0xfd, 0x70,
    0x0, 0x0, 0x27, 0xff, 0x70, 0x0, 0x0, 0xa,
    0xfd, 0x0, 0x0, 0x0, 0x7f, 0xe0, 0x0, 0x0,
    0x7, 0xfe, 0x0, 0x0, 0x0, 0x7f, 0xe0, 0x0,
    0x0, 0x7, 0xfe, 0x0, 0x0, 0x0, 0x7f, 0xf0,
    0x0, 0x0, 0x4, 0xff, 0x91, 0x0, 0x0, 0xc,
    0xff, 0xf6, 0x0, 0x0, 0x7, 0xce, 0x60,

    /* U+007C "|" */
    0x6f, 0x96, 0xf9, 0x6f, 0x96, 0xf9, 0x6f, 0x96,
    0xf9, 0x6f, 0x96, 0xf9, 0x6f, 0x96, 0xf9, 0x6f,
    0x96, 0xf9, 0x6f, 0x96, 0xf9, 0x6f, 0x96, 0xf9,
    0x6f, 0x96, 0xf9, 0x6f, 0x96, 0xf9, 0x6f, 0x96,
    0xf9, 0x6f, 0x96, 0xf9,

    /* U+007D "}" */
    0x2f, 0xd9, 0x20, 0x0, 0x2, 0xff, 0xff, 0x20,
    0x0, 0x0, 0x6f, 0xf8, 0x0, 0x0, 0x0, 0xcf,
    0xa0, 0x0, 0x0, 0xb, 0xfb, 0x0, 0x0, 0x0,
    0xbf, 0xb0, 0x0, 0x0, 0xb, 0xfb, 0x0, 0x0,
    0x0, 0xaf, 0xc0, 0x0, 0x0, 0x5, 0xff, 0x81,
    0x0, 0x0, 0x6, 0xdf, 0xfa, 0x0, 0x0, 0x4c,
    0xff, 0xa0, 0x0, 0x4f, 0xf9, 0x30, 0x0, 0x9,
    0xfd, 0x0, 0x0, 0x0, 0xaf, 0xb0, 0x0, 0x0,
    0xb, 0xfb, 0x0, 0x0, 0x0, 0xbf, 0xb0, 0x0,
    0x0, 0xb, 0xfb, 0x0, 0x0, 0x0, 0xcf, 0xa0,
    0x0, 0x1, 0x7f, 0xf7, 0x0, 0x3, 0xff, 0xfd,
    0x10, 0x0, 0x2e, 0xc8, 0x10, 0x0, 0x0,

    /* U+007E "~" */
    0x3b, 0xef, 0xda, 0x51, 0x0, 0x67, 0xdf, 0xff,
    0xff, 0xff, 0xff, 0xf8, 0xa4, 0x0, 0x27, 0xbe,
    0xfd, 0x91,

    /* U+00A0 " " */

    /* U+00A1 "¡" */
    0x1c, 0xf6, 0x5f, 0xfe, 0x3f, 0xfb, 0x3, 0x61,
    0x0, 0x0, 0x9, 0xd2, 0xb, 0xf3, 0xc, 0xf4,
    0xd, 0xf5, 0xd, 0xf6, 0xe, 0xf7, 0xf, 0xf7,
    0xf, 0xf8, 0x1f, 0xf9, 0x1f, 0xfa, 0x2f, 0xfb,
    0x3f, 0xfc,

    /* U+00A2 "¢" */
    0x0, 0x0, 0x3f, 0x80, 0x0, 0x0, 0x0, 0x3f,
    0x90, 0x0, 0x0, 0x2a, 0xef, 0xff, 0xc6, 0x5,
    0xff, 0xff, 0xff, 0xf7, 0x1f, 0xfe, 0x51, 0x3,
    0x71, 0x8f, 0xf4, 0x0, 0x0, 0x0, 0xcf, 0xd0,
    0x0, 0x0, 0x0, 0xef, 0xa0, 0x0, 0x0, 0x0,
    0xef, 0xa0, 0x0, 0x0, 0x0, 0xef, 0xb0, 0x0,
    0x0, 0x0, 0xcf, 0xd0, 0x0, 0x0, 0x0, 0x8f,
    0xf4, 0x0, 0x0, 0x0, 0x2f, 0xff, 0x73, 0x24,
    0x86, 0x5, 0xff, 0xff, 0xff, 0xf8, 0x0, 0x29,
    0xef, 0xfe, 0xa3, 0x0, 0x0, 0x3f, 0x80, 0x0,
    0x0, 0x0, 0x3f, 0x80, 0x0,

    /* U+00A3 "£" */
    0x0, 0x0, 0x6, 0xcf, 0xfe, 0xb5, 0x0, 0x0,
    0xb, 0xff, 0xff, 0xff, 0xf2, 0x0, 0x6, 0xff,
    0xa2, 0x13, 0x8a, 0x0, 0x0, 0xbf, 0xe0, 0x0,
    0x0, 0x0, 0x0, 0xd, 0xfb, 0x0, 0x0, 0x0,
    0x0, 0x0, 0xef, 0xa0, 0x0, 0x0, 0x0, 0x0,
    0xe, 0xfa, 0x0, 0x0, 0x0, 0x0, 0x0, 0xef,
    0xa0, 0x0, 0x0, 0x0, 0x1f, 0xff, 0xff, 0xff,
    0xff, 0x60, 0x1, 0xdd, 0xff, 0xfd, 0xdd, 0xd5,
    0x0, 0x0, 0xe, 0xfa, 0x0, 0x0, 0x0, 0x0,
    0x0, 0xef, 0xa0, 0x0, 0x0, 0x0, 0x0, 0xf,
    0xf9, 0x0, 0x0, 0x0, 0x0, 0x3, 0xff, 0x40,
    0x0, 0x0, 0x0, 0x5, 0xef, 0x93, 0x33, 0x33,
    0x33, 0x33, 0xff, 0xff, 0xff, 0xff, 0xff, 0xff,
    0x3f, 0xff, 0xff, 0xff, 0xff, 0xff, 0xf0,

    /* U+00A4 "¤" */
    0x7, 0x10, 0x0, 0x0, 0x5, 0x30, 0x5f, 0xd6,
    0xcf, 0xea, 0x7f, 0xf1, 0xa, 0xff, 0xfd, 0xef,
    0xff, 0x50, 0x4, 0xfd, 0x20, 0x5, 0xfe, 0x0,
    0xa, 0xf3, 0x0, 0x0, 0x8f, 0x50, 0xc, 0xf0,
    0x0, 0x0, 0x5f, 0x70, 0xa, 0xf3, 0x0, 0x0,
    0x8f, 0x50, 0x4, 0xfe, 0x20, 0x5, 0xfe, 0x0,
    0xa, 0xff, 0xfd, 0xef, 0xff, 0x40, 0x5f, 0xd6,
    0xcf, 0xea, 0x7f, 0xe0, 0x7, 0x10, 0x0, 0x0,
    0x5, 0x30,

    /* U+00A5 "¥" */
    0x7f, 0xf2, 0x0, 0x0, 0x0, 0x7f, 0xf2, 0xe,
    0xfa, 0x0, 0x0, 0x0, 0xef, 0xa0, 0x7, 0xff,
    0x20, 0x0, 0x7, 0xff, 0x20, 0x0, 0xef, 0xa0,
    0x0, 0xe, 0xf9, 0x0, 0x0, 0x6f, 0xf2, 0x0,
    0x7f, 0xf1, 0x0, 0x0, 0xd, 0xfa, 0x0, 0xef,
    0x80, 0x0, 0x0, 0x5, 0xff, 0x27, 0xfe, 0x10,
    0x0, 0x0, 0x0, 0xdf, 0xbe, 0xf7, 0x0, 0x0,
    0x0, 0x0, 0x5f, 0xff, 0xe0, 0x0, 0x0, 0x0,
    0xcf, 0xff, 0xff, 0xff, 0xf7, 0x0, 0x0, 0x8a,
    0xac, 0xff, 0xba, 0xa5, 0x0, 0x0, 0x0, 0x6,
    0xff, 0x10, 0x0, 0x0, 0x0, 0x8b, 0xbc, 0xff,
    0xbb, 0xb5, 0x0, 0x0, 0xcf, 0xff, 0xff, 0xff,
    0xf7, 0x0, 0x0, 0x0, 0x6, 0xff, 0x10, 0x0,
    0x0, 0x0, 0x0, 0x6, 0xff, 0x10, 0x0, 0x0,
    0x0, 0x0, 0x6, 0xff, 0x10, 0x0, 0x0,

    /* U+00A6 "¦" */
    0x6f, 0x96, 0xf9, 0x6f, 0x96, 0xf9, 0x6f, 0x96,
    0xf9, 0x6f, 0x96, 0xf9, 0x6f, 0x90, 0x21, 0x0,
    0x0, 0x0, 0x0, 0x0, 0x0, 0x2, 0x16, 0xf9,
    0x6f, 0x96, 0xf9, 0x6f, 0x96, 0xf9, 0x6f, 0x96,
    0xf9, 0x6f, 0x96, 0xf9,

    /* U+00A7 "§" */
    0x0, 0x6c, 0xef, 0xec, 0x71, 0xc, 0xff, 0xdc,
    0xef, 0xf3, 0x4f, 0xf2, 0x0, 0x2, 0x70, 0x5f,
    0xf0, 0x0, 0x0, 0x0, 0x1e, 0xfd, 0x50, 0x0,
    0x0, 0x2, 0xef, 0xfe, 0x81, 0x0, 0x8, 0xfd,
    0xbf, 0xfe, 0x50, 0x3f, 0xd0, 0x1, 0x9f, 0xf4,
    0x6f, 0xa0, 0x0, 0x9, 0xf9, 0x5f, 0xe2, 0x0,
    0x7, 0xf9, 0xd, 0xff, 0x71, 0x1d, 0xf4, 0x1,
    0xaf, 0xff, 0xff, 0x80, 0x0, 0x2, 0x8e, 0xff,
    0x90, 0x0, 0x0, 0x0, 0x7f, 0xf6, 0x0, 0x0,
    0x0, 0xb, 0xf9, 0x65, 0x0, 0x0, 0x1e, 0xf7,
    0xaf, 0xfd, 0xcd, 0xff, 0xd0, 0x39, 0xdf, 0xff,
    0xc7, 0x0,

    /* U+00A8 "¨" */
    0x18, 0x40, 0x3, 0x81, 0x8f, 0xe0, 0xd, 0xfa,
    0x4f, 0xa0, 0x9, 0xf5,

    /* U+00A9 "©" */
    0x0, 0x0, 0x0, 0x0, 0x0, 0x0, 0x0, 0x0,
    0x0, 0x0, 0x0, 0x6, 0xbe, 0xff, 0xea, 0x50,
    0x0, 0x0, 0x0, 0x4, 0xdf, 0xa6, 0x44, 0x6b,
    0xfd, 0x30, 0x0, 0x0, 0x5f, 0xb1, 0x0, 0x0,
    0x0, 0x2c, 0xf4, 0x0, 0x3, 0xf9, 0x0, 0x3,
    0x78, 0x73, 0x0, 0xaf, 0x20, 0xc, 0xc0, 0x0,
    0xaf, 0xff, 0xff, 0x30, 0xd, 0xc0, 0x4f, 0x40,
    0x8, 0xfc, 0x30, 0x26, 0x0, 0x5, 0xf3, 0x9e,
    0x0, 0x1f, 0xf1, 0x0, 0x0, 0x0, 0x0, 0xf8,
    0xbb, 0x0, 0x5f, 0xa0, 0x0, 0x0, 0x0, 0x0,
    0xcb, 0xca, 0x0, 0x6f, 0x80, 0x0, 0x0, 0x0,
    0x0, 0xbc, 0xcb, 0x0, 0x6f, 0x90, 0x0, 0x0,
    0x0, 0x0, 0xcb, 0x9d, 0x0, 0x3f, 0xc0, 0x0,
    0x0, 0x0, 0x0, 0xe9, 0x5f, 0x30, 0xd, 0xf4,
    0x0, 0x0, 0x0, 0x3, 0xf4, 0xe, 0xb0, 0x4,
    0xff, 0xb9, 0xbe, 0x0, 0xc, 0xe0, 0x6, 0xf7,
    0x0, 0x3b, 0xef, 0xd9, 0x0, 0x8f, 0x50, 0x0,
    0x9f, 0x90, 0x0, 0x0, 0x0, 0x9, 0xf8, 0x0,
    0x0, 0x7, 0xfe, 0x84, 0x21, 0x38, 0xef, 0x70,
    0x0, 0x0, 0x0, 0x29, 0xef, 0xff, 0xfe, 0x92,
    0x0, 0x0, 0x0, 0x0, 0x0, 0x1, 0x33, 0x10,
    0x0, 0x0, 0x0,

    /* U+00AA "ª" */
    0x4, 0xbe, 0xfd, 0x60, 0x6, 0xc8, 0x7c, 0xf4,
    0x0, 0x0, 0x2, 0xf8, 0x2, 0xae, 0xff, 0xf9,
    0xe, 0xe5, 0x34, 0xf9, 0x3f, 0x90, 0x4, 0xf9,
    0x1f, 0xc1, 0x2c, 0xf9, 0x8, 0xff, 0xf7, 0xe9,
    0x0, 0x13, 0x0, 0x22,

    /* U+00AB "«" */
    0x0, 0x0, 0x2, 0x0, 0x0, 0x20, 0x0, 0x0,
    0xa, 0xf8, 0x0, 0x8f, 0x90, 0x0, 0x8, 0xff,
    0x30, 0x6f, 0xf5, 0x0, 0x5, 0xff, 0x50, 0x3f,
    0xf7, 0x0, 0x3, 0xff, 0x80, 0x2e, 0xfa, 0x0,
    0x0, 0xef, 0xc0, 0xd, 0xfe, 0x0, 0x0, 0x8,
    0xff, 0x40, 0x6f, 0xf5, 0x0, 0x0, 0xa, 0xfe,
    0x20, 0x8f, 0xf3, 0x0, 0x0, 0xc, 0xfd, 0x0,
    0xbf, 0xe1, 0x0, 0x0, 0x1e, 0xf9, 0x0, 0xcf,
    0xb0, 0x0, 0x0, 0x38, 0x0, 0x1, 0x81, 0x0,

    /* U+00AC "¬" */
    0xce, 0xee, 0xee, 0xee, 0xee, 0xe7, 0xdf, 0xff,
    0xff, 0xff, 0xff, 0xf8, 0x0, 0x0, 0x0, 0x0,
    0x6, 0xf8, 0x0, 0x0, 0x0, 0x0, 0x6, 0xf8,
    0x0, 0x0, 0x0, 0x0, 0x6, 0xf8, 0x0, 0x0,
    0x0, 0x0, 0x6, 0xf8, 0x0, 0x0, 0x0, 0x0,
    0x3, 0x84,

    /* U+00AD "­" */
    0x2, 0x22, 0x22, 0x21, 0xff, 0xff, 0xfd, 0x1f,
    0xff, 0xff, 0xd0,

    /* U+00AE "®" */
    0x0, 0x0, 0x0, 0x0, 0x0, 0x0, 0x0, 0x0,
    0x0, 0x0, 0x0, 0x6, 0xbe, 0xff, 0xea, 0x50,
    0x0, 0x0, 0x0, 0x4, 0xdf, 0xa6, 0x44, 0x6b,
    0xfd, 0x30, 0x0, 0x0, 0x5f, 0xb1, 0x0, 0x0,
    0x0, 0x2c, 0xf4, 0x0, 0x3, 0xf9, 0x2, 0x88,
    0x87, 0x50, 0x0, 0xaf, 0x20, 0xc, 0xc0, 0x5,
    0xff, 0xff, 0xfd, 0x0, 0xd, 0xc0, 0x4f, 0x40,
    0x5, 0xf8, 0x1, 0xaf, 0x60, 0x5, 0xf3, 0x9e,
    0x0, 0x5, 0xf8, 0x0, 0x5f, 0x80, 0x0, 0xf8,
    0xbb, 0x0, 0x5, 0xf9, 0x24, 0xdf, 0x30, 0x0,
    0xcb, 0xca, 0x0, 0x5, 0xff, 0xff, 0xe5, 0x0,
    0x0, 0xbc, 0xcb, 0x0, 0x5, 0xfa, 0x5d, 0xf1,
    0x0, 0x0, 0xcb, 0x9d, 0x0, 0x5, 0xf8, 0x5,
    0xfa, 0x0, 0x0, 0xe9, 0x5f, 0x30, 0x5, 0xf8,
    0x0, 0xcf, 0x30, 0x3, 0xf4, 0xe, 0xb0, 0x5,
    0xf8, 0x0, 0x3f, 0xc0, 0xc, 0xe0, 0x6, 0xf7,
    0x3, 0xa5, 0x0, 0x7, 0xa2, 0x8f, 0x50, 0x0,
    0x9f, 0x90, 0x0, 0x0, 0x0, 0x9, 0xf8, 0x0,
    0x0, 0x7, 0xfe, 0x84, 0x21, 0x38, 0xef, 0x70,
    0x0, 0x0, 0x0, 0x29, 0xef, 0xff, 0xfe, 0x92,
    0x0, 0x0, 0x0, 0x0, 0x0, 0x1, 0x33, 0x10,
    0x0, 0x0, 0x0,

    /* U+00AF "¯" */
    0xc, 0xcc, 0xcc, 0xcc, 0xcc, 0xcc, 0xc0, 0x1f,
    0xff, 0xff, 0xff, 0xff, 0xff, 0xf1,

    /* U+00B0 "°" */
    0x0, 0x59, 0x96, 0x0, 0x0, 0xbf, 0xff, 0xfd,
    0x10, 0x6f, 0xb1, 0x18, 0xfa, 0xb, 0xf1, 0x0,
    0xe, 0xf0, 0xcf, 0x0, 0x0, 0xcf, 0x9, 0xf6,
    0x0, 0x2f, 0xd0, 0x2f, 0xfb, 0xaf, 0xf5, 0x0,
    0x2b, 0xff, 0xc4, 0x0,

    /* U+00B1 "±" */
    0x0, 0x0, 0x17, 0x60, 0x0, 0x0, 0x0, 0x0,
    0x2f, 0xd0, 0x0, 0x0, 0x0, 0x0, 0x2f, 0xd0,
    0x0, 0x0, 0x0, 0x0, 0x2f, 0xd0, 0x0, 0x0,
    0x0, 0x0, 0x2f, 0xd0, 0x0, 0x0, 0xce, 0xee,
    0xef, 0xfe, 0xee, 0xe7, 0xdf, 0xff, 0xff, 0xff,
    0xff, 0xf8, 0x0, 0x0, 0x2f, 0xd0, 0x0, 0x0,
    0x0, 0x0, 0x2f, 0xd0, 0x0, 0x0, 0x0, 0x0,
    0x2f, 0xd0, 0x0, 0x0, 0x0, 0x0, 0x2f, 0xd0,
    0x0, 0x0, 0x0, 0x0, 0x2f, 0xd0, 0x0, 0x0,
    0x0, 0x0, 0x0, 0x0, 0x0, 0x0, 0xcf, 0xff,
    0xff, 0xff, 0xff, 0xf8, 0xdf, 0xff, 0xff, 0xff,
    0xff, 0xf8,

    /* U+00B2 "²" */
    0x0, 0x59, 0x96, 0x0, 0x1c, 0xff, 0xff, 0xd0,
    0xb, 0x81, 0x1c, 0xf6, 0x0, 0x0, 0x8, 0xf7,
    0x0, 0x0, 0xc, 0xf4, 0x0, 0x0, 0x7f, 0xb0,
    0x0, 0x6, 0xfd, 0x0, 0x0, 0x6f, 0xd1, 0x0,
    0x6, 0xfc, 0x10, 0x0, 0x4f, 0xfd, 0xcc, 0xc7,
    0x6f, 0xff, 0xff, 0xf9,

    /* U+00B3 "³" */
    0x5, 0xcf, 0xfc, 0x50, 0x3f, 0xeb, 0xaf, 0xf4,
    0x4, 0x0, 0x8, 0xf8, 0x0, 0x0, 0x9, 0xf6,
    0x0, 0x78, 0xbf, 0xb0, 0x0, 0xdf, 0xff, 0x80,
    0x0, 0x0, 0x2a, 0xf9, 0x0, 0x0, 0x2, 0xfd,
    0x31, 0x0, 0x5, 0xfc, 0x8f, 0xca, 0xbf, 0xf5,
    0x3a, 0xef, 0xfc, 0x50,

    /* U+00B4 "´" */
    0x0, 0xd, 0xff, 0x30, 0x8, 0xff, 0x50, 0x3,
    0xff, 0x50, 0x0, 0xdf, 0x40, 0x0,

    /* U+00B5 "µ" */
    0xf, 0xf8, 0x0, 0x0, 0x5, 0xff, 0x30, 0xff,
    0x80, 0x0, 0x0, 0x5f, 0xf3, 0xf, 0xf8, 0x0,
    0x0, 0x5, 0xff, 0x30, 0xff, 0x80, 0x0, 0x0,
    0x5f, 0xf3, 0xf, 0xf8, 0x0, 0x0, 0x5, 0xff,
    0x30, 0xff, 0x80, 0x0, 0x0, 0x5f, 0xf3, 0xf,
    0xf8, 0x0, 0x0, 0x5, 0xff, 0x30, 0xff, 0x80,
    0x0, 0x0, 0x6f, 0xf3, 0xf, 0xf8, 0x0, 0x0,
    0x8, 0xff, 0x30, 0xff, 0xb0, 0x0, 0x0, 0xdf,
    0xf3, 0xf, 0xff, 0x60, 0x0, 0x9f, 0xff, 0x30,
    0xff, 0xff, 0xed, 0xff, 0xaf, 0xf3, 0xf, 0xf9,
    0xbf, 0xfc, 0x50, 0xef, 0x30, 0xff, 0x70, 0x0,
    0x0, 0x0, 0x0, 0xf, 0xf7, 0x0, 0x0, 0x0,
    0x0, 0x0, 0xff, 0x80, 0x0, 0x0, 0x0, 0x0,
    0xf, 0xf8, 0x0, 0x0, 0x0, 0x0, 0x0, 0xff,
    0x80, 0x0, 0x0, 0x0, 0x0, 0xf, 0xf8, 0x0,
    0x0, 0x0, 0x0, 0x0,

    /* U+00B6 "¶" */
    0x0, 0x3a, 0xef, 0xff, 0xff, 0xff, 0x40, 0x5f,
    0xff, 0xff, 0xfc, 0x9a, 0xf4, 0x1f, 0xff, 0xff,
    0xff, 0x70, 0x3f, 0x46, 0xff, 0xff, 0xff, 0xf7,
    0x3, 0xf4, 0x9f, 0xff, 0xff, 0xff, 0x70, 0x3f,
    0x4a, 0xff, 0xff, 0xff, 0xf7, 0x3, 0xf4, 0xaf,
    0xff, 0xff, 0xff, 0x70, 0x3f, 0x49, 0xff, 0xff,
    0xff, 0xf7, 0x3, 0xf4, 0x5f, 0xff, 0xff, 0xff,
    0x70, 0x3f, 0x41, 0xef, 0xff, 0xff, 0xf7, 0x3,
    0xf4, 0x5, 0xff, 0xff, 0xff, 0x70, 0x3f, 0x40,
    0x2, 0x8b, 0xba, 0xf7, 0x3, 0xf4, 0x0, 0x0,
    0x0, 0x2f, 0x70, 0x3f, 0x40, 0x0, 0x0, 0x2,
    0xf7, 0x3, 0xf4, 0x0, 0x0, 0x0, 0x2f, 0x70,
    0x3f, 0x40, 0x0, 0x0, 0x2, 0xf7, 0x3, 0xf4,
    0x0, 0x0, 0x0, 0x2f, 0x70, 0x3f, 0x40, 0x0,
    0x0, 0x2, 0xf7, 0x3, 0xf4, 0x0, 0x0, 0x0,
    0x2f, 0x70, 0x3f, 0x40, 0x0, 0x0, 0x2, 0xf7,
    0x3, 0xf4, 0x0, 0x0, 0x0, 0x2f, 0x70, 0x3f,
    0x40, 0x0, 0x0, 0x0, 0x10, 0x0, 0x10,

    /* U+00B7 "·" */
    0x3, 0x61, 0x3f, 0xfb, 0x5f, 0xfd, 0x1c, 0xf6,

    /* U+00B8 "¸" */
    0x0, 0x74, 0x0, 0x5, 0xf7, 0x0, 0x4, 0xbf,
    0xc0, 0x0, 0xc, 0xf3, 0x68, 0x9f, 0xf1, 0x9f,
    0xec, 0x40,

    /* U+00B9 "¹" */
    0x0, 0x1, 0x67, 0x0, 0x3, 0xef, 0xf0, 0x7,
    0xfe, 0xff, 0x0, 0xcd, 0x2e, 0xf0, 0x1, 0x0,
    0xff, 0x0, 0x0, 0xf, 0xf0, 0x0, 0x0, 0xff,
    0x0, 0x0, 0xf, 0xf0, 0x0, 0x0, 0xff, 0x0,
    0x0, 0xf, 0xf0, 0x0, 0x0, 0xff, 0x0,

    /* U+00BA "º" */
    0x0, 0x7d, 0xfe, 0x80, 0x0, 0x8f, 0xc8, 0xbf,
    0xa0, 0xf, 0xd0, 0x0, 0xcf, 0x23, 0xf9, 0x0,
    0x7, 0xf5, 0x3f, 0x80, 0x0, 0x7f, 0x51, 0xfb,
    0x0, 0xa, 0xf3, 0xb, 0xf6, 0x26, 0xfd, 0x0,
    0x1c, 0xff, 0xfd, 0x20, 0x0, 0x3, 0x43, 0x0,
    0x0,

    /* U+00BB "»" */
    0x0, 0x20, 0x0, 0x2, 0x0, 0x0, 0x0, 0xaf,
    0x70, 0x9, 0xf9, 0x0, 0x0, 0x5, 0xff, 0x50,
    0x4f, 0xf7, 0x0, 0x0, 0x8, 0xff, 0x30, 0x6f,
    0xf4, 0x0, 0x0, 0xb, 0xfe, 0x10, 0x9f, 0xf3,
    0x0, 0x0, 0xe, 0xfc, 0x0, 0xdf, 0xe0, 0x0,
    0x6, 0xff, 0x50, 0x5f, 0xf7, 0x0, 0x4, 0xff,
    0x70, 0x3f, 0xf9, 0x0, 0x2, 0xef, 0xa0, 0x1e,
    0xfb, 0x0, 0x0, 0xcf, 0xc0, 0xb, 0xfd, 0x10,
    0x0, 0x1, 0x81, 0x0, 0x18, 0x20, 0x0, 0x0,

    /* U+00BC "¼" */
    0x0, 0xa, 0xfd, 0x0, 0x0, 0x0, 0xd, 0xf3,
    0x0, 0x0, 0x3d, 0xff, 0xd0, 0x0, 0x0, 0x7,
    0xf9, 0x0, 0x0, 0x1f, 0xe5, 0xfd, 0x0, 0x0,
    0x1, 0xfe, 0x10, 0x0, 0x0, 0x51, 0x2f, 0xd0,
    0x0, 0x0, 0xaf, 0x60, 0x0, 0x0, 0x0, 0x2,
    0xfd, 0x0, 0x0, 0x4f, 0xc0, 0x0, 0x0, 0x0,
    0x0, 0x2f, 0xd0, 0x0, 0xd, 0xf3, 0x0, 0x0,
    0x0, 0x0, 0x2, 0xfd, 0x0, 0x7, 0xf9, 0x0,
    0x3, 0x20, 0x0, 0x0, 0x2f, 0xd0, 0x1, 0xfe,
    0x10, 0xb, 0xfc, 0x0, 0x0, 0x2, 0xfd, 0x0,
    0xaf, 0x60, 0x6, 0xff, 0xc0, 0x0, 0x0, 0x2f,
    0xd0, 0x4f, 0xc0, 0x2, 0xfa, 0xfc, 0x0, 0x0,
    0x0, 0x21, 0xd, 0xf3, 0x0, 0xcd, 0x4f, 0xc0,
    0x0, 0x0, 0x0, 0x7, 0xf9, 0x0, 0x7f, 0x34,
    0xfc, 0x0, 0x0, 0x0, 0x1, 0xfe, 0x10, 0x2f,
    0x80, 0x4f, 0xc0, 0x0, 0x0, 0x0, 0xaf, 0x60,
    0xc, 0xf9, 0x9a, 0xfe, 0x92, 0x0, 0x0, 0x4f,
    0xc0, 0x0, 0xef, 0xff, 0xff, 0xff, 0x40, 0x0,
    0xd, 0xf3, 0x0, 0x0, 0x0, 0x4, 0xfc, 0x0,
    0x0, 0x7, 0xfa, 0x0, 0x0, 0x0, 0x0, 0x4f,
    0xc0, 0x0,

    /* U+00BD "½" */
    0x0, 0x2c, 0xfa, 0x0, 0x0, 0x0, 0x6f, 0xb0,
    0x0, 0x0, 0x6f, 0xff, 0xa0, 0x0, 0x0, 0x1e,
    0xf2, 0x0, 0x0, 0x3f, 0xc6, 0xfa, 0x0, 0x0,
    0x9, 0xf8, 0x0, 0x0, 0x0, 0x40, 0x5f, 0xa0,
    0x0, 0x3, 0xfd, 0x0, 0x0, 0x0, 0x0, 0x5,
    0xfa, 0x0, 0x0, 0xcf, 0x40, 0x0, 0x0, 0x0,
    0x0, 0x5f, 0xa0, 0x0, 0x6f, 0xb0, 0x0, 0x0,
    0x0, 0x0, 0x5, 0xfa, 0x0, 0x1e, 0xf2, 0x16,
    0x98, 0x40, 0x0, 0x0, 0x5f, 0xa0, 0x9, 0xf8,
    0x5e, 0xff, 0xff, 0x80, 0x0, 0x5, 0xfa, 0x3,
    0xfe, 0x2, 0xd5, 0x4, 0xff, 0x0, 0x0, 0x5f,
    0xa0, 0xcf, 0x50, 0x0, 0x0, 0xe, 0xf1, 0x0,
    0x0, 0x21, 0x6f, 0xb0, 0x0, 0x0, 0x2, 0xfe,
    0x0, 0x0, 0x0, 0x1e, 0xf2, 0x0, 0x0, 0x0,
    0xcf, 0x60, 0x0, 0x0, 0x9, 0xf8, 0x0, 0x0,
    0x0, 0xbf, 0x80, 0x0, 0x0, 0x2, 0xfe, 0x0,
    0x0, 0x0, 0xbf, 0x90, 0x0, 0x0, 0x0, 0xcf,
    0x50, 0x0, 0x0, 0xbf, 0x80, 0x0, 0x0, 0x0,
    0x5f, 0xb0, 0x0, 0x0, 0xaf, 0xfb, 0xbb, 0xb2,
    0x0, 0xe, 0xf2, 0x0, 0x0, 0xc, 0xff, 0xff,
    0xff, 0x30,

    /* U+00BE "¾" */
    0x4, 0xbf, 0xfd, 0x60, 0x0, 0x0, 0x0, 0xdf,
    0x30, 0x2, 0xfd, 0xa9, 0xff, 0x50, 0x0, 0x0,
    0x7f, 0x90, 0x0, 0x1, 0x0, 0x7, 0xf8, 0x0,
    0x0, 0x2f, 0xe1, 0x0, 0x0, 0x1, 0x24, 0xdf,
    0x30, 0x0, 0xb, 0xf6, 0x0, 0x0, 0x0, 0xdf,
    0xff, 0x40, 0x0, 0x4, 0xfc, 0x0, 0x0, 0x0,
    0x4, 0x57, 0xef, 0x40, 0x0, 0xdf, 0x30, 0x0,
    0x0, 0x0, 0x0, 0x3, 0xfc, 0x0, 0x7f, 0x90,
    0x2, 0x31, 0x0, 0x0, 0x0, 0x2f, 0xd0, 0x2f,
    0xf1, 0x1, 0xef, 0x80, 0x58, 0x30, 0x1a, 0xf9,
    0xb, 0xf6, 0x0, 0xbf, 0xf8, 0x6, 0xff, 0xff,
    0xfd, 0x14, 0xfd, 0x0, 0x6f, 0xcf, 0x80, 0x2,
    0x68, 0x74, 0x0, 0xdf, 0x30, 0x2f, 0x98, 0xf8,
    0x0, 0x0, 0x0, 0x0, 0x7f, 0xa0, 0xb, 0xe1,
    0x9f, 0x80, 0x0, 0x0, 0x0, 0x1f, 0xf1, 0x7,
    0xf4, 0x9, 0xf8, 0x0, 0x0, 0x0, 0xa, 0xf6,
    0x1, 0xfe, 0x99, 0xcf, 0xc8, 0x0, 0x0, 0x4,
    0xfd, 0x0, 0x3f, 0xff, 0xff, 0xff, 0xf0, 0x0,
    0x0, 0xdf, 0x30, 0x0, 0x0, 0x0, 0x9f, 0x80,
    0x0, 0x0, 0x7f, 0xa0, 0x0, 0x0, 0x0, 0x9,
    0xf8, 0x0,

    /* U+00BF "¿" */
    0x0, 0x0, 0x1d, 0xf6, 0x0, 0x0, 0x0, 0x6,
    0xff, 0xc0, 0x0, 0x0, 0x0, 0x4f, 0xfa, 0x0,
    0x0, 0x0, 0x0, 0x35, 0x0, 0x0, 0x0, 0x0,
    0x0, 0x0, 0x0, 0x0, 0x0, 0x0, 0x8c, 0x30,
    0x0, 0x0, 0x0, 0xd, 0xf3, 0x0, 0x0, 0x0,
    0x5, 0xff, 0x10, 0x0, 0x0, 0x6, 0xff, 0x80,
    0x0, 0x0, 0x8, 0xff, 0x80, 0x0, 0x0, 0x9,
    0xff, 0x60, 0x0, 0x0, 0x2, 0xff, 0x60, 0x0,
    0x0, 0x0, 0x6f, 0xf0, 0x0, 0x0, 0x0, 0x6,
    0xff, 0x10, 0x0, 0x0, 0x0, 0x3f, 0xfb, 0x20,
    0x3, 0x9b, 0x0, 0xaf, 0xff, 0xff, 0xff, 0xf3,
    0x0, 0x7e, 0xff, 0xff, 0xa4, 0x0, 0x0, 0x1,
    0x21, 0x0, 0x0,

    /* U+00C0 "À" */
    0x0, 0x0, 0x38, 0x85, 0x0, 0x0, 0x0, 0x0,
    0x0, 0x0, 0xc, 0xff, 0x10, 0x0, 0x0, 0x0,
    0x0, 0x0, 0x1, 0xdf, 0xb0, 0x0, 0x0, 0x0,
    0x0, 0x0, 0x0, 0x1c, 0xf6, 0x0, 0x0, 0x0,
    0x0, 0x0, 0x0, 0x0, 0x77, 0x0, 0x0, 0x0,
    0x0, 0x0, 0x0, 0x0, 0x0, 0x0, 0x0, 0x0,
    0x0, 0x0, 0x0, 0xbf, 0xf6, 0x0, 0x0, 0x0,
    0x0, 0x0, 0x1, 0xff, 0xfc, 0x0, 0x0, 0x0,
    0x0, 0x0, 0x7, 0xfe, 0xff, 0x20, 0x0, 0x0,
    0x0, 0x0, 0xd, 0xf8, 0xdf, 0x80, 0x0, 0x0,
    0x0, 0x0, 0x3f, 0xf3, 0x8f, 0xe0, 0x0, 0x0,
    0x0, 0x0, 0x9f, 0xe0, 0x3f, 0xf4, 0x0, 0x0,
    0x0, 0x0, 0xff, 0x90, 0xd, 0xfa, 0x0, 0x0,
    0x0, 0x5, 0xff, 0x30, 0x8, 0xff, 0x10, 0x0,
    0x0, 0xc, 0xfd, 0x0, 0x2, 0xff, 0x70, 0x0,
    0x0, 0x2f, 0xf7, 0x0, 0x0, 0xcf, 0xd0, 0x0,
    0x0, 0x8f, 0xff, 0xff, 0xff, 0xff, 0xf3, 0x0,
    0x0, 0xef, 0xff, 0xff, 0xff, 0xff, 0xf9, 0x0,
    0x4, 0xff, 0x83, 0x33, 0x33, 0x3c, 0xff, 0x0,
    0xa, 0xff, 0x10, 0x0, 0x0, 0x6, 0xff, 0x50,
    0x1f, 0xfa, 0x0, 0x0, 0x0, 0x0, 0xff, 0xb0,
    0x6f, 0xf4, 0x0, 0x0, 0x0, 0x0, 0xaf, 0xf2,
    0xcf, 0xe0, 0x0, 0x0, 0x0, 0x0, 0x3f, 0xf8,

    /* U+00C1 "Á" */
    0x0, 0x0, 0x0, 0x0, 0x28, 0x85, 0x0, 0x0,
    0x0, 0x0, 0x0, 0x0, 0xcf, 0xf3, 0x0, 0x0,
    0x0, 0x0, 0x0, 0x7, 0xff, 0x40, 0x0, 0x0,
    0x0, 0x0, 0x0, 0x2f, 0xf4, 0x0, 0x0, 0x0,
    0x0, 0x0, 0x0, 0x48, 0x20, 0x0, 0x0, 0x0,
    0x0, 0x0, 0x0, 0x0, 0x0, 0x0, 0x0, 0x0,
    0x0, 0x0, 0x0, 0xbf, 0xf6, 0x0, 0x0, 0x0,
    0x0, 0x0, 0x1, 0xff, 0xfc, 0x0, 0x0, 0x0,
    0x0, 0x0, 0x7, 0xfe, 0xff, 0x20, 0x0, 0x0,
    0x0, 0x0, 0xd, 0xf8, 0xdf, 0x80, 0x0, 0x0,
    0x0, 0x0, 0x3f, 0xf3, 0x8f, 0xe0, 0x0, 0x0,
    0x0, 0x0, 0x9f, 0xe0, 0x3f, 0xf4, 0x0, 0x0,
    0x0, 0x0, 0xff, 0x90, 0xd, 0xfa, 0x0, 0x0,
    0x0, 0x5, 0xff, 0x30, 0x8, 0xff, 0x10, 0x0,
    0x0, 0xc, 0xfd, 0x0, 0x2, 0xff, 0x70, 0x0,
    0x0, 0x2f, 0xf7, 0x0, 0x0, 0xcf, 0xd0, 0x0,
    0x0, 0x8f, 0xff, 0xff, 0xff, 0xff, 0xf3, 0x0,
    0x0, 0xef, 0xff, 0xff, 0xff, 0xff, 0xf9, 0x0,
    0x4, 0xff, 0x83, 0x33, 0x33, 0x3c, 0xff, 0x0,
    0xa, 0xff, 0x10, 0x0, 0x0, 0x6, 0xff, 0x50,
    0x1f, 0xfa, 0x0, 0x0, 0x0, 0x0, 0xff, 0xb0,
    0x6f, 0xf4, 0x0, 0x0, 0x0, 0x0, 0xaf, 0xf2,
    0xcf, 0xe0, 0x0, 0x0, 0x0, 0x0, 0x3f, 0xf8,

    /* U+00C2 "Â" */
    0x0, 0x0, 0x0, 0x58, 0x82, 0x0, 0x0, 0x0,
    0x0, 0x0, 0x3, 0xff, 0xfc, 0x0, 0x0, 0x0,
    0x0, 0x0, 0x1d, 0xfa, 0xef, 0x80, 0x0, 0x0,
    0x0, 0x0, 0xcf, 0x80, 0x1d, 0xf7, 0x0, 0x0,
    0x0, 0x3, 0x84, 0x0, 0x0, 0x77, 0x0, 0x0,
    0x0, 0x0, 0x0, 0x0, 0x0, 0x0, 0x0, 0x0,
    0x0, 0x0, 0x0, 0xbf, 0xf6, 0x0, 0x0, 0x0,
    0x0, 0x0, 0x1, 0xff, 0xfc, 0x0, 0x0, 0x0,
    0x0, 0x0, 0x7, 0xfe, 0xff, 0x20, 0x0, 0x0,
    0x0, 0x0, 0xd, 0xf8, 0xdf, 0x80, 0x0, 0x0,
    0x0, 0x0, 0x3f, 0xf3, 0x8f, 0xe0, 0x0, 0x0,
    0x0, 0x0, 0x9f, 0xe0, 0x3f, 0xf4, 0x0, 0x0,
    0x0, 0x0, 0xff, 0x90, 0xd, 0xfa, 0x0, 0x0,
    0x0, 0x5, 0xff, 0x30, 0x8, 0xff, 0x10, 0x0,
    0x0, 0xc, 0xfd, 0x0, 0x2, 0xff, 0x70, 0x0,
    0x0, 0x2f, 0xf7, 0x0, 0x0, 0xcf, 0xd0, 0x0,
    0x0, 0x8f, 0xff, 0xff, 0xff, 0xff, 0xf3, 0x0,
    0x0, 0xef, 0xff, 0xff, 0xff, 0xff, 0xf9, 0x0,
    0x4, 0xff, 0x83, 0x33, 0x33, 0x3c, 0xff, 0x0,
    0xa, 0xff, 0x10, 0x0, 0x0, 0x6, 0xff, 0x50,
    0x1f, 0xfa, 0x0, 0x0, 0x0, 0x0, 0xff, 0xb0,
    0x6f, 0xf4, 0x0, 0x0, 0x0, 0x0, 0xaf, 0xf2,
    0xcf, 0xe0, 0x0, 0x0, 0x0, 0x0, 0x3f, 0xf8,

    /* U+00C3 "Ã" */
    0x0, 0x0, 0x2b, 0xc5, 0x0, 0xd, 0x40, 0x0,
    0x0, 0x0, 0xef, 0xff, 0x91, 0x7f, 0x20, 0x0,
    0x0, 0x6, 0xf4, 0x2c, 0xff, 0xfb, 0x0, 0x0,
    0x0, 0x7, 0xb0, 0x0, 0x7c, 0xa1, 0x0, 0x0,
    0x0, 0x0, 0x0, 0x0, 0x0, 0x0, 0x0, 0x0,
    0x0, 0x0, 0x0, 0xbf, 0xf6, 0x0, 0x0, 0x0,
    0x0, 0x0, 0x1, 0xff, 0xfc, 0x0, 0x0, 0x0,
    0x0, 0x0, 0x7, 0xfe, 0xff, 0x20, 0x0, 0x0,
    0x0, 0x0, 0xd, 0xf8, 0xdf, 0x80, 0x0, 0x0,
    0x0, 0x0, 0x3f, 0xf3, 0x8f, 0xe0, 0x0, 0x0,
    0x0, 0x0, 0x9f, 0xe0, 0x3f, 0xf4, 0x0, 0x0,
    0x0, 0x0, 0xff, 0x90, 0xd, 0xfa, 0x0, 0x0,
    0x0, 0x5, 0xff, 0x30, 0x8, 0xff, 0x10, 0x0,
    0x0, 0xc, 0xfd, 0x0, 0x2, 0xff, 0x70, 0x0,
    0x0, 0x2f, 0xf7, 0x0, 0x0, 0xcf, 0xd0, 0x0,
    0x0, 0x8f, 0xff, 0xff, 0xff, 0xff, 0xf3, 0x0,
    0x0, 0xef, 0xff, 0xff, 0xff, 0xff, 0xf9, 0x0,
    0x4, 0xff, 0x83, 0x33, 0x33, 0x3c, 0xff, 0x0,
    0xa, 0xff, 0x10, 0x0, 0x0, 0x6, 0xff, 0x50,
    0x1f, 0xfa, 0x0, 0x0, 0x0, 0x0, 0xff, 0xb0,
    0x6f, 0xf4, 0x0, 0x0, 0x0, 0x0, 0xaf, 0xf2,
    0xcf, 0xe0, 0x0, 0x0, 0x0, 0x0, 0x3f, 0xf8,

    /* U+00C4 "Ä" */
    0x0, 0x0, 0x38, 0x20, 0x5, 0x80, 0x0, 0x0,
    0x0, 0x0, 0xbf, 0xb0, 0xf, 0xf6, 0x0, 0x0,
    0x0, 0x0, 0x7f, 0x70, 0xc, 0xe3, 0x0, 0x0,
    0x0, 0x0, 0x0, 0x0, 0x0, 0x0, 0x0, 0x0,
    0x0, 0x0, 0x0, 0x0, 0x0, 0x0, 0x0, 0x0,
    0x0, 0x0, 0x0, 0xbf, 0xf6, 0x0, 0x0, 0x0,
    0x0, 0x0, 0x1, 0xff, 0xfc, 0x0, 0x0, 0x0,
    0x0, 0x0, 0x7, 0xfe, 0xff, 0x20, 0x0, 0x0,
    0x0, 0x0, 0xd, 0xf8, 0xdf, 0x80, 0x0, 0x0,
    0x0, 0x0, 0x3f, 0xf3, 0x8f, 0xe0, 0x0, 0x0,
    0x0, 0x0, 0x9f, 0xe0, 0x3f, 0xf4, 0x0, 0x0,
    0x0, 0x0, 0xff, 0x90, 0xd, 0xfa, 0x0, 0x0,
    0x0, 0x5, 0xff, 0x30, 0x8, 0xff, 0x10, 0x0,
    0x0, 0xc, 0xfd, 0x0, 0x2, 0xff, 0x70, 0x0,
    0x0, 0x2f, 0xf7, 0x0, 0x0, 0xcf, 0xd0, 0x0,
    0x0, 0x8f, 0xff, 0xff, 0xff, 0xff, 0xf3, 0x0,
    0x0, 0xef, 0xff, 0xff, 0xff, 0xff, 0xf9, 0x0,
    0x4, 0xff, 0x83, 0x33, 0x33, 0x3c, 0xff, 0x0,
    0xa, 0xff, 0x10, 0x0, 0x0, 0x6, 0xff, 0x50,
    0x1f, 0xfa, 0x0, 0x0, 0x0, 0x0, 0xff, 0xb0,
    0x6f, 0xf4, 0x0, 0x0, 0x0, 0x0, 0xaf, 0xf2,
    0xcf, 0xe0, 0x0, 0x0, 0x0, 0x0, 0x3f, 0xf8,

    /* U+00C5 "Å" */
    0x0, 0x0, 0x0, 0x0, 0x0, 0x0, 0x0, 0x0,
    0x0, 0x0, 0x1, 0xbf, 0xe7, 0x0, 0x0, 0x0,
    0x0, 0x0, 0xa, 0xe5, 0x8f, 0x40, 0x0, 0x0,
    0x0, 0x0, 0xd, 0x80, 0xf, 0x80, 0x0, 0x0,
    0x0, 0x0, 0xb, 0xc1, 0x4f, 0x60, 0x0, 0x0,
    0x0, 0x0, 0x3, 0xff, 0xff, 0x0, 0x0, 0x0,
    0x0, 0x0, 0x1, 0xff, 0xfc, 0x0, 0x0, 0x0,
    0x0, 0x0, 0x7, 0xfd, 0xff, 0x20, 0x0, 0x0,
    0x0, 0x0, 0xd, 0xf8, 0xdf, 0x80, 0x0, 0x0,
    0x0, 0x0, 0x3f, 0xf3, 0x8f, 0xe0, 0x0, 0x0,
    0x0, 0x0, 0x9f, 0xe0, 0x3f, 0xf4, 0x0, 0x0,
    0x0, 0x0, 0xff, 0x90, 0xd, 0xfa, 0x0, 0x0,
    0x0, 0x5, 0xff, 0x30, 0x8, 0xff, 0x10, 0x0,
    0x0, 0xc, 0xfd, 0x0, 0x2, 0xff, 0x70, 0x0,
    0x0, 0x2f, 0xf7, 0x0, 0x0, 0xcf, 0xd0, 0x0,
    0x0, 0x8f, 0xff, 0xff, 0xff, 0xff, 0xf3, 0x0,
    0x0, 0xef, 0xff, 0xff, 0xff, 0xff, 0xf9, 0x0,
    0x4, 0xff, 0x83, 0x33, 0x33, 0x3c, 0xff, 0x0,
    0xa, 0xff, 0x10, 0x0, 0x0, 0x6, 0xff, 0x50,
    0x1f, 0xfa, 0x0, 0x0, 0x0, 0x0, 0xff, 0xb0,
    0x6f, 0xf4, 0x0, 0x0, 0x0, 0x0, 0xaf, 0xf2,
    0xcf, 0xe0, 0x0, 0x0, 0x0, 0x0, 0x3f, 0xf8,

    /* U+00C6 "Æ" */
    0x0, 0x0, 0x0, 0x0, 0x4f, 0xff, 0xff, 0xff,
    0xff, 0xff, 0xf3, 0x0, 0x0, 0x0, 0x0, 0xbf,
    0xff, 0xff, 0xff, 0xff, 0xff, 0xf3, 0x0, 0x0,
    0x0, 0x3, 0xff, 0x64, 0xff, 0x92, 0x22, 0x22,
    0x20, 0x0, 0x0, 0x0, 0xa, 0xfd, 0x1, 0xff,
    0x70, 0x0, 0x0, 0x0, 0x0, 0x0, 0x0, 0x2f,
    0xf6, 0x1, 0xff, 0x70, 0x0, 0x0, 0x0, 0x0,
    0x0, 0x0, 0x9f, 0xe0, 0x1, 0xff, 0x70, 0x0,
    0x0, 0x0, 0x0, 0x0, 0x1, 0xff, 0x80, 0x1,
    0xff, 0x70, 0x0, 0x0, 0x0, 0x0, 0x0, 0x8,
    0xff, 0x10, 0x1, 0xff, 0xff, 0xff, 0xff, 0xc0,
    0x0, 0x0, 0x1f, 0xfa, 0x0, 0x1, 0xff, 0xff,
    0xff, 0xff, 0xc0, 0x0, 0x0, 0x7f, 0xf2, 0x0,
    0x1, 0xff, 0x92, 0x22, 0x22, 0x10, 0x0, 0x0,
    0xef, 0xff, 0xff, 0xff, 0xff, 0x70, 0x0, 0x0,
    0x0, 0x0, 0x7, 0xff, 0xff, 0xff, 0xff, 0xff,
    0x70, 0x0, 0x0, 0x0, 0x0, 0xe, 0xfd, 0x33,
    0x33, 0x35, 0xff, 0x70, 0x0, 0x0, 0x0, 0x0,
    0x6f, 0xf5, 0x0, 0x0, 0x1, 0xff, 0x70, 0x0,
    0x0, 0x0, 0x0, 0xdf, 0xd0, 0x0, 0x0, 0x1,
    0xff, 0x93, 0x33, 0x33, 0x30, 0x5, 0xff, 0x50,
    0x0, 0x0, 0x1, 0xff, 0xff, 0xff, 0xff, 0xf3,
    0xc, 0xfd, 0x0, 0x0, 0x0, 0x1, 0xff, 0xff,
    0xff, 0xff, 0xf3,

    /* U+00C7 "Ç" */
    0x0, 0x0, 0x18, 0xce, 0xff, 0xda, 0x50, 0x0,
    0x6, 0xff, 0xff, 0xff, 0xff, 0xf4, 0x0, 0x7f,
    0xff, 0x95, 0x34, 0x7c, 0xc0, 0x3, 0xff, 0xe2,
    0x0, 0x0, 0x0, 0x0, 0xc, 0xff, 0x30, 0x0,
    0x0, 0x0, 0x0, 0x1f, 0xfa, 0x0, 0x0, 0x0,
    0x0, 0x0, 0x5f, 0xf6, 0x0, 0x0, 0x0, 0x0,
    0x0, 0x7f, 0xf3, 0x0, 0x0, 0x0, 0x0, 0x0,
    0x8f, 0xf2, 0x0, 0x0, 0x0, 0x0, 0x0, 0x7f,
    0xf3, 0x0, 0x0, 0x0, 0x0, 0x0, 0x6f, 0xf5,
    0x0, 0x0, 0x0, 0x0, 0x0, 0x2f, 0xfa, 0x0,
    0x0, 0x0, 0x0, 0x0, 0xd, 0xff, 0x20, 0x0,
    0x0, 0x0, 0x0, 0x6, 0xff, 0xd1, 0x0, 0x0,
    0x0, 0x0, 0x0, 0xbf, 0xff, 0x84, 0x34, 0x69,
    0xa0, 0x0, 0x9, 0xff, 0xff, 0xff, 0xff, 0xd0,
    0x0, 0x0, 0x39, 0xdf, 0xff, 0xda, 0x50, 0x0,
    0x0, 0x0, 0xf, 0x80, 0x0, 0x0, 0x0, 0x0,
    0x0, 0x7f, 0xe6, 0x0, 0x0, 0x0, 0x0, 0x0,
    0x4, 0xef, 0x30, 0x0, 0x0, 0x0, 0x0, 0x0,
    0x9f, 0x50, 0x0, 0x0, 0x0, 0x5, 0x89, 0xff,
    0x20, 0x0, 0x0, 0x0, 0x7, 0xfe, 0xc4, 0x0,
    0x0,

    /* U+00C8 "È" */
    0x1, 0x88, 0x70, 0x0, 0x0, 0x0, 0x9f, 0xf5,
    0x0, 0x0, 0x0, 0xa, 0xfe, 0x10, 0x0, 0x0,
    0x0, 0xaf, 0xb0, 0x0, 0x0, 0x0, 0x6, 0x81,
    0x0, 0x0, 0x0, 0x0, 0x0, 0x0, 0xbf, 0xff,
    0xff, 0xff, 0xfe, 0xbf, 0xff, 0xff, 0xff, 0xfe,
    0xbf, 0xe2, 0x22, 0x22, 0x22, 0xbf, 0xe0, 0x0,
    0x0, 0x0, 0xbf, 0xe0, 0x0, 0x0, 0x0, 0xbf,
    0xe0, 0x0, 0x0, 0x0, 0xbf, 0xe0, 0x0, 0x0,
    0x0, 0xbf, 0xff, 0xff, 0xff, 0xf8, 0xbf, 0xff,
    0xff, 0xff, 0xf8, 0xbf, 0xe2, 0x22, 0x22, 0x21,
    0xbf, 0xe0, 0x0, 0x0, 0x0, 0xbf, 0xe0, 0x0,
    0x0, 0x0, 0xbf, 0xe0, 0x0, 0x0, 0x0, 0xbf,
    0xe0, 0x0, 0x0, 0x0, 0xbf, 0xe3, 0x33, 0x33,
    0x32, 0xbf, 0xff, 0xff, 0xff, 0xfe, 0xbf, 0xff,
    0xff, 0xff, 0xfe,

    /* U+00C9 "É" */
    0x0, 0x0, 0x0, 0x78, 0x70, 0x0, 0x0, 0x8,
    0xff, 0x60, 0x0, 0x0, 0x2f, 0xf7, 0x0, 0x0,
    0x0, 0xdf, 0x70, 0x0, 0x0, 0x2, 0x84, 0x0,
    0x0, 0x0, 0x0, 0x0, 0x0, 0x0, 0xbf, 0xff,
    0xff, 0xff, 0xfe, 0xbf, 0xff, 0xff, 0xff, 0xfe,
    0xbf, 0xe2, 0x22, 0x22, 0x22, 0xbf, 0xe0, 0x0,
    0x0, 0x0, 0xbf, 0xe0, 0x0, 0x0, 0x0, 0xbf,
    0xe0, 0x0, 0x0, 0x0, 0xbf, 0xe0, 0x0, 0x0,
    0x0, 0xbf, 0xff, 0xff, 0xff, 0xf8, 0xbf, 0xff,
    0xff, 0xff, 0xf8, 0xbf, 0xe2, 0x22, 0x22, 0x21,
    0xbf, 0xe0, 0x0, 0x0, 0x0, 0xbf, 0xe0, 0x0,
    0x0, 0x0, 0xbf, 0xe0, 0x0, 0x0, 0x0, 0xbf,
    0xe0, 0x0, 0x0, 0x0, 0xbf, 0xe3, 0x33, 0x33,
    0x32, 0xbf, 0xff, 0xff, 0xff, 0xfe, 0xbf, 0xff,
    0xff, 0xff, 0xfe,

    /* U+00CA "Ê" */
    0x0, 0x1, 0x88, 0x50, 0x0, 0x0, 0xb, 0xff,
    0xf3, 0x0, 0x0, 0x8f, 0xea, 0xfe, 0x10, 0x6,
    0xfd, 0x10, 0x8f, 0xc1, 0x7, 0x70, 0x0, 0x4,
    0x84, 0x0, 0x0, 0x0, 0x0, 0x0, 0xbf, 0xff,
    0xff, 0xff, 0xfe, 0xbf, 0xff, 0xff, 0xff, 0xfe,
    0xbf, 0xe2, 0x22, 0x22, 0x22, 0xbf, 0xe0, 0x0,
    0x0, 0x0, 0xbf, 0xe0, 0x0, 0x0, 0x0, 0xbf,
    0xe0, 0x0, 0x0, 0x0, 0xbf, 0xe0, 0x0, 0x0,
    0x0, 0xbf, 0xff, 0xff, 0xff, 0xf8, 0xbf, 0xff,
    0xff, 0xff, 0xf8, 0xbf, 0xe2, 0x22, 0x22, 0x21,
    0xbf, 0xe0, 0x0, 0x0, 0x0, 0xbf, 0xe0, 0x0,
    0x0, 0x0, 0xbf, 0xe0, 0x0, 0x0, 0x0, 0xbf,
    0xe0, 0x0, 0x0, 0x0, 0xbf, 0xe3, 0x33, 0x33,
    0x32, 0xbf, 0xff, 0xff, 0xff, 0xfe, 0xbf, 0xff,
    0xff, 0xff, 0xfe,

    /* U+00CB "Ë" */
    0x0, 0x76, 0x0, 0x28, 0x30, 0x4, 0xff, 0x20,
    0x9f, 0xd0, 0x2, 0xed, 0x0, 0x5f, 0x90, 0x0,
    0x0, 0x0, 0x0, 0x0, 0x0, 0x0, 0x0, 0x0,
    0x0, 0xbf, 0xff, 0xff, 0xff, 0xfe, 0xbf, 0xff,
    0xff, 0xff, 0xfe, 0xbf, 0xe2, 0x22, 0x22, 0x22,
    0xbf, 0xe0, 0x0, 0x0, 0x0, 0xbf, 0xe0, 0x0,
    0x0, 0x0, 0xbf, 0xe0, 0x0, 0x0, 0x0, 0xbf,
    0xe0, 0x0, 0x0, 0x0, 0xbf, 0xff, 0xff, 0xff,
    0xf8, 0xbf, 0xff, 0xff, 0xff, 0xf8, 0xbf, 0xe2,
    0x22, 0x22, 0x21, 0xbf, 0xe0, 0x0, 0x0, 0x0,
    0xbf, 0xe0, 0x0, 0x0, 0x0, 0xbf, 0xe0, 0x0,
    0x0, 0x0, 0xbf, 0xe0, 0x0, 0x0, 0x0, 0xbf,
    0xe3, 0x33, 0x33, 0x32, 0xbf, 0xff, 0xff, 0xff,
    0xfe, 0xbf, 0xff, 0xff, 0xff, 0xfe,

    /* U+00CC "Ì" */
    0x18, 0x86, 0x0, 0x0, 0xa, 0xff, 0x40, 0x0,
    0x0, 0xbf, 0xe0, 0x0, 0x0, 0xa, 0xfa, 0x0,
    0x0, 0x0, 0x68, 0x10, 0x0, 0x0, 0x0, 0x0,
    0x1f, 0xff, 0xff, 0xf9, 0xa, 0xef, 0xff, 0xc5,
    0x0, 0xf, 0xf8, 0x0, 0x0, 0xf, 0xf8, 0x0,
    0x0, 0xf, 0xf8, 0x0, 0x0, 0xf, 0xf8, 0x0,
    0x0, 0xf, 0xf8, 0x0, 0x0, 0xf, 0xf8, 0x0,
    0x0, 0xf, 0xf8, 0x0, 0x0, 0xf, 0xf8, 0x0,
    0x0, 0xf, 0xf8, 0x0, 0x0, 0xf, 0xf8, 0x0,
    0x0, 0xf, 0xf8, 0x0, 0x0, 0xf, 0xf8, 0x0,
    0x0, 0xf, 0xf8, 0x0, 0xa, 0xef, 0xff, 0xc4,
    0x1f, 0xff, 0xff, 0xf9,

    /* U+00CD "Í" */
    0x0, 0x0, 0x7, 0x87, 0x0, 0x0, 0x8, 0xff,
    0x60, 0x0, 0x3, 0xff, 0x70, 0x0, 0x0, 0xdf,
    0x70, 0x0, 0x0, 0x28, 0x40, 0x0, 0x0, 0x0,
    0x0, 0x0, 0x0, 0x1f, 0xff, 0xff, 0xf9, 0x0,
    0xae, 0xff, 0xfc, 0x50, 0x0, 0xf, 0xf8, 0x0,
    0x0, 0x0, 0xff, 0x80, 0x0, 0x0, 0xf, 0xf8,
    0x0, 0x0, 0x0, 0xff, 0x80, 0x0, 0x0, 0xf,
    0xf8, 0x0, 0x0, 0x0, 0xff, 0x80, 0x0, 0x0,
    0xf, 0xf8, 0x0, 0x0, 0x0, 0xff, 0x80, 0x0,
    0x0, 0xf, 0xf8, 0x0, 0x0, 0x0, 0xff, 0x80,
    0x0, 0x0, 0xf, 0xf8, 0x0, 0x0, 0x0, 0xff,
    0x80, 0x0, 0x0, 0xf, 0xf8, 0x0, 0x0, 0xae,
    0xff, 0xfc, 0x40, 0x1f, 0xff, 0xff, 0xf9, 0x0,

    /* U+00CE "Î" */
    0x0, 0x2, 0x88, 0x50, 0x0, 0x0, 0xc, 0xff,
    0xf3, 0x0, 0x0, 0x8f, 0xea, 0xfe, 0x10, 0x6,
    0xfd, 0x10, 0x8f, 0xc0, 0x7, 0x70, 0x0, 0x4,
    0x83, 0x0, 0x0, 0x0, 0x0, 0x0, 0x1, 0xff,
    0xff, 0xff, 0x90, 0x0, 0xae, 0xff, 0xfc, 0x50,
    0x0, 0x0, 0xff, 0x80, 0x0, 0x0, 0x0, 0xff,
    0x80, 0x0, 0x0, 0x0, 0xff, 0x80, 0x0, 0x0,
    0x0, 0xff, 0x80, 0x0, 0x0, 0x0, 0xff, 0x80,
    0x0, 0x0, 0x0, 0xff, 0x80, 0x0, 0x0, 0x0,
    0xff, 0x80, 0x0, 0x0, 0x0, 0xff, 0x80, 0x0,
    0x0, 0x0, 0xff, 0x80, 0x0, 0x0, 0x0, 0xff,
    0x80, 0x0, 0x0, 0x0, 0xff, 0x80, 0x0, 0x0,
    0x0, 0xff, 0x80, 0x0, 0x0, 0x0, 0xff, 0x80,
    0x0, 0x0, 0xae, 0xff, 0xfc, 0x40, 0x1, 0xff,
    0xff, 0xff, 0x90,

    /* U+00CF "Ï" */
    0x7, 0x60, 0x2, 0x83, 0x5f, 0xf2, 0x9, 0xfd,
    0x2e, 0xc0, 0x5, 0xf8, 0x0, 0x0, 0x0, 0x0,
    0x0, 0x0, 0x0, 0x0, 0x1f, 0xff, 0xff, 0xf9,
    0xa, 0xef, 0xff, 0xc5, 0x0, 0xf, 0xf8, 0x0,
    0x0, 0xf, 0xf8, 0x0, 0x0, 0xf, 0xf8, 0x0,
    0x0, 0xf, 0xf8, 0x0, 0x0, 0xf, 0xf8, 0x0,
    0x0, 0xf, 0xf8, 0x0, 0x0, 0xf, 0xf8, 0x0,
    0x0, 0xf, 0xf8, 0x0, 0x0, 0xf, 0xf8, 0x0,
    0x0, 0xf, 0xf8, 0x0, 0x0, 0xf, 0xf8, 0x0,
    0x0, 0xf, 0xf8, 0x0, 0x0, 0xf, 0xf8, 0x0,
    0xa, 0xef, 0xff, 0xc4, 0x1f, 0xff, 0xff, 0xf9,

    /* U+00D0 "Ð" */
    0x0, 0xaf, 0xff, 0xff, 0xed, 0x94, 0x0, 0x0,
    0x0, 0xa, 0xff, 0xff, 0xff, 0xff, 0xfc, 0x20,
    0x0, 0x0, 0xaf, 0xf2, 0x22, 0x36, 0xcf, 0xff,
    0x20, 0x0, 0xa, 0xff, 0x0, 0x0, 0x0, 0x7f,
    0xfd, 0x0, 0x0, 0xaf, 0xf0, 0x0, 0x0, 0x0,
    0x9f, 0xf6, 0x0, 0xa, 0xff, 0x0, 0x0, 0x0,
    0x1, 0xff, 0xc0, 0x0, 0xaf, 0xf0, 0x0, 0x0,
    0x0, 0xc, 0xff, 0x1, 0x3b, 0xff, 0x33, 0x32,
    0x0, 0x0, 0xaf, 0xf1, 0x5f, 0xff, 0xff, 0xff,
    0xe0, 0x0, 0xa, 0xff, 0x15, 0xff, 0xff, 0xff,
    0xfe, 0x0, 0x0, 0xaf, 0xf0, 0x0, 0xaf, 0xf0,
    0x0, 0x0, 0x0, 0xd, 0xfe, 0x0, 0xa, 0xff,
    0x0, 0x0, 0x0, 0x2, 0xff, 0xa0, 0x0, 0xaf,
    0xf0, 0x0, 0x0, 0x0, 0xaf, 0xf5, 0x0, 0xa,
    0xff, 0x0, 0x0, 0x0, 0x9f, 0xfc, 0x0, 0x0,
    0xaf, 0xf2, 0x23, 0x48, 0xef, 0xfe, 0x10, 0x0,
    0xa, 0xff, 0xff, 0xff, 0xff, 0xfb, 0x10, 0x0,
    0x0, 0xaf, 0xff, 0xff, 0xec, 0x82, 0x0, 0x0,
    0x0,

    /* U+00D1 "Ñ" */
    0x0, 0x0, 0x7c, 0x91, 0x0, 0x8a, 0x0, 0x0,
    0x0, 0x8f, 0xff, 0xd4, 0x1e, 0x90, 0x0, 0x0,
    0xe, 0xa0, 0x7f, 0xff, 0xf3, 0x0, 0x0, 0x1,
    0xd3, 0x0, 0x3b, 0xc4, 0x0, 0x0, 0x0, 0x0,
    0x0, 0x0, 0x0, 0x0, 0x0, 0xb, 0xff, 0xb0,
    0x0, 0x0, 0x0, 0x1f, 0xf5, 0xbf, 0xff, 0x50,
    0x0, 0x0, 0x1, 0xff, 0x5b, 0xff, 0xfe, 0x10,
    0x0, 0x0, 0x1f, 0xf5, 0xbf, 0xcf, 0xfa, 0x0,
    0x0, 0x1, 0xff, 0x5b, 0xf7, 0xbf, 0xf4, 0x0,
    0x0, 0x1f, 0xf5, 0xbf, 0x81, 0xff, 0xd0, 0x0,
    0x1, 0xff, 0x5b, 0xf9, 0x6, 0xff, 0x80, 0x0,
    0x1f, 0xf5, 0xbf, 0x90, 0xc, 0xff, 0x30, 0x1,
    0xff, 0x5b, 0xfa, 0x0, 0x2f, 0xfc, 0x0, 0x1f,
    0xf5, 0xbf, 0xa0, 0x0, 0x8f, 0xf7, 0x0, 0xff,
    0x5b, 0xfa, 0x0, 0x0, 0xdf, 0xf1, 0xf, 0xf5,
    0xbf, 0xa0, 0x0, 0x4, 0xff, 0xb0, 0xff, 0x5b,
    0xfa, 0x0, 0x0, 0xa, 0xff, 0x5f, 0xf5, 0xbf,
    0xa0, 0x0, 0x0, 0x1e, 0xfe, 0xff, 0x5b, 0xfa,
    0x0, 0x0, 0x0, 0x6f, 0xff, 0xf5, 0xbf, 0xa0,
    0x0, 0x0, 0x0, 0xbf, 0xff, 0x5b, 0xfa, 0x0,
    0x0, 0x0, 0x2, 0xff, 0xf5,

    /* U+00D2 "Ò" */
    0x0, 0x0, 0x6, 0x88, 0x10, 0x0, 0x0, 0x0,
    0x0, 0x0, 0x0, 0x4f, 0xfa, 0x0, 0x0, 0x0,
    0x0, 0x0, 0x0, 0x0, 0x5f, 0xf5, 0x0, 0x0,
    0x0, 0x0, 0x0, 0x0, 0x0, 0x5f, 0xe1, 0x0,
    0x0, 0x0, 0x0, 0x0, 0x0, 0x0, 0x38, 0x40,
    0x0, 0x0, 0x0, 0x0, 0x0, 0x0, 0x0, 0x0,
    0x0, 0x0, 0x0, 0x0, 0x0, 0x39, 0xdf, 0xff,
    0xc8, 0x10, 0x0, 0x0, 0x0, 0x9f, 0xff, 0xff,
    0xff, 0xff, 0x60, 0x0, 0x0, 0xaf, 0xfe, 0x74,
    0x34, 0x8f, 0xff, 0x70, 0x0, 0x5f, 0xfc, 0x0,
    0x0, 0x0, 0x1d, 0xff, 0x20, 0xd, 0xff, 0x10,
    0x0, 0x0, 0x0, 0x3f, 0xfa, 0x2, 0xff, 0x90,
    0x0, 0x0, 0x0, 0x0, 0xcf, 0xf0, 0x6f, 0xf5,
    0x0, 0x0, 0x0, 0x0, 0x8, 0xff, 0x37, 0xff,
    0x30, 0x0, 0x0, 0x0, 0x0, 0x6f, 0xf5, 0x8f,
    0xf2, 0x0, 0x0, 0x0, 0x0, 0x5, 0xff, 0x67,
    0xff, 0x30, 0x0, 0x0, 0x0, 0x0, 0x6f, 0xf4,
    0x6f, 0xf5, 0x0, 0x0, 0x0, 0x0, 0x8, 0xff,
    0x32, 0xff, 0xa0, 0x0, 0x0, 0x0, 0x0, 0xdf,
    0xf0, 0xd, 0xff, 0x10, 0x0, 0x0, 0x0, 0x4f,
    0xfa, 0x0, 0x5f, 0xfc, 0x0, 0x0, 0x0, 0x2e,
    0xff, 0x20, 0x0, 0xaf, 0xfe, 0x74, 0x34, 0x8f,
    0xff, 0x70, 0x0, 0x0, 0x9f, 0xff, 0xff, 0xff,
    0xff, 0x60, 0x0, 0x0, 0x0, 0x39, 0xdf, 0xff,
    0xc8, 0x10, 0x0, 0x0,

    /* U+00D3 "Ó" */
    0x0, 0x0, 0x0, 0x0, 0x6, 0x88, 0x20, 0x0,
    0x0, 0x0, 0x0, 0x0, 0x3, 0xff, 0xb0, 0x0,
    0x0, 0x0, 0x0, 0x0, 0x0, 0xdf, 0xc0, 0x0,
    0x0, 0x0, 0x0, 0x0, 0x0, 0x8f, 0xb0, 0x0,
    0x0, 0x0, 0x0, 0x0, 0x0, 0x7, 0x70, 0x0,
    0x0, 0x0, 0x0, 0x0, 0x0, 0x0, 0x0, 0x0,
    0x0, 0x0, 0x0, 0x0, 0x0, 0x39, 0xdf, 0xff,
    0xc8, 0x10, 0x0, 0x0, 0x0, 0x9f, 0xff, 0xff,
    0xff, 0xff, 0x60, 0x0, 0x0, 0xaf, 0xfe, 0x74,
    0x34, 0x8f, 0xff, 0x70, 0x0, 0x5f, 0xfc, 0x0,
    0x0, 0x0, 0x1d, 0xff, 0x20, 0xd, 0xff, 0x10,
    0x0, 0x0, 0x0, 0x3f, 0xfa, 0x2, 0xff, 0x90,
    0x0, 0x0, 0x0, 0x0, 0xcf, 0xf0, 0x6f, 0xf5,
    0x0, 0x0, 0x0, 0x0, 0x8, 0xff, 0x37, 0xff,
    0x30, 0x0, 0x0, 0x0, 0x0, 0x6f, 0xf5, 0x8f,
    0xf2, 0x0, 0x0, 0x0, 0x0, 0x5, 0xff, 0x67,
    0xff, 0x30, 0x0, 0x0, 0x0, 0x0, 0x6f, 0xf4,
    0x6f, 0xf5, 0x0, 0x0, 0x0, 0x0, 0x8, 0xff,
    0x32, 0xff, 0xa0, 0x0, 0x0, 0x0, 0x0, 0xdf,
    0xf0, 0xd, 0xff, 0x10, 0x0, 0x0, 0x0, 0x4f,
    0xfa, 0x0, 0x5f, 0xfc, 0x0, 0x0, 0x0, 0x2e,
    0xff, 0x20, 0x0, 0xaf, 0xfe, 0x74, 0x34, 0x8f,
    0xff, 0x70, 0x0, 0x0, 0x9f, 0xff, 0xff, 0xff,
    0xff, 0x60, 0x0, 0x0, 0x0, 0x39, 0xdf, 0xff,
    0xc8, 0x10, 0x0, 0x0,

    /* U+00D4 "Ô" */
    0x0, 0x0, 0x0, 0x7, 0x86, 0x0, 0x0, 0x0,
    0x0, 0x0, 0x0, 0x9, 0xff, 0xf5, 0x0, 0x0,
    0x0, 0x0, 0x0, 0x5, 0xff, 0x9f, 0xf3, 0x0,
    0x0, 0x0, 0x0, 0x4, 0xfe, 0x30, 0x6f, 0xe2,
    0x0, 0x0, 0x0, 0x0, 0x67, 0x10, 0x0, 0x38,
    0x50, 0x0, 0x0, 0x0, 0x0, 0x0, 0x0, 0x0,
    0x0, 0x0, 0x0, 0x0, 0x0, 0x39, 0xdf, 0xff,
    0xc8, 0x10, 0x0, 0x0, 0x0, 0x9f, 0xff, 0xff,
    0xff, 0xff, 0x60, 0x0, 0x0, 0xaf, 0xfe, 0x74,
    0x34, 0x8f, 0xff, 0x70, 0x0, 0x5f, 0xfc, 0x0,
    0x0, 0x0, 0x1d, 0xff, 0x20, 0xd, 0xff, 0x10,
    0x0, 0x0, 0x0, 0x3f, 0xfa, 0x2, 0xff, 0x90,
    0x0, 0x0, 0x0, 0x0, 0xcf, 0xf0, 0x6f, 0xf5,
    0x0, 0x0, 0x0, 0x0, 0x8, 0xff, 0x37, 0xff,
    0x30, 0x0, 0x0, 0x0, 0x0, 0x6f, 0xf5, 0x8f,
    0xf2, 0x0, 0x0, 0x0, 0x0, 0x5, 0xff, 0x67,
    0xff, 0x30, 0x0, 0x0, 0x0, 0x0, 0x6f, 0xf4,
    0x6f, 0xf5, 0x0, 0x0, 0x0, 0x0, 0x8, 0xff,
    0x32, 0xff, 0xa0, 0x0, 0x0, 0x0, 0x0, 0xdf,
    0xf0, 0xd, 0xff, 0x10, 0x0, 0x0, 0x0, 0x4f,
    0xfa, 0x0, 0x5f, 0xfc, 0x0, 0x0, 0x0, 0x2e,
    0xff, 0x20, 0x0, 0xaf, 0xfe, 0x74, 0x34, 0x8f,
    0xff, 0x70, 0x0, 0x0, 0x9f, 0xff, 0xff, 0xff,
    0xff, 0x60, 0x0, 0x0, 0x0, 0x39, 0xdf, 0xff,
    0xc8, 0x10, 0x0, 0x0,

    /* U+00D5 "Õ" */
    0x0, 0x0, 0x8, 0xcb, 0x61, 0x8, 0xb0, 0x0,
    0x0, 0x0, 0x9, 0xff, 0xff, 0xfe, 0xf9, 0x0,
    0x0, 0x0, 0x0, 0xfa, 0x13, 0x9d, 0xfa, 0x0,
    0x0, 0x0, 0x0, 0x0, 0x0, 0x0, 0x0, 0x0,
    0x0, 0x0, 0x0, 0x0, 0x0, 0x0, 0x0, 0x0,
    0x0, 0x0, 0x0, 0x0, 0x3, 0x9d, 0xff, 0xfc,
    0x81, 0x0, 0x0, 0x0, 0x9, 0xff, 0xff, 0xff,
    0xff, 0xf6, 0x0, 0x0, 0xa, 0xff, 0xe7, 0x43,
    0x48, 0xff, 0xf7, 0x0, 0x5, 0xff, 0xc0, 0x0,
    0x0, 0x1, 0xdf, 0xf2, 0x0, 0xdf, 0xf1, 0x0,
    0x0, 0x0, 0x3, 0xff, 0xa0, 0x2f, 0xf9, 0x0,
    0x0, 0x0, 0x0, 0xc, 0xff, 0x6, 0xff, 0x50,
    0x0, 0x0, 0x0, 0x0, 0x8f, 0xf3, 0x7f, 0xf3,
    0x0, 0x0, 0x0, 0x0, 0x6, 0xff, 0x58, 0xff,
    0x20, 0x0, 0x0, 0x0, 0x0, 0x5f, 0xf6, 0x7f,
    0xf3, 0x0, 0x0, 0x0, 0x0, 0x6, 0xff, 0x46,
    0xff, 0x50, 0x0, 0x0, 0x0, 0x0, 0x8f, 0xf3,
    0x2f, 0xfa, 0x0, 0x0, 0x0, 0x0, 0xd, 0xff,
    0x0, 0xdf, 0xf1, 0x0, 0x0, 0x0, 0x4, 0xff,
    0xa0, 0x5, 0xff, 0xc0, 0x0, 0x0, 0x2, 0xef,
    0xf2, 0x0, 0xa, 0xff, 0xe7, 0x43, 0x48, 0xff,
    0xf7, 0x0, 0x0, 0x9, 0xff, 0xff, 0xff, 0xff,
    0xf6, 0x0, 0x0, 0x0, 0x3, 0x9d, 0xff, 0xfc,
    0x81, 0x0, 0x0,

    /* U+00D6 "Ö" */
    0x0, 0x0, 0xd, 0xe2, 0x3, 0xeb, 0x0, 0x0,
    0x0, 0x0, 0x2, 0xff, 0x50, 0x6f, 0xf0, 0x0,
    0x0, 0x0, 0x0, 0x6, 0x70, 0x1, 0x85, 0x0,
    0x0, 0x0, 0x0, 0x0, 0x0, 0x0, 0x0, 0x0,
    0x0, 0x0, 0x0, 0x0, 0x0, 0x0, 0x0, 0x0,
    0x0, 0x0, 0x0, 0x0, 0x3, 0x9d, 0xff, 0xfc,
    0x81, 0x0, 0x0, 0x0, 0x9, 0xff, 0xff, 0xff,
    0xff, 0xf6, 0x0, 0x0, 0xa, 0xff, 0xe7, 0x43,
    0x48, 0xff, 0xf7, 0x0, 0x5, 0xff, 0xc0, 0x0,
    0x0, 0x1, 0xdf, 0xf2, 0x0, 0xdf, 0xf1, 0x0,
    0x0, 0x0, 0x3, 0xff, 0xa0, 0x2f, 0xf9, 0x0,
    0x0, 0x0, 0x0, 0xc, 0xff, 0x6, 0xff, 0x50,
    0x0, 0x0, 0x0, 0x0, 0x8f, 0xf3, 0x7f, 0xf3,
    0x0, 0x0, 0x0, 0x0, 0x6, 0xff, 0x58, 0xff,
    0x20, 0x0, 0x0, 0x0, 0x0, 0x5f, 0xf6, 0x7f,
    0xf3, 0x0, 0x0, 0x0, 0x0, 0x6, 0xff, 0x46,
    0xff, 0x50, 0x0, 0x0, 0x0, 0x0, 0x8f, 0xf3,
    0x2f, 0xfa, 0x0, 0x0, 0x0, 0x0, 0xd, 0xff,
    0x0, 0xdf, 0xf1, 0x0, 0x0, 0x0, 0x4, 0xff,
    0xa0, 0x5, 0xff, 0xc0, 0x0, 0x0, 0x2, 0xef,
    0xf2, 0x0, 0xa, 0xff, 0xe7, 0x43, 0x48, 0xff,
    0xf7, 0x0, 0x0, 0x9, 0xff, 0xff, 0xff, 0xff,
    0xf6, 0x0, 0x0, 0x0, 0x3, 0x9d, 0xff, 0xfc,
    0x81, 0x0, 0x0,

    /* U+00D7 "×" */
    0x3, 0x20, 0x0, 0x0, 0x4, 0x10, 0x2f, 0xe2,
    0x0, 0x0, 0x5f, 0xd0, 0xb, 0xfe, 0x20, 0x5,
    0xff, 0x60, 0x0, 0xbf, 0xe2, 0x6f, 0xf6, 0x0,
    0x0, 0xa, 0xfe, 0xff, 0x60, 0x0, 0x0, 0x0,
    0xcf, 0xf8, 0x0, 0x0, 0x0, 0x6, 0xff, 0xfe,
    0x20, 0x0, 0x0, 0x6f, 0xf6, 0xaf, 0xe2, 0x0,
    0x6, 0xff, 0x50, 0xa, 0xfe, 0x20, 0x3f, 0xf5,
    0x0, 0x0, 0xaf, 0xd0, 0x6, 0x50, 0x0, 0x0,
    0x8, 0x30,

    /* U+00D8 "Ø" */
    0x0, 0x0, 0x0, 0x0, 0x0, 0x0, 0x3, 0x10,
    0x0, 0x0, 0x3, 0x9d, 0xff, 0xec, 0x62, 0xee,
    0x10, 0x0, 0x9, 0xff, 0xff, 0xff, 0xff, 0xff,
    0x90, 0x0, 0xb, 0xff, 0xe7, 0x43, 0x59, 0xff,
    0xf7, 0x0, 0x5, 0xff, 0xc0, 0x0, 0x0, 0x2f,
    0xff, 0xf2, 0x0, 0xdf, 0xf1, 0x0, 0x0, 0xd,
    0xfa, 0xff, 0xa0, 0x2f, 0xf9, 0x0, 0x0, 0x9,
    0xfb, 0xd, 0xff, 0x6, 0xff, 0x50, 0x0, 0x5,
    0xfe, 0x10, 0x8f, 0xf3, 0x7f, 0xf3, 0x0, 0x1,
    0xef, 0x40, 0x6, 0xff, 0x58, 0xff, 0x30, 0x0,
    0xcf, 0x80, 0x0, 0x5f, 0xf6, 0x8f, 0xf4, 0x0,
    0x8f, 0xc0, 0x0, 0x6, 0xff, 0x56, 0xff, 0x50,
    0x4f, 0xf2, 0x0, 0x0, 0x8f, 0xf3, 0x3f, 0xf9,
    0x1e, 0xf5, 0x0, 0x0, 0xd, 0xff, 0x0, 0xdf,
    0xfb, 0xf9, 0x0, 0x0, 0x4, 0xff, 0xa0, 0x6,
    0xff, 0xfd, 0x0, 0x0, 0x2, 0xef, 0xf2, 0x0,
    0xb, 0xff, 0xe8, 0x43, 0x48, 0xff, 0xf7, 0x0,
    0x0, 0xdf, 0xff, 0xff, 0xff, 0xff, 0xf6, 0x0,
    0x0, 0x5f, 0xc2, 0x8c, 0xef, 0xfc, 0x82, 0x0,
    0x0, 0x0, 0x42, 0x0, 0x0, 0x0, 0x0, 0x0,
    0x0, 0x0,

    /* U+00D9 "Ù" */
    0x0, 0x4, 0x88, 0x30, 0x0, 0x0, 0x0, 0x0,
    0x1, 0xef, 0xe0, 0x0, 0x0, 0x0, 0x0, 0x0,
    0x2e, 0xf9, 0x0, 0x0, 0x0, 0x0, 0x0, 0x2,
    0xef, 0x40, 0x0, 0x0, 0x0, 0x0, 0x0, 0x17,
    0x60, 0x0, 0x0, 0x0, 0x0, 0x0, 0x0, 0x0,
    0x0, 0x0, 0xdf, 0xb0, 0x0, 0x0, 0x0, 0xf,
    0xf9, 0xdf, 0xb0, 0x0, 0x0, 0x0, 0xf, 0xf9,
    0xdf, 0xb0, 0x0, 0x0, 0x0, 0xf, 0xf9, 0xdf,
    0xb0, 0x0, 0x0, 0x0, 0xf, 0xf9, 0xdf, 0xb0,
    0x0, 0x0, 0x0, 0xf, 0xf9, 0xdf, 0xb0, 0x0,
    0x0, 0x0, 0xf, 0xf9, 0xdf, 0xb0, 0x0, 0x0,
    0x0, 0xf, 0xf9, 0xdf, 0xb0, 0x0, 0x0, 0x0,
    0xf, 0xf9, 0xdf, 0xb0, 0x0, 0x0, 0x0, 0xf,
    0xf9, 0xdf, 0xb0, 0x0, 0x0, 0x0, 0xf, 0xf9,
    0xdf, 0xb0, 0x0, 0x0, 0x0, 0xf, 0xf9, 0xcf,
    0xc0, 0x0, 0x0, 0x0, 0x1f, 0xf8, 0xaf, 0xf0,
    0x0, 0x0, 0x0, 0x5f, 0xf5, 0x5f, 0xf9, 0x0,
    0x0, 0x0, 0xdf, 0xf0, 0xc, 0xff, 0xb5, 0x33,
    0x6d, 0xff, 0x70, 0x1, 0xcf, 0xff, 0xff, 0xff,
    0xf8, 0x0, 0x0, 0x6, 0xbe, 0xfe, 0xd9, 0x30,
    0x0,

    /* U+00DA "Ú" */
    0x0, 0x0, 0x0, 0x4, 0x88, 0x40, 0x0, 0x0,
    0x0, 0x0, 0xe, 0xfe, 0x10, 0x0, 0x0, 0x0,
    0x0, 0x9f, 0xe2, 0x0, 0x0, 0x0, 0x0, 0x4,
    0xfe, 0x20, 0x0, 0x0, 0x0, 0x0, 0x6, 0x71,
    0x0, 0x0, 0x0, 0x0, 0x0, 0x0, 0x0, 0x0,
    0x0, 0x0, 0xdf, 0xb0, 0x0, 0x0, 0x0, 0xf,
    0xf9, 0xdf, 0xb0, 0x0, 0x0, 0x0, 0xf, 0xf9,
    0xdf, 0xb0, 0x0, 0x0, 0x0, 0xf, 0xf9, 0xdf,
    0xb0, 0x0, 0x0, 0x0, 0xf, 0xf9, 0xdf, 0xb0,
    0x0, 0x0, 0x0, 0xf, 0xf9, 0xdf, 0xb0, 0x0,
    0x0, 0x0, 0xf, 0xf9, 0xdf, 0xb0, 0x0, 0x0,
    0x0, 0xf, 0xf9, 0xdf, 0xb0, 0x0, 0x0, 0x0,
    0xf, 0xf9, 0xdf, 0xb0, 0x0, 0x0, 0x0, 0xf,
    0xf9, 0xdf, 0xb0, 0x0, 0x0, 0x0, 0xf, 0xf9,
    0xdf, 0xb0, 0x0, 0x0, 0x0, 0xf, 0xf9, 0xcf,
    0xc0, 0x0, 0x0, 0x0, 0x1f, 0xf8, 0xaf, 0xf0,
    0x0, 0x0, 0x0, 0x5f, 0xf5, 0x5f, 0xf9, 0x0,
    0x0, 0x0, 0xdf, 0xf0, 0xc, 0xff, 0xb5, 0x33,
    0x6d, 0xff, 0x70, 0x1, 0xcf, 0xff, 0xff, 0xff,
    0xf8, 0x0, 0x0, 0x6, 0xbe, 0xfe, 0xd9, 0x30,
    0x0,

    /* U+00DB "Û" */
    0x0, 0x0, 0x5, 0x88, 0x20, 0x0, 0x0, 0x0,
    0x0, 0x2f, 0xff, 0xc0, 0x0, 0x0, 0x0, 0x1,
    0xdf, 0xad, 0xf9, 0x0, 0x0, 0x0, 0xc, 0xf8,
    0x1, 0xdf, 0x70, 0x0, 0x0, 0x38, 0x40, 0x0,
    0x7, 0x70, 0x0, 0x0, 0x0, 0x0, 0x0, 0x0,
    0x0, 0x0, 0xdf, 0xb0, 0x0, 0x0, 0x0, 0xf,
    0xf9, 0xdf, 0xb0, 0x0, 0x0, 0x0, 0xf, 0xf9,
    0xdf, 0xb0, 0x0, 0x0, 0x0, 0xf, 0xf9, 0xdf,
    0xb0, 0x0, 0x0, 0x0, 0xf, 0xf9, 0xdf, 0xb0,
    0x0, 0x0, 0x0, 0xf, 0xf9, 0xdf, 0xb0, 0x0,
    0x0, 0x0, 0xf, 0xf9, 0xdf, 0xb0, 0x0, 0x0,
    0x0, 0xf, 0xf9, 0xdf, 0xb0, 0x0, 0x0, 0x0,
    0xf, 0xf9, 0xdf, 0xb0, 0x0, 0x0, 0x0, 0xf,
    0xf9, 0xdf, 0xb0, 0x0, 0x0, 0x0, 0xf, 0xf9,
    0xdf, 0xb0, 0x0, 0x0, 0x0, 0xf, 0xf9, 0xcf,
    0xc0, 0x0, 0x0, 0x0, 0x1f, 0xf8, 0xaf, 0xf0,
    0x0, 0x0, 0x0, 0x5f, 0xf5, 0x5f, 0xf9, 0x0,
    0x0, 0x0, 0xdf, 0xf0, 0xc, 0xff, 0xb5, 0x33,
    0x6d, 0xff, 0x70, 0x1, 0xcf, 0xff, 0xff, 0xff,
    0xf8, 0x0, 0x0, 0x6, 0xbe, 0xfe, 0xd9, 0x30,
    0x0,

    /* U+00DC "Ü" */
    0x0, 0x7, 0xf7, 0x0, 0xbe, 0x30, 0x0, 0x0,
    0xb, 0xfb, 0x0, 0xff, 0x70, 0x0, 0x0, 0x2,
    0x83, 0x0, 0x58, 0x0, 0x0, 0x0, 0x0, 0x0,
    0x0, 0x0, 0x0, 0x0, 0x0, 0x0, 0x0, 0x0,
    0x0, 0x0, 0x0, 0xdf, 0xb0, 0x0, 0x0, 0x0,
    0xf, 0xf9, 0xdf, 0xb0, 0x0, 0x0, 0x0, 0xf,
    0xf9, 0xdf, 0xb0, 0x0, 0x0, 0x0, 0xf, 0xf9,
    0xdf, 0xb0, 0x0, 0x0, 0x0, 0xf, 0xf9, 0xdf,
    0xb0, 0x0, 0x0, 0x0, 0xf, 0xf9, 0xdf, 0xb0,
    0x0, 0x0, 0x0, 0xf, 0xf9, 0xdf, 0xb0, 0x0,
    0x0, 0x0, 0xf, 0xf9, 0xdf, 0xb0, 0x0, 0x0,
    0x0, 0xf, 0xf9, 0xdf, 0xb0, 0x0, 0x0, 0x0,
    0xf, 0xf9, 0xdf, 0xb0, 0x0, 0x0, 0x0, 0xf,
    0xf9, 0xdf, 0xb0, 0x0, 0x0, 0x0, 0xf, 0xf9,
    0xcf, 0xc0, 0x0, 0x0, 0x0, 0x1f, 0xf8, 0xaf,
    0xf0, 0x0, 0x0, 0x0, 0x5f, 0xf5, 0x5f, 0xf9,
    0x0, 0x0, 0x0, 0xdf, 0xf0, 0xc, 0xff, 0xb5,
    0x33, 0x6d, 0xff, 0x70, 0x1, 0xcf, 0xff, 0xff,
    0xff, 0xf8, 0x0, 0x0, 0x6, 0xbe, 0xfe, 0xd9,
    0x30, 0x0,

    /* U+00DD "Ý" */
    0x0, 0x0, 0x0, 0x1, 0x88, 0x70, 0x0, 0x0,
    0x0, 0x0, 0x0, 0x9f, 0xf5, 0x0, 0x0, 0x0,
    0x0, 0x0, 0x4f, 0xf6, 0x0, 0x0, 0x0, 0x0,
    0x0, 0x1e, 0xf6, 0x0, 0x0, 0x0, 0x0, 0x0,
    0x3, 0x84, 0x0, 0x0, 0x0, 0x0, 0x0, 0x0,
    0x0, 0x0, 0x0, 0x0, 0x0, 0xbf, 0xf1, 0x0,
    0x0, 0x0, 0x1f, 0xfb, 0x3, 0xff, 0x90, 0x0,
    0x0, 0x9, 0xff, 0x30, 0xa, 0xff, 0x20, 0x0,
    0x2, 0xff, 0xa0, 0x0, 0x2f, 0xfa, 0x0, 0x0,
    0xaf, 0xf1, 0x0, 0x0, 0x9f, 0xf3, 0x0, 0x2f,
    0xf8, 0x0, 0x0, 0x1, 0xff, 0xb0, 0xb, 0xfe,
    0x10, 0x0, 0x0, 0x7, 0xff, 0x33, 0xff, 0x70,
    0x0, 0x0, 0x0, 0xe, 0xfc, 0xbf, 0xd0, 0x0,
    0x0, 0x0, 0x0, 0x6f, 0xff, 0xf5, 0x0, 0x0,
    0x0, 0x0, 0x0, 0xdf, 0xfc, 0x0, 0x0, 0x0,
    0x0, 0x0, 0x6, 0xff, 0x50, 0x0, 0x0, 0x0,
    0x0, 0x0, 0x5f, 0xf4, 0x0, 0x0, 0x0, 0x0,
    0x0, 0x5, 0xff, 0x40, 0x0, 0x0, 0x0, 0x0,
    0x0, 0x5f, 0xf4, 0x0, 0x0, 0x0, 0x0, 0x0,
    0x5, 0xff, 0x40, 0x0, 0x0, 0x0, 0x0, 0x0,
    0x5f, 0xf4, 0x0, 0x0, 0x0, 0x0, 0x0, 0x5,
    0xff, 0x40, 0x0, 0x0, 0x0,

    /* U+00DE "Þ" */
    0xbf, 0xe0, 0x0, 0x0, 0x0, 0x0, 0xbf, 0xe0,
    0x0, 0x0, 0x0, 0x0, 0xbf, 0xe0, 0x0, 0x0,
    0x0, 0x0, 0xbf, 0xff, 0xff, 0xec, 0x71, 0x0,
    0xbf, 0xff, 0xff, 0xff, 0xfe, 0x30, 0xbf, 0xe2,
    0x22, 0x4a, 0xff, 0xe0, 0xbf, 0xe0, 0x0, 0x0,
    0x9f, 0xf5, 0xbf, 0xe0, 0x0, 0x0, 0x3f, 0xf7,
    0xbf, 0xe0, 0x0, 0x0, 0x3f, 0xf7, 0xbf, 0xe0,
    0x0, 0x0, 0x8f, 0xf3, 0xbf, 0xe0, 0x0, 0x39,
    0xff, 0xc0, 0xbf, 0xff, 0xff, 0xff, 0xfd, 0x20,
    0xbf, 0xff, 0xff, 0xfd, 0x80, 0x0, 0xbf, 0xe2,
    0x11, 0x0, 0x0, 0x0, 0xbf, 0xe0, 0x0, 0x0,
    0x0, 0x0, 0xbf, 0xe0, 0x0, 0x0, 0x0, 0x0,
    0xbf, 0xe0, 0x0, 0x0, 0x0, 0x0,

    /* U+00DF "ß" */
    0x0, 0x6, 0xbe, 0xfe, 0xc8, 0x10, 0x0, 0x1,
    0xdf, 0xff, 0xff, 0xff, 0xf4, 0x0, 0x9, 0xff,
    0x93, 0x12, 0x7f, 0xfe, 0x0, 0xe, 0xfb, 0x0,
    0x0, 0x9, 0xff, 0x10, 0xf, 0xf8, 0x0, 0x0,
    0xa, 0xfe, 0x0, 0xf, 0xf8, 0x0, 0x0, 0x8f,
    0xf5, 0x0, 0xf, 0xf8, 0x0, 0xb, 0xff, 0x60,
    0x0, 0xf, 0xf8, 0x0, 0x8f, 0xf3, 0x0, 0x0,
    0xf, 0xf8, 0x0, 0xbf, 0xd0, 0x0, 0x0, 0xf,
    0xf8, 0x0, 0x8f, 0xfa, 0x10, 0x0, 0xf, 0xf8,
    0x0, 0xb, 0xff, 0xe4, 0x0, 0xf, 0xf8, 0x0,
    0x0, 0x6f, 0xff, 0x70, 0xf, 0xf8, 0x0, 0x0,
    0x2, 0xdf, 0xf3, 0xf, 0xf8, 0x0, 0x0, 0x0,
    0x1f, 0xf8, 0xf, 0xf8, 0x0, 0x0, 0x0, 0xf,
    0xf9, 0xf, 0xf8, 0x7, 0x61, 0x0, 0x7f, 0xf6,
    0xf, 0xf8, 0x9, 0xff, 0xff, 0xff, 0xd0, 0xf,
    0xf8, 0x3, 0xae, 0xff, 0xd7, 0x10,

    /* U+00E0 "à" */
    0x0, 0x3f, 0xfd, 0x0, 0x0, 0x0, 0x0, 0x4f,
    0xf8, 0x0, 0x0, 0x0, 0x0, 0x3e, 0xf4, 0x0,
    0x0, 0x0, 0x0, 0x1a, 0x90, 0x0, 0x0, 0x0,
    0x0, 0x0, 0x0, 0x0, 0x5, 0xad, 0xff, 0xd9,
    0x10, 0x5, 0xff, 0xff, 0xff, 0xfe, 0x10, 0xc,
    0x72, 0x0, 0x8f, 0xf9, 0x0, 0x0, 0x0, 0x0,
    0xdf, 0xc0, 0x0, 0x0, 0x0, 0xa, 0xfd, 0x0,
    0x15, 0x89, 0x99, 0xdf, 0xd0, 0x8f, 0xff, 0xff,
    0xff, 0xfd, 0x7f, 0xfb, 0x30, 0x0, 0xaf, 0xdd,
    0xfe, 0x0, 0x0, 0xb, 0xfd, 0xef, 0xc0, 0x0,
    0x0, 0xef, 0xdc, 0xff, 0x20, 0x1, 0xbf, 0xfd,
    0x4f, 0xff, 0xcd, 0xfe, 0x9f, 0xd0, 0x3b, 0xef,
    0xe9, 0x11, 0xfd,

    /* U+00E1 "á" */
    0x0, 0x0, 0x0, 0x7f, 0xf9, 0x0, 0x0, 0x0,
    0x3f, 0xf9, 0x0, 0x0, 0x0, 0xd, 0xf8, 0x0,
    0x0, 0x0, 0x5, 0xa5, 0x0, 0x0, 0x0, 0x0,
    0x0, 0x0, 0x0, 0x0, 0x5, 0xad, 0xff, 0xd9,
    0x10, 0x5, 0xff, 0xff, 0xff, 0xfe, 0x10, 0xc,
    0x72, 0x0, 0x8f, 0xf9, 0x0, 0x0, 0x0, 0x0,
    0xdf, 0xc0, 0x0, 0x0, 0x0, 0xa, 0xfd, 0x0,
    0x15, 0x89, 0x99, 0xdf, 0xd0, 0x8f, 0xff, 0xff,
    0xff, 0xfd, 0x7f, 0xfb, 0x30, 0x0, 0xaf, 0xdd,
    0xfe, 0x0, 0x0, 0xb, 0xfd, 0xef, 0xc0, 0x0,
    0x0, 0xef, 0xdc, 0xff, 0x20, 0x1, 0xbf, 0xfd,
    0x4f, 0xff, 0xcd, 0xfe, 0x9f, 0xd0, 0x3b, 0xef,
    0xe9, 0x11, 0xfd,

    /* U+00E2 "â" */
    0x0, 0x0, 0xcf, 0xf8, 0x0, 0x0, 0x0, 0x9f,
    0xef, 0xf5, 0x0, 0x0, 0x8f, 0xc1, 0x4f, 0xf4,
    0x0, 0x3a, 0x80, 0x0, 0x19, 0xa0, 0x0, 0x0,
    0x0, 0x0, 0x0, 0x0, 0x5, 0xad, 0xff, 0xd9,
    0x10, 0x5, 0xff, 0xff, 0xff, 0xfe, 0x10, 0xc,
    0x72, 0x0, 0x8f, 0xf9, 0x0, 0x0, 0x0, 0x0,
    0xdf, 0xc0, 0x0, 0x0, 0x0, 0xa, 0xfd, 0x0,
    0x15, 0x89, 0x99, 0xdf, 0xd0, 0x8f, 0xff, 0xff,
    0xff, 0xfd, 0x7f, 0xfb, 0x30, 0x0, 0xaf, 0xdd,
    0xfe, 0x0, 0x0, 0xb, 0xfd, 0xef, 0xc0, 0x0,
    0x0, 0xef, 0xdc, 0xff, 0x20, 0x1, 0xbf, 0xfd,
    0x4f, 0xff, 0xcd, 0xfe, 0x9f, 0xd0, 0x3b, 0xef,
    0xe9, 0x11, 0xfd,

    /* U+00E3 "ã" */
    0x0, 0x3d, 0xe7, 0x0, 0xf, 0x60, 0xe, 0xff,
    0xfb, 0x17, 0xf2, 0x5, 0xf3, 0xa, 0xff, 0xfb,
    0x0, 0x7b, 0x0, 0x6, 0xca, 0x10, 0x0, 0x0,
    0x0, 0x0, 0x0, 0x0, 0x5, 0xad, 0xff, 0xd9,
    0x10, 0x5, 0xff, 0xff, 0xff, 0xfe, 0x10, 0xc,
    0x72, 0x0, 0x8f, 0xf9, 0x0, 0x0, 0x0, 0x0,
    0xdf, 0xc0, 0x0, 0x0, 0x0, 0xa, 0xfd, 0x0,
    0x15, 0x89, 0x99, 0xdf, 0xd0, 0x8f, 0xff, 0xff,
    0xff, 0xfd, 0x7f, 0xfb, 0x30, 0x0, 0xaf, 0xdd,
    0xfe, 0x0, 0x0, 0xb, 0xfd, 0xef, 0xc0, 0x0,
    0x0, 0xef, 0xdc, 0xff, 0x20, 0x1, 0xbf, 0xfd,
    0x4f, 0xff, 0xcd, 0xfe, 0x9f, 0xd0, 0x3b, 0xef,
    0xe9, 0x11, 0xfd,

    /* U+00E4 "ä" */
    0x0, 0x6f, 0x80, 0xb, 0xe4, 0x0, 0xa, 0xfc,
    0x0, 0xff, 0x70, 0x0, 0x28, 0x30, 0x4, 0x81,
    0x0, 0x0, 0x0, 0x0, 0x0, 0x0, 0x0, 0x5a,
    0xdf, 0xfd, 0x91, 0x0, 0x5f, 0xff, 0xff, 0xff,
    0xe1, 0x0, 0xc7, 0x20, 0x8, 0xff, 0x90, 0x0,
    0x0, 0x0, 0xd, 0xfc, 0x0, 0x0, 0x0, 0x0,
    0xaf, 0xd0, 0x1, 0x58, 0x99, 0x9d, 0xfd, 0x8,
    0xff, 0xff, 0xff, 0xff, 0xd7, 0xff, 0xb3, 0x0,
    0xa, 0xfd, 0xdf, 0xe0, 0x0, 0x0, 0xbf, 0xde,
    0xfc, 0x0, 0x0, 0xe, 0xfd, 0xcf, 0xf2, 0x0,
    0x1b, 0xff, 0xd4, 0xff, 0xfc, 0xdf, 0xe9, 0xfd,
    0x3, 0xbe, 0xfe, 0x91, 0x1f, 0xd0,

    /* U+00E5 "å" */
    0x0, 0x0, 0x0, 0x0, 0x0, 0x0, 0x0, 0x2c,
    0xff, 0xa0, 0x0, 0x0, 0xb, 0xd5, 0x6f, 0x70,
    0x0, 0x0, 0xcc, 0x13, 0xf8, 0x0, 0x0, 0x4,
    0xef, 0xfd, 0x10, 0x0, 0x0, 0x0, 0x22, 0x0,
    0x0, 0x0, 0x0, 0x0, 0x0, 0x0, 0x0, 0x5,
    0xad, 0xff, 0xd9, 0x10, 0x5, 0xff, 0xff, 0xff,
    0xfe, 0x10, 0xc, 0x72, 0x0, 0x8f, 0xf9, 0x0,
    0x0, 0x0, 0x0, 0xdf, 0xc0, 0x0, 0x0, 0x0,
    0xa, 0xfd, 0x0, 0x15, 0x89, 0x99, 0xdf, 0xd0,
    0x8f, 0xff, 0xff, 0xff, 0xfd, 0x7f, 0xfb, 0x30,
    0x0, 0xaf, 0xdd, 0xfe, 0x0, 0x0, 0xb, 0xfd,
    0xef, 0xc0, 0x0, 0x0, 0xef, 0xdc, 0xff, 0x20,
    0x1, 0xbf, 0xfd, 0x4f, 0xff, 0xcd, 0xfe, 0x9f,
    0xd0, 0x3b, 0xef, 0xe9, 0x11, 0xfd,

    /* U+00E6 "æ" */
    0x1, 0x6b, 0xef, 0xeb, 0x50, 0x8, 0xdf, 0xeb,
    0x30, 0x0, 0x9f, 0xff, 0xff, 0xff, 0x7d, 0xff,
    0xff, 0xff, 0x60, 0x2, 0xb5, 0x10, 0x1b, 0xff,
    0xfd, 0x30, 0x1b, 0xff, 0x20, 0x0, 0x0, 0x0,
    0x1f, 0xff, 0x20, 0x0, 0xe, 0xf9, 0x0, 0x0,
    0x0, 0x0, 0xff, 0xd0, 0x0, 0x0, 0xbf, 0xd0,
    0x4, 0x8b, 0xcc, 0xcf, 0xfe, 0xcc, 0xcc, 0xce,
    0xfe, 0xb, 0xff, 0xff, 0xff, 0xff, 0xff, 0xff,
    0xff, 0xff, 0xf8, 0xff, 0xa3, 0x0, 0xf, 0xfb,
    0x0, 0x0, 0x0, 0x0, 0xdf, 0xd0, 0x0, 0x1,
    0xff, 0xe0, 0x0, 0x0, 0x0, 0xe, 0xfc, 0x0,
    0x0, 0x6f, 0xff, 0x50, 0x0, 0x0, 0x0, 0xbf,
    0xf5, 0x12, 0x7f, 0xfc, 0xff, 0x62, 0x12, 0x4a,
    0x43, 0xff, 0xff, 0xff, 0xf4, 0x1d, 0xff, 0xff,
    0xff, 0xf5, 0x3, 0xbe, 0xfd, 0x92, 0x0, 0x7,
    0xcf, 0xfe, 0xb6, 0x10,

    /* U+00E7 "ç" */
    0x0, 0x6, 0xbe, 0xfe, 0xb7, 0x0, 0x1c, 0xff,
    0xff, 0xff, 0xb0, 0xb, 0xff, 0xa3, 0x24, 0x84,
    0x3, 0xff, 0x90, 0x0, 0x0, 0x0, 0x8f, 0xf2,
    0x0, 0x0, 0x0, 0xa, 0xff, 0x0, 0x0, 0x0,
    0x0, 0xbf, 0xe0, 0x0, 0x0, 0x0, 0xa, 0xff,
    0x0, 0x0, 0x0, 0x0, 0x8f, 0xf2, 0x0, 0x0,
    0x0, 0x3, 0xff, 0x90, 0x0, 0x0, 0x0, 0xc,
    0xff, 0x93, 0x24, 0x79, 0x0, 0x1d, 0xff, 0xff,
    0xff, 0xc0, 0x0, 0x7, 0xcf, 0xfe, 0xb4, 0x0,
    0x0, 0x1, 0xf7, 0x0, 0x0, 0x0, 0x0, 0x8f,
    0xd5, 0x0, 0x0, 0x0, 0x0, 0x4e, 0xf2, 0x0,
    0x0, 0x0, 0x0, 0xaf, 0x40, 0x0, 0x0, 0x58,
    0x9f, 0xf1, 0x0, 0x0, 0x8, 0xfe, 0xb3, 0x0,
    0x0,

    /* U+00E8 "è" */
    0x0, 0x2f, 0xfe, 0x0, 0x0, 0x0, 0x0, 0x3,
    0xff, 0x90, 0x0, 0x0, 0x0, 0x0, 0x2e, 0xf5,
    0x0, 0x0, 0x0, 0x0, 0x1, 0x9a, 0x0, 0x0,
    0x0, 0x0, 0x0, 0x0, 0x0, 0x0, 0x0, 0x6,
    0xce, 0xfd, 0x81, 0x0, 0x1, 0xcf, 0xff, 0xff,
    0xfe, 0x20, 0xa, 0xff, 0x60, 0x4, 0xef, 0xd0,
    0x2f, 0xf6, 0x0, 0x0, 0x5f, 0xf4, 0x7f, 0xf1,
    0x0, 0x0, 0xf, 0xf7, 0xaf, 0xff, 0xff, 0xff,
    0xff, 0xf9, 0xbf, 0xfe, 0xee, 0xee, 0xee, 0xe8,
    0xaf, 0xf0, 0x0, 0x0, 0x0, 0x0, 0x8f, 0xf2,
    0x0, 0x0, 0x0, 0x0, 0x2f, 0xfb, 0x0, 0x0,
    0x0, 0x0, 0xa, 0xff, 0xa3, 0x1, 0x37, 0xc0,
    0x0, 0xbf, 0xff, 0xff, 0xff, 0xf0, 0x0, 0x5,
    0xbe, 0xff, 0xda, 0x40,

    /* U+00E9 "é" */
    0x0, 0x0, 0x0, 0x6f, 0xfa, 0x0, 0x0, 0x0,
    0x2, 0xff, 0xa0, 0x0, 0x0, 0x0, 0xc, 0xf9,
    0x0, 0x0, 0x0, 0x0, 0x4a, 0x60, 0x0, 0x0,
    0x0, 0x0, 0x0, 0x0, 0x0, 0x0, 0x0, 0x6,
    0xce, 0xfd, 0x81, 0x0, 0x1, 0xcf, 0xff, 0xff,
    0xfe, 0x20, 0xa, 0xff, 0x60, 0x4, 0xef, 0xd0,
    0x2f, 0xf6, 0x0, 0x0, 0x5f, 0xf4, 0x7f, 0xf1,
    0x0, 0x0, 0xf, 0xf7, 0xaf, 0xff, 0xff, 0xff,
    0xff, 0xf9, 0xbf, 0xfe, 0xee, 0xee, 0xee, 0xe8,
    0xaf, 0xf0, 0x0, 0x0, 0x0, 0x0, 0x8f, 0xf2,
    0x0, 0x0, 0x0, 0x0, 0x2f, 0xfb, 0x0, 0x0,
    0x0, 0x0, 0xa, 0xff, 0xa3, 0x1, 0x37, 0xc0,
    0x0, 0xbf, 0xff, 0xff, 0xff, 0xf0, 0x0, 0x5,
    0xbe, 0xff, 0xda, 0x40,

    /* U+00EA "ê" */
    0x0, 0x0, 0xbf, 0xf9, 0x0, 0x0, 0x0, 0x8,
    0xfe, 0xff, 0x60, 0x0, 0x0, 0x7f, 0xd2, 0x3e,
    0xf5, 0x0, 0x2, 0xa8, 0x0, 0x1, 0x9a, 0x10,
    0x0, 0x0, 0x0, 0x0, 0x0, 0x0, 0x0, 0x6,
    0xce, 0xfd, 0x81, 0x0, 0x1, 0xcf, 0xff, 0xff,
    0xfe, 0x20, 0xa, 0xff, 0x60, 0x4, 0xef, 0xd0,
    0x2f, 0xf6, 0x0, 0x0, 0x5f, 0xf4, 0x7f, 0xf1,
    0x0, 0x0, 0xf, 0xf7, 0xaf, 0xff, 0xff, 0xff,
    0xff, 0xf9, 0xbf, 0xfe, 0xee, 0xee, 0xee, 0xe8,
    0xaf, 0xf0, 0x0, 0x0, 0x0, 0x0, 0x8f, 0xf2,
    0x0, 0x0, 0x0, 0x0, 0x2f, 0xfb, 0x0, 0x0,
    0x0, 0x0, 0xa, 0xff, 0xa3, 0x1, 0x37, 0xc0,
    0x0, 0xbf, 0xff, 0xff, 0xff, 0xf0, 0x0, 0x5,
    0xbe, 0xff, 0xda, 0x40,

    /* U+00EB "ë" */
    0x0, 0x5f, 0x90, 0xa, 0xf4, 0x0, 0x0, 0x9f,
    0xd0, 0xe, 0xf8, 0x0, 0x0, 0x28, 0x30, 0x4,
    0x81, 0x0, 0x0, 0x0, 0x0, 0x0, 0x0, 0x0,
    0x0, 0x6, 0xce, 0xfd, 0x81, 0x0, 0x1, 0xcf,
    0xff, 0xff, 0xfe, 0x20, 0xa, 0xff, 0x60, 0x4,
    0xef, 0xd0, 0x2f, 0xf6, 0x0, 0x0, 0x5f, 0xf4,
    0x7f, 0xf1, 0x0, 0x0, 0xf, 0xf7, 0xaf, 0xff,
    0xff, 0xff, 0xff, 0xf9, 0xbf, 0xfe, 0xee, 0xee,
    0xee, 0xe8, 0xaf, 0xf0, 0x0, 0x0, 0x0, 0x0,
    0x8f, 0xf2, 0x0, 0x0, 0x0, 0x0, 0x2f, 0xfb,
    0x0, 0x0, 0x0, 0x0, 0xa, 0xff, 0xa3, 0x1,
    0x37, 0xc0, 0x0, 0xbf, 0xff, 0xff, 0xff, 0xf0,
    0x0, 0x5, 0xbe, 0xff, 0xda, 0x40,

    /* U+00EC "ì" */
    0xc, 0xff, 0x40, 0x0, 0xb, 0xfe, 0x10, 0x0,
    0xa, 0xfb, 0x0, 0x0, 0x5, 0x82, 0x0, 0x0,
    0x0, 0x0, 0x0, 0xff, 0x80, 0x0, 0xf, 0xf8,
    0x0, 0x0, 0xff, 0x80, 0x0, 0xf, 0xf8, 0x0,
    0x0, 0xff, 0x80, 0x0, 0xf, 0xf8, 0x0, 0x0,
    0xff, 0x80, 0x0, 0xf, 0xf8, 0x0, 0x0, 0xff,
    0x80, 0x0, 0xf, 0xf8, 0x0, 0x0, 0xff, 0x80,
    0x0, 0xf, 0xf8, 0x0, 0x0, 0xff, 0x80,

    /* U+00ED "í" */
    0x0, 0x2f, 0xfd, 0x10, 0xc, 0xfd, 0x10, 0x9,
    0xfb, 0x0, 0x1, 0x86, 0x0, 0x0, 0x0, 0x0,
    0x0, 0x0, 0xff, 0x80, 0x0, 0xf, 0xf8, 0x0,
    0x0, 0xff, 0x80, 0x0, 0xf, 0xf8, 0x0, 0x0,
    0xff, 0x80, 0x0, 0xf, 0xf8, 0x0, 0x0, 0xff,
    0x80, 0x0, 0xf, 0xf8, 0x0, 0x0, 0xff, 0x80,
    0x0, 0xf, 0xf8, 0x0, 0x0, 0xff, 0x80, 0x0,
    0xf, 0xf8, 0x0, 0x0, 0xff, 0x80, 0x0,

    /* U+00EE "î" */
    0x0, 0x7, 0xff, 0xd0, 0x0, 0x0, 0x4f, 0xfd,
    0xfb, 0x0, 0x4, 0xfe, 0x30, 0xaf, 0xa0, 0x7,
    0x71, 0x0, 0x5, 0x83, 0x0, 0x0, 0x0, 0x0,
    0x0, 0x0, 0x0, 0xff, 0x80, 0x0, 0x0, 0x0,
    0xff, 0x80, 0x0, 0x0, 0x0, 0xff, 0x80, 0x0,
    0x0, 0x0, 0xff, 0x80, 0x0, 0x0, 0x0, 0xff,
    0x80, 0x0, 0x0, 0x0, 0xff, 0x80, 0x0, 0x0,
    0x0, 0xff, 0x80, 0x0, 0x0, 0x0, 0xff, 0x80,
    0x0, 0x0, 0x0, 0xff, 0x80, 0x0, 0x0, 0x0,
    0xff, 0x80, 0x0, 0x0, 0x0, 0xff, 0x80, 0x0,
    0x0, 0x0, 0xff, 0x80, 0x0, 0x0, 0x0, 0xff,
    0x80, 0x0,

    /* U+00EF "ï" */
    0x2e, 0xc0, 0x6, 0xf8, 0x5f, 0xf2, 0xa, 0xfd,
    0x7, 0x60, 0x2, 0x83, 0x0, 0x0, 0x0, 0x0,
    0x0, 0xf, 0xf8, 0x0, 0x0, 0xf, 0xf8, 0x0,
    0x0, 0xf, 0xf8, 0x0, 0x0, 0xf, 0xf8, 0x0,
    0x0, 0xf, 0xf8, 0x0, 0x0, 0xf, 0xf8, 0x0,
    0x0, 0xf, 0xf8, 0x0, 0x0, 0xf, 0xf8, 0x0,
    0x0, 0xf, 0xf8, 0x0, 0x0, 0xf, 0xf8, 0x0,
    0x0, 0xf, 0xf8, 0x0, 0x0, 0xf, 0xf8, 0x0,
    0x0, 0xf, 0xf8, 0x0,

    /* U+00F0 "ð" */
    0x0, 0x0, 0x93, 0x0, 0x6, 0x20, 0x0, 0x0,
    0x7f, 0xf9, 0x4d, 0xfc, 0x0, 0x0, 0x0, 0x6e,
    0xff, 0xf9, 0x10, 0x0, 0x0, 0x8, 0xff, 0xff,
    0x30, 0x0, 0x0, 0xd, 0xfe, 0x5c, 0xfe, 0x10,
    0x0, 0x0, 0x57, 0x0, 0x1e, 0xfa, 0x0, 0x0,
    0x0, 0x0, 0x0, 0x3f, 0xf3, 0x0, 0x1, 0x8c,
    0xee, 0xc6, 0xbf, 0xa0, 0x2, 0xef, 0xff, 0xff,
    0xfe, 0xff, 0x0, 0xdf, 0xf6, 0x10, 0x2a, 0xff,
    0xf3, 0x5f, 0xf7, 0x0, 0x0, 0xc, 0xff, 0x59,
    0xff, 0x0, 0x0, 0x0, 0x5f, 0xf6, 0xbf, 0xe0,
    0x0, 0x0, 0x3, 0xff, 0x6a, 0xfe, 0x0, 0x0,
    0x0, 0x3f, 0xf5, 0x8f, 0xf1, 0x0, 0x0, 0x6,
    0xff, 0x23, 0xff, 0x70, 0x0, 0x0, 0xcf, 0xc0,
    0xb, 0xff, 0x61, 0x2, 0xaf, 0xf4, 0x0, 0x1c,
    0xff, 0xff, 0xff, 0xf7, 0x0, 0x0, 0x6, 0xce,
    0xfe, 0xa3, 0x0, 0x0,

    /* U+00F1 "ñ" */
    0x0, 0x7, 0xed, 0x30, 0x5, 0xf0, 0x0, 0x5,
    0xfe, 0xff, 0x71, 0xcd, 0x0, 0x0, 0xbd, 0x2,
    0xdf, 0xff, 0x60, 0x0, 0xb, 0x60, 0x1, 0x9c,
    0x70, 0x0, 0x0, 0x0, 0x0, 0x0, 0x0, 0x0,
    0x0, 0xff, 0x11, 0x9e, 0xfe, 0xb3, 0x0, 0xf,
    0xf7, 0xff, 0xff, 0xff, 0xf4, 0x0, 0xff, 0xfd,
    0x51, 0x28, 0xff, 0xd0, 0xf, 0xff, 0x20, 0x0,
    0xa, 0xff, 0x10, 0xff, 0xc0, 0x0, 0x0, 0x6f,
    0xf2, 0xf, 0xf9, 0x0, 0x0, 0x5, 0xff, 0x20,
    0xff, 0x80, 0x0, 0x0, 0x5f, 0xf2, 0xf, 0xf8,
    0x0, 0x0, 0x5, 0xff, 0x20, 0xff, 0x80, 0x0,
    0x0, 0x5f, 0xf2, 0xf, 0xf8, 0x0, 0x0, 0x5,
    0xff, 0x20, 0xff, 0x80, 0x0, 0x0, 0x5f, 0xf2,
    0xf, 0xf8, 0x0, 0x0, 0x5, 0xff, 0x20, 0xff,
    0x80, 0x0, 0x0, 0x5f, 0xf2,

    /* U+00F2 "ò" */
    0x0, 0xb, 0xff, 0x50, 0x0, 0x0, 0x0, 0x0,
    0xb, 0xfe, 0x10, 0x0, 0x0, 0x0, 0x0, 0xa,
    0xfb, 0x0, 0x0, 0x0, 0x0, 0x0, 0x7, 0xa4,
    0x0, 0x0, 0x0, 0x0, 0x0, 0x0, 0x0, 0x0,
    0x0, 0x0, 0x6c, 0xef, 0xda, 0x30, 0x0, 0x1,
    0xcf, 0xff, 0xff, 0xff, 0x70, 0x0, 0xbf, 0xf8,
    0x20, 0x3b, 0xff, 0x50, 0x3f, 0xf9, 0x0, 0x0,
    0xe, 0xfd, 0x8, 0xff, 0x20, 0x0, 0x0, 0x8f,
    0xf2, 0xaf, 0xf0, 0x0, 0x0, 0x5, 0xff, 0x5b,
    0xfe, 0x0, 0x0, 0x0, 0x3f, 0xf6, 0xaf, 0xf0,
    0x0, 0x0, 0x5, 0xff, 0x57, 0xff, 0x20, 0x0,
    0x0, 0x8f, 0xf2, 0x2f, 0xf9, 0x0, 0x0, 0xe,
    0xfe, 0x0, 0x9f, 0xf8, 0x10, 0x3b, 0xff, 0x50,
    0x0, 0xbf, 0xff, 0xff, 0xff, 0x80, 0x0, 0x0,
    0x5b, 0xef, 0xea, 0x30, 0x0,

    /* U+00F3 "ó" */
    0x0, 0x0, 0x0, 0x1e, 0xfe, 0x10, 0x0, 0x0,
    0x0, 0xa, 0xfe, 0x20, 0x0, 0x0, 0x0, 0x6,
    0xfd, 0x20, 0x0, 0x0, 0x0, 0x0, 0xa9, 0x10,
    0x0, 0x0, 0x0, 0x0, 0x0, 0x0, 0x0, 0x0,
    0x0, 0x0, 0x6c, 0xef, 0xda, 0x30, 0x0, 0x1,
    0xcf, 0xff, 0xff, 0xff, 0x70, 0x0, 0xbf, 0xf8,
    0x20, 0x3b, 0xff, 0x50, 0x3f, 0xf9, 0x0, 0x0,
    0xe, 0xfd, 0x8, 0xff, 0x20, 0x0, 0x0, 0x8f,
    0xf2, 0xaf, 0xf0, 0x0, 0x0, 0x5, 0xff, 0x5b,
    0xfe, 0x0, 0x0, 0x0, 0x3f, 0xf6, 0xaf, 0xf0,
    0x0, 0x0, 0x5, 0xff, 0x57, 0xff, 0x20, 0x0,
    0x0, 0x8f, 0xf2, 0x2f, 0xf9, 0x0, 0x0, 0xe,
    0xfe, 0x0, 0x9f, 0xf8, 0x10, 0x3b, 0xff, 0x50,
    0x0, 0xbf, 0xff, 0xff, 0xff, 0x80, 0x0, 0x0,
    0x5b, 0xef, 0xea, 0x30, 0x0,

    /* U+00F4 "ô" */
    0x0, 0x0, 0x5f, 0xfe, 0x10, 0x0, 0x0, 0x0,
    0x2f, 0xfe, 0xfc, 0x0, 0x0, 0x0, 0x2e, 0xf6,
    0xb, 0xfb, 0x0, 0x0, 0x8, 0xa3, 0x0, 0x6,
    0xa5, 0x0, 0x0, 0x0, 0x0, 0x0, 0x0, 0x0,
    0x0, 0x0, 0x6c, 0xef, 0xda, 0x30, 0x0, 0x1,
    0xcf, 0xff, 0xff, 0xff, 0x70, 0x0, 0xbf, 0xf8,
    0x20, 0x3b, 0xff, 0x50, 0x3f, 0xf9, 0x0, 0x0,
    0xe, 0xfd, 0x8, 0xff, 0x20, 0x0, 0x0, 0x8f,
    0xf2, 0xaf, 0xf0, 0x0, 0x0, 0x5, 0xff, 0x5b,
    0xfe, 0x0, 0x0, 0x0, 0x3f, 0xf6, 0xaf, 0xf0,
    0x0, 0x0, 0x5, 0xff, 0x57, 0xff, 0x20, 0x0,
    0x0, 0x8f, 0xf2, 0x2f, 0xf9, 0x0, 0x0, 0xe,
    0xfe, 0x0, 0x9f, 0xf8, 0x10, 0x3b, 0xff, 0x50,
    0x0, 0xbf, 0xff, 0xff, 0xff, 0x80, 0x0, 0x0,
    0x5b, 0xef, 0xea, 0x30, 0x0,

    /* U+00F5 "õ" */
    0x0, 0x1b, 0xfd, 0x70, 0xb, 0xc0, 0x0, 0xb,
    0xfe, 0xff, 0xfe, 0xf7, 0x0, 0x0, 0xf7, 0x1,
    0x8e, 0xe9, 0x0, 0x0, 0x0, 0x0, 0x0, 0x0,
    0x0, 0x0, 0x0, 0x0, 0x0, 0x0, 0x0, 0x0,
    0x0, 0x0, 0x6c, 0xef, 0xda, 0x30, 0x0, 0x1,
    0xcf, 0xff, 0xff, 0xff, 0x70, 0x0, 0xbf, 0xf8,
    0x20, 0x3b, 0xff, 0x50, 0x3f, 0xf9, 0x0, 0x0,
    0xe, 0xfd, 0x8, 0xff, 0x20, 0x0, 0x0, 0x8f,
    0xf2, 0xaf, 0xf0, 0x0, 0x0, 0x5, 0xff, 0x5b,
    0xfe, 0x0, 0x0, 0x0, 0x3f, 0xf6, 0xaf, 0xf0,
    0x0, 0x0, 0x5, 0xff, 0x57, 0xff, 0x20, 0x0,
    0x0, 0x8f, 0xf2, 0x2f, 0xf9, 0x0, 0x0, 0xe,
    0xfe, 0x0, 0x9f, 0xf8, 0x10, 0x3b, 0xff, 0x50,
    0x0, 0xbf, 0xff, 0xff, 0xff, 0x80, 0x0, 0x0,
    0x5b, 0xef, 0xea, 0x30, 0x0,

    /* U+00F6 "ö" */
    0x0, 0x1d, 0xd1, 0x4, 0xfa, 0x0, 0x0, 0x3,
    0xff, 0x30, 0x8f, 0xe0, 0x0, 0x0, 0x7, 0x60,
    0x1, 0x84, 0x0, 0x0, 0x0, 0x0, 0x0, 0x0,
    0x0, 0x0, 0x0, 0x6, 0xce, 0xfd, 0xa3, 0x0,
    0x0, 0x1c, 0xff, 0xff, 0xff, 0xf7, 0x0, 0xb,
    0xff, 0x82, 0x3, 0xbf, 0xf5, 0x3, 0xff, 0x90,
    0x0, 0x0, 0xef, 0xd0, 0x8f, 0xf2, 0x0, 0x0,
    0x8, 0xff, 0x2a, 0xff, 0x0, 0x0, 0x0, 0x5f,
    0xf5, 0xbf, 0xe0, 0x0, 0x0, 0x3, 0xff, 0x6a,
    0xff, 0x0, 0x0, 0x0, 0x5f, 0xf5, 0x7f, 0xf2,
    0x0, 0x0, 0x8, 0xff, 0x22, 0xff, 0x90, 0x0,
    0x0, 0xef, 0xe0, 0x9, 0xff, 0x81, 0x3, 0xbf,
    0xf5, 0x0, 0xb, 0xff, 0xff, 0xff, 0xf8, 0x0,
    0x0, 0x5, 0xbe, 0xfe, 0xa3, 0x0, 0x0,

    /* U+00F7 "÷" */
    0x0, 0x0, 0x0, 0x0, 0x0, 0x0, 0x0, 0x0,
    0x4f, 0xd0, 0x0, 0x0, 0x0, 0x0, 0x8f, 0xf3,
    0x0, 0x0, 0x0, 0x0, 0x4e, 0xc0, 0x0, 0x0,
    0x0, 0x0, 0x0, 0x0, 0x0, 0x0, 0xce, 0xee,
    0xee, 0xee, 0xee, 0xe8, 0xdf, 0xff, 0xff, 0xff,
    0xff, 0xf8, 0x0, 0x0, 0x0, 0x0, 0x0, 0x0,
    0x0, 0x0, 0x0, 0x0, 0x0, 0x0, 0x0, 0x0,
    0x4f, 0xd0, 0x0, 0x0, 0x0, 0x0, 0x8f, 0xf3,
    0x0, 0x0, 0x0, 0x0, 0x4e, 0xc0, 0x0, 0x0,

    /* U+00F8 "ø" */
    0x0, 0x0, 0x0, 0x0, 0x0, 0x30, 0x0, 0x0,
    0x6c, 0xef, 0xd9, 0x7f, 0x70, 0x1, 0xcf, 0xff,
    0xff, 0xff, 0xf2, 0x0, 0xbf, 0xf8, 0x21, 0x5f,
    0xff, 0x40, 0x3f, 0xf8, 0x0, 0x8, 0xff, 0xfc,
    0x8, 0xff, 0x20, 0x4, 0xfe, 0x9f, 0xf1, 0xaf,
    0xf0, 0x1, 0xef, 0x44, 0xff, 0x5b, 0xfe, 0x0,
    0xbf, 0x80, 0x3f, 0xf5, 0xaf, 0xe0, 0x7f, 0xc0,
    0x5, 0xff, 0x57, 0xff, 0x6f, 0xe1, 0x0, 0x8f,
    0xf2, 0x2f, 0xff, 0xf4, 0x0, 0xe, 0xfd, 0x0,
    0xaf, 0xfd, 0x21, 0x3c, 0xff, 0x50, 0x6, 0xff,
    0xff, 0xff, 0xff, 0x70, 0x0, 0xdf, 0x6b, 0xef,
    0xea, 0x30, 0x0, 0x1, 0x40, 0x0, 0x0, 0x0,
    0x0, 0x0,

    /* U+00F9 "ù" */
    0x0, 0x7, 0xff, 0x80, 0x0, 0x0, 0x0, 0x0,
    0x8, 0xff, 0x40, 0x0, 0x0, 0x0, 0x0, 0x6,
    0xfe, 0x10, 0x0, 0x0, 0x0, 0x0, 0x3, 0x85,
    0x0, 0x0, 0x0, 0x0, 0x0, 0x0, 0x0, 0x0,
    0x2, 0xff, 0x60, 0x0, 0x0, 0x7f, 0xf1, 0x2f,
    0xf6, 0x0, 0x0, 0x7, 0xff, 0x12, 0xff, 0x60,
    0x0, 0x0, 0x7f, 0xf1, 0x2f, 0xf6, 0x0, 0x0,
    0x7, 0xff, 0x12, 0xff, 0x60, 0x0, 0x0, 0x7f,
    0xf1, 0x2f, 0xf6, 0x0, 0x0, 0x7, 0xff, 0x12,
    0xff, 0x60, 0x0, 0x0, 0x7f, 0xf1, 0x2f, 0xf6,
    0x0, 0x0, 0x8, 0xff, 0x12, 0xff, 0x70, 0x0,
    0x0, 0xaf, 0xf1, 0x1f, 0xfa, 0x0, 0x0, 0xe,
    0xff, 0x10, 0xdf, 0xf4, 0x0, 0x1a, 0xff, 0xf1,
    0x4, 0xff, 0xfe, 0xdf, 0xfa, 0xff, 0x10, 0x3,
    0xbe, 0xfe, 0xa3, 0xf, 0xf1,

    /* U+00FA "ú" */
    0x0, 0x0, 0x0, 0xd, 0xff, 0x30, 0x0, 0x0,
    0x0, 0x8, 0xff, 0x30, 0x0, 0x0, 0x0, 0x5,
    0xfd, 0x20, 0x0, 0x0, 0x0, 0x0, 0x77, 0x10,
    0x0, 0x0, 0x0, 0x0, 0x0, 0x0, 0x0, 0x0,
    0x2, 0xff, 0x60, 0x0, 0x0, 0x7f, 0xf1, 0x2f,
    0xf6, 0x0, 0x0, 0x7, 0xff, 0x12, 0xff, 0x60,
    0x0, 0x0, 0x7f, 0xf1, 0x2f, 0xf6, 0x0, 0x0,
    0x7, 0xff, 0x12, 0xff, 0x60, 0x0, 0x0, 0x7f,
    0xf1, 0x2f, 0xf6, 0x0, 0x0, 0x7, 0xff, 0x12,
    0xff, 0x60, 0x0, 0x0, 0x7f, 0xf1, 0x2f, 0xf6,
    0x0, 0x0, 0x8, 0xff, 0x12, 0xff, 0x70, 0x0,
    0x0, 0xaf, 0xf1, 0x1f, 0xfa, 0x0, 0x0, 0xe,
    0xff, 0x10, 0xdf, 0xf4, 0x0, 0x1a, 0xff, 0xf1,
    0x4, 0xff, 0xfe, 0xdf, 0xfa, 0xff, 0x10, 0x3,
    0xbe, 0xfe, 0xa3, 0xf, 0xf1,

    /* U+00FB "û" */
    0x0, 0x0, 0x3f, 0xff, 0x30, 0x0, 0x0, 0x0,
    0x2e, 0xfd, 0xfe, 0x10, 0x0, 0x0, 0x1d, 0xf6,
    0x7, 0xfd, 0x20, 0x0, 0x5, 0x82, 0x0, 0x2,
    0x86, 0x0, 0x0, 0x0, 0x0, 0x0, 0x0, 0x0,
    0x2, 0xff, 0x60, 0x0, 0x0, 0x7f, 0xf1, 0x2f,
    0xf6, 0x0, 0x0, 0x7, 0xff, 0x12, 0xff, 0x60,
    0x0, 0x0, 0x7f, 0xf1, 0x2f, 0xf6, 0x0, 0x0,
    0x7, 0xff, 0x12, 0xff, 0x60, 0x0, 0x0, 0x7f,
    0xf1, 0x2f, 0xf6, 0x0, 0x0, 0x7, 0xff, 0x12,
    0xff, 0x60, 0x0, 0x0, 0x7f, 0xf1, 0x2f, 0xf6,
    0x0, 0x0, 0x8, 0xff, 0x12, 0xff, 0x70, 0x0,
    0x0, 0xaf, 0xf1, 0x1f, 0xfa, 0x0, 0x0, 0xe,
    0xff, 0x10, 0xdf, 0xf4, 0x0, 0x1a, 0xff, 0xf1,
    0x4, 0xff, 0xfe, 0xdf, 0xfa, 0xff, 0x10, 0x3,
    0xbe, 0xfe, 0xa3, 0xf, 0xf1,

    /* U+00FC "ü" */
    0x0, 0xc, 0xe3, 0x2, 0xec, 0x0, 0x0, 0x0,
    0xff, 0x60, 0x5f, 0xf2, 0x0, 0x0, 0x5, 0x80,
    0x0, 0x76, 0x0, 0x0, 0x0, 0x0, 0x0, 0x0,
    0x0, 0x0, 0x2f, 0xf6, 0x0, 0x0, 0x7, 0xff,
    0x12, 0xff, 0x60, 0x0, 0x0, 0x7f, 0xf1, 0x2f,
    0xf6, 0x0, 0x0, 0x7, 0xff, 0x12, 0xff, 0x60,
    0x0, 0x0, 0x7f, 0xf1, 0x2f, 0xf6, 0x0, 0x0,
    0x7, 0xff, 0x12, 0xff, 0x60, 0x0, 0x0, 0x7f,
    0xf1, 0x2f, 0xf6, 0x0, 0x0, 0x7, 0xff, 0x12,
    0xff, 0x60, 0x0, 0x0, 0x8f, 0xf1, 0x2f, 0xf7,
    0x0, 0x0, 0xa, 0xff, 0x11, 0xff, 0xa0, 0x0,
    0x0, 0xef, 0xf1, 0xd, 0xff, 0x40, 0x1, 0xaf,
    0xff, 0x10, 0x4f, 0xff, 0xed, 0xff, 0xaf, 0xf1,
    0x0, 0x3b, 0xef, 0xea, 0x30, 0xff, 0x10,

    /* U+00FD "ý" */
    0x0, 0x0, 0x0, 0x1e, 0xfe, 0x10, 0x0, 0x0,
    0x0, 0xb, 0xfd, 0x20, 0x0, 0x0, 0x0, 0x8,
    0xfc, 0x10, 0x0, 0x0, 0x0, 0x0, 0x87, 0x0,
    0x0, 0x0, 0x0, 0x0, 0x0, 0x0, 0x0, 0x0,
    0xc, 0xfe, 0x0, 0x0, 0x0, 0x3f, 0xf7, 0x6f,
    0xf4, 0x0, 0x0, 0x9, 0xff, 0x10, 0xff, 0xa0,
    0x0, 0x0, 0xef, 0xb0, 0x9, 0xff, 0x0, 0x0,
    0x3f, 0xf5, 0x0, 0x3f, 0xf5, 0x0, 0x9, 0xff,
    0x0, 0x0, 0xdf, 0xb0, 0x0, 0xef, 0x90, 0x0,
    0x6, 0xff, 0x10, 0x4f, 0xf4, 0x0, 0x0, 0x1f,
    0xf6, 0x9, 0xfd, 0x0, 0x0, 0x0, 0xaf, 0xb0,
    0xef, 0x80, 0x0, 0x0, 0x3, 0xff, 0x4f, 0xf2,
    0x0, 0x0, 0x0, 0xd, 0xfc, 0xfc, 0x0, 0x0,
    0x0, 0x0, 0x7f, 0xff, 0x60, 0x0, 0x0, 0x0,
    0x1, 0xff, 0xf0, 0x0, 0x0, 0x0, 0x0, 0xe,
    0xfa, 0x0, 0x0, 0x0, 0x0, 0x4, 0xff, 0x40,
    0x0, 0x0, 0x0, 0x0, 0xcf, 0xd0, 0x0, 0x0,
    0x1, 0x12, 0xaf, 0xf5, 0x0, 0x0, 0x0, 0x9f,
    0xff, 0xf9, 0x0, 0x0, 0x0, 0x7, 0xff, 0xd7,
    0x0, 0x0, 0x0, 0x0,

    /* U+00FE "þ" */
    0xf, 0xf8, 0x0, 0x0, 0x0, 0x0, 0x0, 0xff,
    0x80, 0x0, 0x0, 0x0, 0x0, 0xf, 0xf8, 0x0,
    0x0, 0x0, 0x0, 0x0, 0xff, 0x80, 0x0, 0x0,
    0x0, 0x0, 0xf, 0xf8, 0x0, 0x0, 0x0, 0x0,
    0x0, 0xff, 0x71, 0x9e, 0xfe, 0x91, 0x0, 0xf,
    0xf9, 0xef, 0xff, 0xff, 0xe1, 0x0, 0xff, 0xfd,
    0x41, 0x28, 0xff, 0xb0, 0xf, 0xff, 0x10, 0x0,
    0x9, 0xff, 0x20, 0xff, 0xb0, 0x0, 0x0, 0x3f,
    0xf6, 0xf, 0xf9, 0x0, 0x0, 0x1, 0xff, 0x80,
    0xff, 0x80, 0x0, 0x0, 0xf, 0xf9, 0xf, 0xf9,
    0x0, 0x0, 0x1, 0xff, 0x80, 0xff, 0xc0, 0x0,
    0x0, 0x4f, 0xf6, 0xf, 0xff, 0x20, 0x0, 0xa,
    0xff, 0x20, 0xff, 0xfd, 0x41, 0x28, 0xff, 0xb0,
    0xf, 0xfa, 0xff, 0xff, 0xff, 0xd1, 0x0, 0xff,
    0x72, 0xae, 0xfd, 0x81, 0x0, 0xf, 0xf8, 0x0,
    0x0, 0x0, 0x0, 0x0, 0xff, 0x80, 0x0, 0x0,
    0x0, 0x0, 0xf, 0xf8, 0x0, 0x0, 0x0, 0x0,
    0x0, 0xff, 0x80, 0x0, 0x0, 0x0, 0x0, 0xf,
    0xf8, 0x0, 0x0, 0x0, 0x0, 0x0, 0xff, 0x80,
    0x0, 0x0, 0x0, 0x0,

    /* U+00FF "ÿ" */
    0x0, 0x1d, 0xd1, 0x4, 0xfa, 0x0, 0x0, 0x3,
    0xff, 0x30, 0x8f, 0xe0, 0x0, 0x0, 0x7, 0x60,
    0x1, 0x84, 0x0, 0x0, 0x0, 0x0, 0x0, 0x0,
    0x0, 0x0, 0xcf, 0xe0, 0x0, 0x0, 0x3, 0xff,
    0x76, 0xff, 0x40, 0x0, 0x0, 0x9f, 0xf1, 0xf,
    0xfa, 0x0, 0x0, 0xe, 0xfb, 0x0, 0x9f, 0xf0,
    0x0, 0x3, 0xff, 0x50, 0x3, 0xff, 0x50, 0x0,
    0x9f, 0xf0, 0x0, 0xd, 0xfb, 0x0, 0xe, 0xf9,
    0x0, 0x0, 0x6f, 0xf1, 0x4, 0xff, 0x40, 0x0,
    0x1, 0xff, 0x60, 0x9f, 0xd0, 0x0, 0x0, 0xa,
    0xfb, 0xe, 0xf8, 0x0, 0x0, 0x0, 0x3f, 0xf4,
    0xff, 0x20, 0x0, 0x0, 0x0, 0xdf, 0xcf, 0xc0,
    0x0, 0x0, 0x0, 0x7, 0xff, 0xf6, 0x0, 0x0,
    0x0, 0x0, 0x1f, 0xff, 0x0, 0x0, 0x0, 0x0,
    0x0, 0xef, 0xa0, 0x0, 0x0, 0x0, 0x0, 0x4f,
    0xf4, 0x0, 0x0, 0x0, 0x0, 0xc, 0xfd, 0x0,
    0x0, 0x0, 0x11, 0x2a, 0xff, 0x50, 0x0, 0x0,
    0x9, 0xff, 0xff, 0x90, 0x0, 0x0, 0x0, 0x7f,
    0xfd, 0x70, 0x0, 0x0, 0x0, 0x0,

    /* U+0100 "Ā" */
    0x0, 0x0, 0xef, 0xff, 0xff, 0xf8, 0x0, 0x0,
    0x0, 0x0, 0xce, 0xee, 0xee, 0xe7, 0x0, 0x0,
    0x0, 0x0, 0x0, 0x0, 0x0, 0x0, 0x0, 0x0,
    0x0, 0x0, 0x0, 0xbf, 0xf6, 0x0, 0x0, 0x0,
    0x0, 0x0, 0x1, 0xff, 0xfc, 0x0, 0x0, 0x0,
    0x0, 0x0, 0x7, 0xfe, 0xff, 0x20, 0x0, 0x0,
    0x0, 0x0, 0xd, 0xf8, 0xdf, 0x80, 0x0, 0x0,
    0x0, 0x0, 0x3f, 0xf3, 0x8f, 0xe0, 0x0, 0x0,
    0x0, 0x0, 0x9f, 0xe0, 0x3f, 0xf4, 0x0, 0x0,
    0x0, 0x0, 0xff, 0x90, 0xd, 0xfa, 0x0, 0x0,
    0x0, 0x5, 0xff, 0x30, 0x8, 0xff, 0x10, 0x0,
    0x0, 0xc, 0xfd, 0x0, 0x2, 0xff, 0x70, 0x0,
    0x0, 0x2f, 0xf7, 0x0, 0x0, 0xcf, 0xd0, 0x0,
    0x0, 0x8f, 0xff, 0xff, 0xff, 0xff, 0xf3, 0x0,
    0x0, 0xef, 0xff, 0xff, 0xff, 0xff, 0xf9, 0x0,
    0x4, 0xff, 0x83, 0x33, 0x33, 0x3c, 0xff, 0x0,
    0xa, 0xff, 0x10, 0x0, 0x0, 0x6, 0xff, 0x50,
    0x1f, 0xfa, 0x0, 0x0, 0x0, 0x0, 0xff, 0xb0,
    0x6f, 0xf4, 0x0, 0x0, 0x0, 0x0, 0xaf, 0xf2,
    0xcf, 0xe0, 0x0, 0x0, 0x0, 0x0, 0x3f, 0xf8,

    /* U+0101 "ā" */
    0x0, 0xdf, 0xff, 0xff, 0xf9, 0x0, 0xb, 0xdd,
    0xdd, 0xdd, 0x70, 0x0, 0x0, 0x0, 0x0, 0x0,
    0x0, 0x5, 0xad, 0xff, 0xd9, 0x10, 0x5, 0xff,
    0xff, 0xff, 0xfe, 0x10, 0xc, 0x72, 0x0, 0x8f,
    0xf9, 0x0, 0x0, 0x0, 0x0, 0xdf, 0xc0, 0x0,
    0x0, 0x0, 0xa, 0xfd, 0x0, 0x15, 0x89, 0x99,
    0xdf, 0xd0, 0x8f, 0xff, 0xff, 0xff, 0xfd, 0x7f,
    0xfb, 0x30, 0x0, 0xaf, 0xdd, 0xfe, 0x0, 0x0,
    0xb, 0xfd, 0xef, 0xc0, 0x0, 0x0, 0xef, 0xdc,
    0xff, 0x20, 0x1, 0xbf, 0xfd, 0x4f, 0xff, 0xcd,
    0xfe, 0x9f, 0xd0, 0x3b, 0xef, 0xe9, 0x11, 0xfd,

    /* U+0102 "Ă" */
    0x0, 0x0, 0xf8, 0x0, 0x0, 0xcc, 0x0, 0x0,
    0x0, 0x0, 0xce, 0x30, 0x16, 0xf8, 0x0, 0x0,
    0x0, 0x0, 0x3f, 0xff, 0xff, 0xd0, 0x0, 0x0,
    0x0, 0x0, 0x4, 0xbe, 0xd9, 0x10, 0x0, 0x0,
    0x0, 0x0, 0x0, 0x0, 0x0, 0x0, 0x0, 0x0,
    0x0, 0x0, 0x0, 0xbf, 0xf6, 0x0, 0x0, 0x0,
    0x0, 0x0, 0x1, 0xff, 0xfc, 0x0, 0x0, 0x0,
    0x0, 0x0, 0x7, 0xfe, 0xff, 0x20, 0x0, 0x0,
    0x0, 0x0, 0xd, 0xf8, 0xdf, 0x80, 0x0, 0x0,
    0x0, 0x0, 0x3f, 0xf3, 0x8f, 0xe0, 0x0, 0x0,
    0x0, 0x0, 0x9f, 0xe0, 0x3f, 0xf4, 0x0, 0x0,
    0x0, 0x0, 0xff, 0x90, 0xd, 0xfa, 0x0, 0x0,
    0x0, 0x5, 0xff, 0x30, 0x8, 0xff, 0x10, 0x0,
    0x0, 0xc, 0xfd, 0x0, 0x2, 0xff, 0x70, 0x0,
    0x0, 0x2f, 0xf7, 0x0, 0x0, 0xcf, 0xd0, 0x0,
    0x0, 0x8f, 0xff, 0xff, 0xff, 0xff, 0xf3, 0x0,
    0x0, 0xef, 0xff, 0xff, 0xff, 0xff, 0xf9, 0x0,
    0x4, 0xff, 0x83, 0x33, 0x33, 0x3c, 0xff, 0x0,
    0xa, 0xff, 0x10, 0x0, 0x0, 0x6, 0xff, 0x50,
    0x1f, 0xfa, 0x0, 0x0, 0x0, 0x0, 0xff, 0xb0,
    0x6f, 0xf4, 0x0, 0x0, 0x0, 0x0, 0xaf, 0xf2,
    0xcf, 0xe0, 0x0, 0x0, 0x0, 0x0, 0x3f, 0xf8,

    /* U+0103 "ă" */
    0x0, 0xf9, 0x0, 0x0, 0xbd, 0x0, 0xb, 0xe4,
    0x1, 0x6f, 0x80, 0x0, 0x3f, 0xff, 0xff, 0xe0,
    0x0, 0x0, 0x3b, 0xed, 0x91, 0x0, 0x0, 0x0,
    0x0, 0x0, 0x0, 0x0, 0x5, 0xad, 0xff, 0xd9,
    0x10, 0x5, 0xff, 0xff, 0xff, 0xfe, 0x10, 0xc,
    0x72, 0x0, 0x8f, 0xf9, 0x0, 0x0, 0x0, 0x0,
    0xdf, 0xc0, 0x0, 0x0, 0x0, 0xa, 0xfd, 0x0,
    0x15, 0x89, 0x99, 0xdf, 0xd0, 0x8f, 0xff, 0xff,
    0xff, 0xfd, 0x7f, 0xfb, 0x30, 0x0, 0xaf, 0xdd,
    0xfe, 0x0, 0x0, 0xb, 0xfd, 0xef, 0xc0, 0x0,
    0x0, 0xef, 0xdc, 0xff, 0x20, 0x1, 0xbf, 0xfd,
    0x4f, 0xff, 0xcd, 0xfe, 0x9f, 0xd0, 0x3b, 0xef,
    0xe9, 0x11, 0xfd,

    /* U+0104 "Ą" */
    0x0, 0x0, 0x0, 0xbf, 0xf6, 0x0, 0x0, 0x0,
    0x0, 0x0, 0x1, 0xff, 0xfc, 0x0, 0x0, 0x0,
    0x0, 0x0, 0x7, 0xff, 0xff, 0x20, 0x0, 0x0,
    0x0, 0x0, 0xd, 0xf9, 0xef, 0x80, 0x0, 0x0,
    0x0, 0x0, 0x3f, 0xf5, 0xaf, 0xe0, 0x0, 0x0,
    0x0, 0x0, 0x9f, 0xf1, 0x5f, 0xf4, 0x0, 0x0,
    0x0, 0x0, 0xff, 0xb0, 0xf, 0xfa, 0x0, 0x0,
    0x0, 0x5, 0xff, 0x60, 0xb, 0xff, 0x10, 0x0,
    0x0, 0xc, 0xff, 0x10, 0x5, 0xff, 0x70, 0x0,
    0x0, 0x2f, 0xfb, 0x0, 0x0, 0xff, 0xd0, 0x0,
    0x0, 0x8f, 0xf8, 0x33, 0x33, 0xcf, 0xf3, 0x0,
    0x0, 0xef, 0xff, 0xff, 0xff, 0xff, 0xf9, 0x0,
    0x4, 0xff, 0xff, 0xff, 0xff, 0xff, 0xff, 0x0,
    0xa, 0xff, 0x40, 0x0, 0x0, 0xa, 0xff, 0x50,
    0x1f, 0xfd, 0x0, 0x0, 0x0, 0x3, 0xff, 0xb0,
    0x6f, 0xf6, 0x0, 0x0, 0x0, 0x0, 0xbf, 0xf2,
    0xcf, 0xe0, 0x0, 0x0, 0x0, 0x0, 0x4f, 0xf8,
    0x0, 0x0, 0x0, 0x0, 0x0, 0x0, 0x3f, 0x90,
    0x0, 0x0, 0x0, 0x0, 0x0, 0x0, 0xed, 0x0,
    0x0, 0x0, 0x0, 0x0, 0x0, 0x6, 0xf7, 0x0,
    0x0, 0x0, 0x0, 0x0, 0x0, 0x8, 0xf7, 0x0,
    0x0, 0x0, 0x0, 0x0, 0x0, 0x5, 0xfe, 0xa7,
    0x0, 0x0, 0x0, 0x0, 0x0, 0x0, 0x9e, 0xf8,

    /* U+0105 "ą" */
    0x0, 0x5a, 0xdf, 0xfd, 0x91, 0x0, 0x5, 0xff,
    0xff, 0xff, 0xfe, 0x10, 0x0, 0xe8, 0x20, 0x19,
    0xff, 0x90, 0x0, 0x0, 0x0, 0x0, 0xef, 0xc0,
    0x0, 0x0, 0x0, 0x0, 0xbf, 0xd0, 0x0, 0x0,
    0x0, 0x0, 0xaf, 0xd0, 0x1, 0x7c, 0xef, 0xff,
    0xff, 0xd0, 0x2e, 0xff, 0xca, 0x99, 0xdf, 0xd0,
    0xbf, 0xf3, 0x0, 0x0, 0xaf, 0xd0, 0xef, 0xc0,
    0x0, 0x0, 0xdf, 0xd0, 0xdf, 0xe1, 0x0, 0x19,
    0xff, 0xd0, 0x6f, 0xff, 0xcc, 0xfe, 0x9f, 0xd0,
    0x4, 0xbe, 0xfe, 0x91, 0x1f, 0xf0, 0x0, 0x0,
    0x0, 0x0, 0x7f, 0x50, 0x0, 0x0, 0x0, 0x3,
    0xf9, 0x0, 0x0, 0x0, 0x0, 0xa, 0xf3, 0x0,
    0x0, 0x0, 0x0, 0xc, 0xf2, 0x0, 0x0, 0x0,
    0x0, 0x9, 0xfd, 0xa4, 0x0, 0x0, 0x0, 0x1,
    0xbf, 0xf4,

    /* U+0106 "Ć" */
    0x0, 0x0, 0x0, 0x0, 0x17, 0x87, 0x0, 0x0,
    0x0, 0x0, 0x0, 0x9f, 0xf6, 0x0, 0x0, 0x0,
    0x0, 0x3, 0xff, 0x60, 0x0, 0x0, 0x0, 0x0,
    0xd, 0xf6, 0x0, 0x0, 0x0, 0x0, 0x0, 0x38,
    0x40, 0x0, 0x0, 0x0, 0x0, 0x0, 0x0, 0x0,
    0x0, 0x0, 0x0, 0x0, 0x18, 0xce, 0xff, 0xda,
    0x50, 0x0, 0x6, 0xff, 0xff, 0xff, 0xff, 0xf4,
    0x0, 0x7f, 0xff, 0x95, 0x34, 0x7c, 0xc0, 0x3,
    0xff, 0xe2, 0x0, 0x0, 0x0, 0x0, 0xc, 0xff,
    0x30, 0x0, 0x0, 0x0, 0x0, 0x1f, 0xfa, 0x0,
    0x0, 0x0, 0x0, 0x0, 0x5f, 0xf6, 0x0, 0x0,
    0x0, 0x0, 0x0, 0x7f, 0xf3, 0x0, 0x0, 0x0,
    0x0, 0x0, 0x8f, 0xf2, 0x0, 0x0, 0x0, 0x0,
    0x0, 0x7f, 0xf3, 0x0, 0x0, 0x0, 0x0, 0x0,
    0x6f, 0xf5, 0x0, 0x0, 0x0, 0x0, 0x0, 0x2f,
    0xfa, 0x0, 0x0, 0x0, 0x0, 0x0, 0xd, 0xff,
    0x20, 0x0, 0x0, 0x0, 0x0, 0x6, 0xff, 0xd1,
    0x0, 0x0, 0x0, 0x0, 0x0, 0xbf, 0xff, 0x84,
    0x34, 0x69, 0xa0, 0x0, 0x9, 0xff, 0xff, 0xff,
    0xff, 0xd0, 0x0, 0x0, 0x39, 0xdf, 0xff, 0xda,
    0x50,

    /* U+0107 "ć" */
    0x0, 0x0, 0x0, 0x8f, 0xf8, 0x0, 0x0, 0x0,
    0x3f, 0xf9, 0x0, 0x0, 0x0, 0x1d, 0xf8, 0x0,
    0x0, 0x0, 0x5, 0xa5, 0x0, 0x0, 0x0, 0x0,
    0x0, 0x0, 0x0, 0x0, 0x0, 0x6b, 0xef, 0xeb,
    0x70, 0x1, 0xcf, 0xff, 0xff, 0xfb, 0x0, 0xbf,
    0xfa, 0x32, 0x48, 0x40, 0x3f, 0xf9, 0x0, 0x0,
    0x0, 0x8, 0xff, 0x20, 0x0, 0x0, 0x0, 0xaf,
    0xf0, 0x0, 0x0, 0x0, 0xb, 0xfe, 0x0, 0x0,
    0x0, 0x0, 0xaf, 0xf0, 0x0, 0x0, 0x0, 0x8,
    0xff, 0x20, 0x0, 0x0, 0x0, 0x3f, 0xf9, 0x0,
    0x0, 0x0, 0x0, 0xcf, 0xf9, 0x32, 0x47, 0x90,
    0x1, 0xdf, 0xff, 0xff, 0xfc, 0x0, 0x0, 0x7c,
    0xef, 0xeb, 0x40,

    /* U+0108 "Ĉ" */
    0x0, 0x0, 0x0, 0x38, 0x84, 0x0, 0x0, 0x0,
    0x0, 0x0, 0xef, 0xfe, 0x10, 0x0, 0x0, 0x0,
    0xb, 0xfc, 0xbf, 0xc0, 0x0, 0x0, 0x0, 0x9f,
    0xb0, 0xa, 0xfa, 0x0, 0x0, 0x1, 0x86, 0x0,
    0x0, 0x58, 0x20, 0x0, 0x0, 0x0, 0x0, 0x0,
    0x0, 0x0, 0x0, 0x0, 0x18, 0xce, 0xff, 0xda,
    0x50, 0x0, 0x6, 0xff, 0xff, 0xff, 0xff, 0xf4,
    0x0, 0x7f, 0xff, 0x95, 0x34, 0x7c, 0xc0, 0x3,
    0xff, 0xe2, 0x0, 0x0, 0x0, 0x0, 0xc, 0xff,
    0x30, 0x0, 0x0, 0x0, 0x0, 0x1f, 0xfa, 0x0,
    0x0, 0x0, 0x0, 0x0, 0x5f, 0xf6, 0x0, 0x0,
    0x0, 0x0, 0x0, 0x7f, 0xf3, 0x0, 0x0, 0x0,
    0x0, 0x0, 0x8f, 0xf2, 0x0, 0x0, 0x0, 0x0,
    0x0, 0x7f, 0xf3, 0x0, 0x0, 0x0, 0x0, 0x0,
    0x6f, 0xf5, 0x0, 0x0, 0x0, 0x0, 0x0, 0x2f,
    0xfa, 0x0, 0x0, 0x0, 0x0, 0x0, 0xd, 0xff,
    0x20, 0x0, 0x0, 0x0, 0x0, 0x6, 0xff, 0xd1,
    0x0, 0x0, 0x0, 0x0, 0x0, 0xbf, 0xff, 0x84,
    0x34, 0x69, 0xa0, 0x0, 0x9, 0xff, 0xff, 0xff,
    0xff, 0xd0, 0x0, 0x0, 0x39, 0xdf, 0xff, 0xda,
    0x50,

    /* U+0109 "ĉ" */
    0x0, 0x0, 0xcf, 0xf7, 0x0, 0x0, 0x0, 0xaf,
    0xef, 0xf4, 0x0, 0x0, 0x8f, 0xc1, 0x4f, 0xf4,
    0x0, 0x3a, 0x80, 0x0, 0x19, 0xa0, 0x0, 0x0,
    0x0, 0x0, 0x0, 0x0, 0x0, 0x6b, 0xef, 0xeb,
    0x70, 0x1, 0xcf, 0xff, 0xff, 0xfb, 0x0, 0xbf,
    0xfa, 0x32, 0x48, 0x40, 0x3f, 0xf9, 0x0, 0x0,
    0x0, 0x8, 0xff, 0x20, 0x0, 0x0, 0x0, 0xaf,
    0xf0, 0x0, 0x0, 0x0, 0xb, 0xfe, 0x0, 0x0,
    0x0, 0x0, 0xaf, 0xf0, 0x0, 0x0, 0x0, 0x8,
    0xff, 0x20, 0x0, 0x0, 0x0, 0x3f, 0xf9, 0x0,
    0x0, 0x0, 0x0, 0xcf, 0xf9, 0x32, 0x47, 0x90,
    0x1, 0xdf, 0xff, 0xff, 0xfc, 0x0, 0x0, 0x7c,
    0xef, 0xeb, 0x40,

    /* U+010A "Ċ" */
    0x0, 0x0, 0x0, 0x2d, 0xe3, 0x0, 0x0, 0x0,
    0x0, 0x0, 0x5f, 0xf7, 0x0, 0x0, 0x0, 0x0,
    0x0, 0x1c, 0xc2, 0x0, 0x0, 0x0, 0x0, 0x0,
    0x0, 0x0, 0x0, 0x0, 0x0, 0x0, 0x0, 0x0,
    0x0, 0x0, 0x0, 0x0, 0x0, 0x18, 0xce, 0xff,
    0xda, 0x50, 0x0, 0x6, 0xff, 0xff, 0xff, 0xff,
    0xf4, 0x0, 0x7f, 0xff, 0x95, 0x34, 0x7c, 0xc0,
    0x3, 0xff, 0xe2, 0x0, 0x0, 0x0, 0x0, 0xc,
    0xff, 0x30, 0x0, 0x0, 0x0, 0x0, 0x1f, 0xfa,
    0x0, 0x0, 0x0, 0x0, 0x0, 0x5f, 0xf6, 0x0,
    0x0, 0x0, 0x0, 0x0, 0x7f, 0xf3, 0x0, 0x0,
    0x0, 0x0, 0x0, 0x8f, 0xf2, 0x0, 0x0, 0x0,
    0x0, 0x0, 0x7f, 0xf3, 0x0, 0x0, 0x0, 0x0,
    0x0, 0x6f, 0xf5, 0x0, 0x0, 0x0, 0x0, 0x0,
    0x2f, 0xfa, 0x0, 0x0, 0x0, 0x0, 0x0, 0xd,
    0xff, 0x20, 0x0, 0x0, 0x0, 0x0, 0x6, 0xff,
    0xd1, 0x0, 0x0, 0x0, 0x0, 0x0, 0xbf, 0xff,
    0x84, 0x34, 0x69, 0xa0, 0x0, 0x9, 0xff, 0xff,
    0xff, 0xff, 0xd0, 0x0, 0x0, 0x39, 0xdf, 0xff,
    0xda, 0x50,

    /* U+010B "ċ" */
    0x0, 0x0, 0x4e, 0xd1, 0x0, 0x0, 0x0, 0x8,
    0xff, 0x40, 0x0, 0x0, 0x0, 0x3c, 0xb0, 0x0,
    0x0, 0x0, 0x0, 0x0, 0x0, 0x0, 0x0, 0x0,
    0x0, 0x0, 0x0, 0x0, 0x0, 0x6b, 0xef, 0xeb,
    0x70, 0x1, 0xcf, 0xff, 0xff, 0xfb, 0x0, 0xbf,
    0xfa, 0x32, 0x48, 0x40, 0x3f, 0xf9, 0x0, 0x0,
    0x0, 0x8, 0xff, 0x20, 0x0, 0x0, 0x0, 0xaf,
    0xf0, 0x0, 0x0, 0x0, 0xb, 0xfe, 0x0, 0x0,
    0x0, 0x0, 0xaf, 0xf0, 0x0, 0x0, 0x0, 0x8,
    0xff, 0x20, 0x0, 0x0, 0x0, 0x3f, 0xf9, 0x0,
    0x0, 0x0, 0x0, 0xcf, 0xf9, 0x32, 0x47, 0x90,
    0x1, 0xdf, 0xff, 0xff, 0xfc, 0x0, 0x0, 0x7c,
    0xef, 0xeb, 0x40,

    /* U+010C "Č" */
    0x0, 0x1, 0x86, 0x0, 0x0, 0x48, 0x30, 0x0,
    0x0, 0x9f, 0xb0, 0x8, 0xfd, 0x0, 0x0, 0x0,
    0xb, 0xfc, 0xaf, 0xe1, 0x0, 0x0, 0x0, 0x1,
    0xef, 0xff, 0x30, 0x0, 0x0, 0x0, 0x0, 0x38,
    0x85, 0x0, 0x0, 0x0, 0x0, 0x0, 0x0, 0x0,
    0x0, 0x0, 0x0, 0x0, 0x18, 0xce, 0xff, 0xda,
    0x50, 0x0, 0x6, 0xff, 0xff, 0xff, 0xff, 0xf4,
    0x0, 0x7f, 0xff, 0x95, 0x34, 0x7c, 0xc0, 0x3,
    0xff, 0xe2, 0x0, 0x0, 0x0, 0x0, 0xc, 0xff,
    0x30, 0x0, 0x0, 0x0, 0x0, 0x1f, 0xfa, 0x0,
    0x0, 0x0, 0x0, 0x0, 0x5f, 0xf6, 0x0, 0x0,
    0x0, 0x0, 0x0, 0x7f, 0xf3, 0x0, 0x0, 0x0,
    0x0, 0x0, 0x8f, 0xf2, 0x0, 0x0, 0x0, 0x0,
    0x0, 0x7f, 0xf3, 0x0, 0x0, 0x0, 0x0, 0x0,
    0x6f, 0xf5, 0x0, 0x0, 0x0, 0x0, 0x0, 0x2f,
    0xfa, 0x0, 0x0, 0x0, 0x0, 0x0, 0xd, 0xff,
    0x20, 0x0, 0x0, 0x0, 0x0, 0x6, 0xff, 0xd1,
    0x0, 0x0, 0x0, 0x0, 0x0, 0xbf, 0xff, 0x84,
    0x34, 0x69, 0xa0, 0x0, 0x9, 0xff, 0xff, 0xff,
    0xff, 0xd0, 0x0, 0x0, 0x39, 0xdf, 0xff, 0xda,
    0x50,

    /* U+010D "č" */
    0x3, 0xfd, 0x20, 0x4, 0xee, 0x10, 0x4, 0xff,
    0x47, 0xfe, 0x20, 0x0, 0x5, 0xff, 0xff, 0x30,
    0x0, 0x0, 0x7, 0xaa, 0x50, 0x0, 0x0, 0x0,
    0x0, 0x0, 0x0, 0x0, 0x0, 0x6b, 0xef, 0xeb,
    0x70, 0x1, 0xcf, 0xff, 0xff, 0xfb, 0x0, 0xbf,
    0xfa, 0x32, 0x48, 0x40, 0x3f, 0xf9, 0x0, 0x0,
    0x0, 0x8, 0xff, 0x20, 0x0, 0x0, 0x0, 0xaf,
    0xf0, 0x0, 0x0, 0x0, 0xb, 0xfe, 0x0, 0x0,
    0x0, 0x0, 0xaf, 0xf0, 0x0, 0x0, 0x0, 0x8,
    0xff, 0x20, 0x0, 0x0, 0x0, 0x3f, 0xf9, 0x0,
    0x0, 0x0, 0x0, 0xcf, 0xf9, 0x32, 0x47, 0x90,
    0x1, 0xdf, 0xff, 0xff, 0xfc, 0x0, 0x0, 0x7c,
    0xef, 0xeb, 0x40,

    /* U+010E "Ď" */
    0x0, 0x48, 0x30, 0x0, 0x7, 0x70, 0x0, 0x0,
    0x1, 0xef, 0x60, 0x1c, 0xf8, 0x0, 0x0, 0x0,
    0x2, 0xff, 0x8d, 0xfa, 0x0, 0x0, 0x0, 0x0,
    0x4, 0xff, 0xfc, 0x0, 0x0, 0x0, 0x0, 0x0,
    0x6, 0x88, 0x20, 0x0, 0x0, 0x0, 0x0, 0x0,
    0x0, 0x0, 0x0, 0x0, 0x0, 0xcf, 0xff, 0xff,
    0xed, 0x94, 0x0, 0x0, 0xc, 0xff, 0xff, 0xff,
    0xff, 0xfc, 0x20, 0x0, 0xcf, 0xd2, 0x22, 0x36,
    0xcf, 0xff, 0x20, 0xc, 0xfd, 0x0, 0x0, 0x0,
    0x6f, 0xfd, 0x0, 0xcf, 0xd0, 0x0, 0x0, 0x0,
    0x8f, 0xf6, 0xc, 0xfd, 0x0, 0x0, 0x0, 0x1,
    0xff, 0xc0, 0xcf, 0xd0, 0x0, 0x0, 0x0, 0xc,
    0xff, 0xc, 0xfd, 0x0, 0x0, 0x0, 0x0, 0xaf,
    0xf1, 0xcf, 0xd0, 0x0, 0x0, 0x0, 0xa, 0xff,
    0x1c, 0xfd, 0x0, 0x0, 0x0, 0x0, 0xaf, 0xf0,
    0xcf, 0xd0, 0x0, 0x0, 0x0, 0xd, 0xfe, 0xc,
    0xfd, 0x0, 0x0, 0x0, 0x2, 0xff, 0xa0, 0xcf,
    0xd0, 0x0, 0x0, 0x0, 0xaf, 0xf5, 0xc, 0xfd,
    0x0, 0x0, 0x0, 0x9f, 0xfc, 0x0, 0xcf, 0xd2,
    0x23, 0x48, 0xef, 0xfe, 0x10, 0xc, 0xff, 0xff,
    0xff, 0xff, 0xfb, 0x10, 0x0, 0xcf, 0xff, 0xff,
    0xec, 0x82, 0x0, 0x0, 0x0,

    /* U+010F "ď" */
    0x0, 0x0, 0x0, 0x0, 0xa, 0xfe, 0x6, 0xff,
    0x0, 0x0, 0x0, 0x0, 0x0, 0xaf, 0xe0, 0x9f,
    0x90, 0x0, 0x0, 0x0, 0x0, 0xa, 0xfe, 0xd,
    0xf1, 0x0, 0x0, 0x0, 0x0, 0x0, 0xaf, 0xe0,
    0xc6, 0x0, 0x0, 0x0, 0x0, 0x0, 0x9, 0xfe,
    0x0, 0x0, 0x0, 0x1, 0x9e, 0xfe, 0x91, 0x9f,
    0xe0, 0x0, 0x0, 0x3, 0xef, 0xff, 0xff, 0xea,
    0xfe, 0x0, 0x0, 0x0, 0xdf, 0xf8, 0x21, 0x5d,
    0xff, 0xe0, 0x0, 0x0, 0x4f, 0xf9, 0x0, 0x0,
    0x3f, 0xfe, 0x0, 0x0, 0x8, 0xff, 0x20, 0x0,
    0x0, 0xdf, 0xe0, 0x0, 0x0, 0xaf, 0xf0, 0x0,
    0x0, 0xa, 0xfe, 0x0, 0x0, 0xb, 0xfe, 0x0,
    0x0, 0x0, 0x9f, 0xe0, 0x0, 0x0, 0xaf, 0xf0,
    0x0, 0x0, 0xa, 0xfe, 0x0, 0x0, 0x8, 0xff,
    0x20, 0x0, 0x0, 0xcf, 0xe0, 0x0, 0x0, 0x4f,
    0xf8, 0x0, 0x0, 0x2f, 0xfe, 0x0, 0x0, 0x0,
    0xdf, 0xf7, 0x21, 0x4d, 0xff, 0xe0, 0x0, 0x0,
    0x3, 0xff, 0xff, 0xff, 0xe8, 0xfe, 0x0, 0x0,
    0x0, 0x2, 0xae, 0xfe, 0x91, 0x3f, 0xe0, 0x0,
    0x0,

    /* U+0110 "Đ" */
    0x0, 0xaf, 0xff, 0xff, 0xed, 0x94, 0x0, 0x0,
    0x0, 0xa, 0xff, 0xff, 0xff, 0xff, 0xfc, 0x20,
    0x0, 0x0, 0xaf, 0xf2, 0x22, 0x36, 0xcf, 0xff,
    0x20, 0x0, 0xa, 0xff, 0x0, 0x0, 0x0, 0x7f,
    0xfd, 0x0, 0x0, 0xaf, 0xf0, 0x0, 0x0, 0x0,
    0x9f, 0xf6, 0x0, 0xa, 0xff, 0x0, 0x0, 0x0,
    0x1, 0xff, 0xc0, 0x0, 0xaf, 0xf0, 0x0, 0x0,
    0x0, 0xc, 0xff, 0x1, 0x3b, 0xff, 0x33, 0x32,
    0x0, 0x0, 0xaf, 0xf1, 0x5f, 0xff, 0xff, 0xff,
    0xe0, 0x0, 0xa, 0xff, 0x15, 0xff, 0xff, 0xff,
    0xfe, 0x0, 0x0, 0xaf, 0xf0, 0x0, 0xaf, 0xf0,
    0x0, 0x0, 0x0, 0xd, 0xfe, 0x0, 0xa, 0xff,
    0x0, 0x0, 0x0, 0x2, 0xff, 0xa0, 0x0, 0xaf,
    0xf0, 0x0, 0x0, 0x0, 0xaf, 0xf5, 0x0, 0xa,
    0xff, 0x0, 0x0, 0x0, 0x9f, 0xfc, 0x0, 0x0,
    0xaf, 0xf2, 0x23, 0x48, 0xef, 0xfe, 0x10, 0x0,
    0xa, 0xff, 0xff, 0xff, 0xff, 0xfb, 0x10, 0x0,
    0x0, 0xaf, 0xff, 0xff, 0xec, 0x82, 0x0, 0x0,
    0x0,

    /* U+0111 "đ" */
    0x0, 0x0, 0x0, 0x0, 0xa, 0xfe, 0x0, 0x0,
    0x0, 0x0, 0x0, 0xa, 0xfe, 0x0, 0x0, 0x0,
    0x5f, 0xff, 0xff, 0xff, 0xfb, 0x0, 0x0, 0x3c,
    0xcc, 0xce, 0xff, 0xc9, 0x0, 0x0, 0x0, 0x0,
    0x9, 0xfe, 0x0, 0x0, 0x19, 0xef, 0xe9, 0x19,
    0xfe, 0x0, 0x3, 0xef, 0xff, 0xff, 0xea, 0xfe,
    0x0, 0xd, 0xff, 0x82, 0x25, 0xef, 0xfe, 0x0,
    0x4f, 0xfa, 0x0, 0x0, 0x2f, 0xfe, 0x0, 0x8f,
    0xf4, 0x0, 0x0, 0xc, 0xfe, 0x0, 0xaf, 0xf1,
    0x0, 0x0, 0xa, 0xfe, 0x0, 0xbf, 0xf0, 0x0,
    0x0, 0x9, 0xfe, 0x0, 0xaf, 0xf1, 0x0, 0x0,
    0x9, 0xfe, 0x0, 0x8f, 0xf3, 0x0, 0x0, 0xb,
    0xfe, 0x0, 0x5f, 0xfa, 0x0, 0x0, 0x1f, 0xfe,
    0x0, 0xd, 0xff, 0x82, 0x14, 0xcf, 0xfe, 0x0,
    0x3, 0xff, 0xff, 0xff, 0xd9, 0xfe, 0x0, 0x0,
    0x2a, 0xef, 0xe8, 0x4, 0xfe, 0x0,

    /* U+0112 "Ē" */
    0x6, 0xff, 0xff, 0xff, 0xf0, 0x5, 0xee, 0xee,
    0xee, 0xd0, 0x0, 0x0, 0x0, 0x0, 0x0, 0xbf,
    0xff, 0xff, 0xff, 0xfe, 0xbf, 0xff, 0xff, 0xff,
    0xfe, 0xbf, 0xe2, 0x22, 0x22, 0x22, 0xbf, 0xe0,
    0x0, 0x0, 0x0, 0xbf, 0xe0, 0x0, 0x0, 0x0,
    0xbf, 0xe0, 0x0, 0x0, 0x0, 0xbf, 0xe0, 0x0,
    0x0, 0x0, 0xbf, 0xff, 0xff, 0xff, 0xf8, 0xbf,
    0xff, 0xff, 0xff, 0xf8, 0xbf, 0xe2, 0x22, 0x22,
    0x21, 0xbf, 0xe0, 0x0, 0x0, 0x0, 0xbf, 0xe0,
    0x0, 0x0, 0x0, 0xbf, 0xe0, 0x0, 0x0, 0x0,
    0xbf, 0xe0, 0x0, 0x0, 0x0, 0xbf, 0xe3, 0x33,
    0x33, 0x32, 0xbf, 0xff, 0xff, 0xff, 0xfe, 0xbf,
    0xff, 0xff, 0xff, 0xfe,

    /* U+0113 "ē" */
    0x0, 0xad, 0xdd, 0xdd, 0xd8, 0x0, 0x0, 0xcf,
    0xff, 0xff, 0xf9, 0x0, 0x0, 0x0, 0x0, 0x0,
    0x0, 0x0, 0x0, 0x0, 0x0, 0x0, 0x0, 0x0,
    0x0, 0x6, 0xce, 0xfd, 0x81, 0x0, 0x1, 0xcf,
    0xff, 0xff, 0xfe, 0x20, 0xa, 0xff, 0x60, 0x4,
    0xef, 0xd0, 0x2f, 0xf6, 0x0, 0x0, 0x5f, 0xf4,
    0x7f, 0xf1, 0x0, 0x0, 0xf, 0xf7, 0xaf, 0xff,
    0xff, 0xff, 0xff, 0xf9, 0xbf, 0xfe, 0xee, 0xee,
    0xee, 0xe8, 0xaf, 0xf0, 0x0, 0x0, 0x0, 0x0,
    0x8f, 0xf2, 0x0, 0x0, 0x0, 0x0, 0x2f, 0xfb,
    0x0, 0x0, 0x0, 0x0, 0xa, 0xff, 0xa3, 0x1,
    0x37, 0xc0, 0x0, 0xbf, 0xff, 0xff, 0xff, 0xf0,
    0x0, 0x5, 0xbe, 0xff, 0xda, 0x40,

    /* U+0114 "Ĕ" */
    0x8, 0xf0, 0x0, 0x5, 0xf3, 0x5, 0xf8, 0x10,
    0x3d, 0xe0, 0x0, 0xcf, 0xff, 0xff, 0x50, 0x0,
    0x19, 0xde, 0xc5, 0x0, 0x0, 0x0, 0x0, 0x0,
    0x0, 0xbf, 0xff, 0xff, 0xff, 0xfe, 0xbf, 0xff,
    0xff, 0xff, 0xfe, 0xbf, 0xe2, 0x22, 0x22, 0x22,
    0xbf, 0xe0, 0x0, 0x0, 0x0, 0xbf, 0xe0, 0x0,
    0x0, 0x0, 0xbf, 0xe0, 0x0, 0x0, 0x0, 0xbf,
    0xe0, 0x0, 0x0, 0x0, 0xbf, 0xff, 0xff, 0xff,
    0xf8, 0xbf, 0xff, 0xff, 0xff, 0xf8, 0xbf, 0xe2,
    0x22, 0x22, 0x21, 0xbf, 0xe0, 0x0, 0x0, 0x0,
    0xbf, 0xe0, 0x0, 0x0, 0x0, 0xbf, 0xe0, 0x0,
    0x0, 0x0, 0xbf, 0xe0, 0x0, 0x0, 0x0, 0xbf,
    0xe3, 0x33, 0x33, 0x32, 0xbf, 0xff, 0xff, 0xff,
    0xfe, 0xbf, 0xff, 0xff, 0xff, 0xfe,

    /* U+0115 "ĕ" */
    0x0, 0xdc, 0x10, 0x1, 0xcd, 0x0, 0x0, 0x6f,
    0xfe, 0xff, 0xf6, 0x0, 0x0, 0x6, 0xcf, 0xec,
    0x50, 0x0, 0x0, 0x0, 0x0, 0x0, 0x0, 0x0,
    0x0, 0x0, 0x0, 0x0, 0x0, 0x0, 0x0, 0x6,
    0xce, 0xfd, 0x81, 0x0, 0x1, 0xcf, 0xff, 0xff,
    0xfe, 0x20, 0xa, 0xff, 0x60, 0x4, 0xef, 0xd0,
    0x2f, 0xf6, 0x0, 0x0, 0x5f, 0xf4, 0x7f, 0xf1,
    0x0, 0x0, 0xf, 0xf7, 0xaf, 0xff, 0xff, 0xff,
    0xff, 0xf9, 0xbf, 0xfe, 0xee, 0xee, 0xee, 0xe8,
    0xaf, 0xf0, 0x0, 0x0, 0x0, 0x0, 0x8f, 0xf2,
    0x0, 0x0, 0x0, 0x0, 0x2f, 0xfb, 0x0, 0x0,
    0x0, 0x0, 0xa, 0xff, 0xa3, 0x1, 0x37, 0xc0,
    0x0, 0xbf, 0xff, 0xff, 0xff, 0xf0, 0x0, 0x5,
    0xbe, 0xff, 0xda, 0x40,

    /* U+0116 "Ė" */
    0x0, 0x0, 0xad, 0x50, 0x0, 0x0, 0x1, 0xff,
    0xb0, 0x0, 0x0, 0x0, 0xbf, 0x60, 0x0, 0x0,
    0x0, 0x0, 0x0, 0x0, 0x0, 0x0, 0x0, 0x0,
    0x0, 0xbf, 0xff, 0xff, 0xff, 0xfe, 0xbf, 0xff,
    0xff, 0xff, 0xfe, 0xbf, 0xe2, 0x22, 0x22, 0x22,
    0xbf, 0xe0, 0x0, 0x0, 0x0, 0xbf, 0xe0, 0x0,
    0x0, 0x0, 0xbf, 0xe0, 0x0, 0x0, 0x0, 0xbf,
    0xe0, 0x0, 0x0, 0x0, 0xbf, 0xff, 0xff, 0xff,
    0xf8, 0xbf, 0xff, 0xff, 0xff, 0xf8, 0xbf, 0xe2,
    0x22, 0x22, 0x21, 0xbf, 0xe0, 0x0, 0x0, 0x0,
    0xbf, 0xe0, 0x0, 0x0, 0x0, 0xbf, 0xe0, 0x0,
    0x0, 0x0, 0xbf, 0xe0, 0x0, 0x0, 0x0, 0xbf,
    0xe3, 0x33, 0x33, 0x32, 0xbf, 0xff, 0xff, 0xff,
    0xfe, 0xbf, 0xff, 0xff, 0xff, 0xfe,

    /* U+0117 "ė" */
    0x0, 0x0, 0x3e, 0xd2, 0x0, 0x0, 0x0, 0x0,
    0x7f, 0xf5, 0x0, 0x0, 0x0, 0x0, 0x2c, 0xc1,
    0x0, 0x0, 0x0, 0x0, 0x0, 0x0, 0x0, 0x0,
    0x0, 0x0, 0x0, 0x0, 0x0, 0x0, 0x0, 0x6,
    0xce, 0xfd, 0x81, 0x0, 0x1, 0xcf, 0xff, 0xff,
    0xfe, 0x20, 0xa, 0xff, 0x60, 0x4, 0xef, 0xd0,
    0x2f, 0xf6, 0x0, 0x0, 0x5f, 0xf4, 0x7f, 0xf1,
    0x0, 0x0, 0xf, 0xf7, 0xaf, 0xff, 0xff, 0xff,
    0xff, 0xf9, 0xbf, 0xfe, 0xee, 0xee, 0xee, 0xe8,
    0xaf, 0xf0, 0x0, 0x0, 0x0, 0x0, 0x8f, 0xf2,
    0x0, 0x0, 0x0, 0x0, 0x2f, 0xfb, 0x0, 0x0,
    0x0, 0x0, 0xa, 0xff, 0xa3, 0x1, 0x37, 0xc0,
    0x0, 0xbf, 0xff, 0xff, 0xff, 0xf0, 0x0, 0x5,
    0xbe, 0xff, 0xda, 0x40,

    /* U+0118 "Ę" */
    0xbf, 0xff, 0xff, 0xff, 0xfe, 0xbf, 0xff, 0xff,
    0xff, 0xfe, 0xbf, 0xe2, 0x22, 0x22, 0x22, 0xbf,
    0xe0, 0x0, 0x0, 0x0, 0xbf, 0xe0, 0x0, 0x0,
    0x0, 0xbf, 0xe0, 0x0, 0x0, 0x0, 0xbf, 0xe0,
    0x0, 0x0, 0x0, 0xbf, 0xe2, 0x22, 0x22, 0x21,
    0xbf, 0xff, 0xff, 0xff, 0xf8, 0xbf, 0xff, 0xff,
    0xff, 0xf8, 0xbf, 0xe0, 0x0, 0x0, 0x0, 0xbf,
    0xe0, 0x0, 0x0, 0x0, 0xbf, 0xe0, 0x0, 0x0,
    0x0, 0xbf, 0xe0, 0x0, 0x0, 0x0, 0xbf, 0xe3,
    0x33, 0x33, 0x32, 0xbf, 0xff, 0xff, 0xff, 0xfe,
    0xbf, 0xff, 0xff, 0xff, 0xfe, 0x0, 0x0, 0x0,
    0x1d, 0xc0, 0x0, 0x0, 0x0, 0xbf, 0x20, 0x0,
    0x0, 0x2, 0xfb, 0x0, 0x0, 0x0, 0x4, 0xfa,
    0x0, 0x0, 0x0, 0x2, 0xff, 0xa9, 0x0, 0x0,
    0x0, 0x6e, 0xfb,

    /* U+0119 "ę" */
    0x0, 0x6, 0xce, 0xfd, 0x70, 0x0, 0x1, 0xcf,
    0xff, 0xff, 0xfc, 0x10, 0xa, 0xff, 0x70, 0x5,
    0xff, 0xa0, 0x2f, 0xfa, 0x0, 0x0, 0x8f, 0xf1,
    0x7f, 0xf3, 0x0, 0x0, 0x2f, 0xf6, 0xaf, 0xf0,
    0x0, 0x0, 0xf, 0xf8, 0xbf, 0xff, 0xff, 0xff,
    0xff, 0xf9, 0xaf, 0xfe, 0xee, 0xee, 0xee, 0xe8,
    0x8f, 0xf0, 0x0, 0x0, 0x0, 0x0, 0x2f, 0xf6,
    0x0, 0x0, 0x0, 0x0, 0xa, 0xff, 0x83, 0x11,
    0x25, 0x90, 0x0, 0xbf, 0xff, 0xff, 0xff, 0xf0,
    0x0, 0x5, 0xbe, 0xff, 0xff, 0x90, 0x0, 0x0,
    0x0, 0x4, 0xfa, 0x0, 0x0, 0x0, 0x0, 0xe,
    0xe0, 0x0, 0x0, 0x0, 0x0, 0x5f, 0x90, 0x0,
    0x0, 0x0, 0x0, 0x6f, 0x90, 0x0, 0x0, 0x0,
    0x0, 0x2f, 0xfa, 0x80, 0x0, 0x0, 0x0, 0x6,
    0xef, 0xa0,

    /* U+011A "Ě" */
    0x7, 0x70, 0x0, 0x3, 0x85, 0x6, 0xfd, 0x20,
    0x5f, 0xe2, 0x0, 0x8f, 0xe8, 0xff, 0x30, 0x0,
    0xb, 0xff, 0xf5, 0x0, 0x0, 0x1, 0x88, 0x60,
    0x0, 0x0, 0x0, 0x0, 0x0, 0x0, 0xbf, 0xff,
    0xff, 0xff, 0xfe, 0xbf, 0xff, 0xff, 0xff, 0xfe,
    0xbf, 0xe2, 0x22, 0x22, 0x22, 0xbf, 0xe0, 0x0,
    0x0, 0x0, 0xbf, 0xe0, 0x0, 0x0, 0x0, 0xbf,
    0xe0, 0x0, 0x0, 0x0, 0xbf, 0xe0, 0x0, 0x0,
    0x0, 0xbf, 0xff, 0xff, 0xff, 0xf8, 0xbf, 0xff,
    0xff, 0xff, 0xf8, 0xbf, 0xe2, 0x22, 0x22, 0x21,
    0xbf, 0xe0, 0x0, 0x0, 0x0, 0xbf, 0xe0, 0x0,
    0x0, 0x0, 0xbf, 0xe0, 0x0, 0x0, 0x0, 0xbf,
    0xe0, 0x0, 0x0, 0x0, 0xbf, 0xe3, 0x33, 0x33,
    0x32, 0xbf, 0xff, 0xff, 0xff, 0xfe, 0xbf, 0xff,
    0xff, 0xff, 0xfe,

    /* U+011B "ě" */
    0x2, 0xfd, 0x30, 0x3, 0xdf, 0x20, 0x0, 0x3f,
    0xf5, 0x6f, 0xf3, 0x0, 0x0, 0x4, 0xff, 0xff,
    0x40, 0x0, 0x0, 0x0, 0x6a, 0xa6, 0x0, 0x0,
    0x0, 0x0, 0x0, 0x0, 0x0, 0x0, 0x0, 0x6,
    0xce, 0xfd, 0x81, 0x0, 0x1, 0xcf, 0xff, 0xff,
    0xfe, 0x20, 0xa, 0xff, 0x60, 0x4, 0xef, 0xd0,
    0x2f, 0xf6, 0x0, 0x0, 0x5f, 0xf4, 0x7f, 0xf1,
    0x0, 0x0, 0xf, 0xf7, 0xaf, 0xff, 0xff, 0xff,
    0xff, 0xf9, 0xbf, 0xfe, 0xee, 0xee, 0xee, 0xe8,
    0xaf, 0xf0, 0x0, 0x0, 0x0, 0x0, 0x8f, 0xf2,
    0x0, 0x0, 0x0, 0x0, 0x2f, 0xfb, 0x0, 0x0,
    0x0, 0x0, 0xa, 0xff, 0xa3, 0x1, 0x37, 0xc0,
    0x0, 0xbf, 0xff, 0xff, 0xff, 0xf0, 0x0, 0x5,
    0xbe, 0xff, 0xda, 0x40,

    /* U+011C "Ĝ" */
    0x0, 0x0, 0x0, 0x6, 0x87, 0x0, 0x0, 0x0,
    0x0, 0x0, 0x5, 0xff, 0xf9, 0x0, 0x0, 0x0,
    0x0, 0x2, 0xff, 0x9f, 0xf6, 0x0, 0x0, 0x0,
    0x1, 0xef, 0x60, 0x3e, 0xf4, 0x0, 0x0, 0x0,
    0x48, 0x30, 0x0, 0x17, 0x70, 0x0, 0x0, 0x0,
    0x0, 0x0, 0x0, 0x0, 0x0, 0x0, 0x0, 0x5,
    0xad, 0xff, 0xfd, 0x94, 0x0, 0x0, 0x3e, 0xff,
    0xff, 0xff, 0xff, 0xf3, 0x0, 0x5f, 0xff, 0xb6,
    0x43, 0x47, 0xcc, 0x0, 0x2f, 0xff, 0x40, 0x0,
    0x0, 0x0, 0x0, 0xb, 0xff, 0x40, 0x0, 0x0,
    0x0, 0x0, 0x2, 0xff, 0xb0, 0x0, 0x0, 0x0,
    0x0, 0x0, 0x5f, 0xf6, 0x0, 0x0, 0x0, 0x0,
    0x0, 0x8, 0xff, 0x30, 0x0, 0x1, 0x33, 0x33,
    0x32, 0x8f, 0xf2, 0x0, 0x0, 0x9f, 0xff, 0xff,
    0xa7, 0xff, 0x30, 0x0, 0x9, 0xff, 0xff, 0xfa,
    0x6f, 0xf5, 0x0, 0x0, 0x0, 0x0, 0xff, 0xa2,
    0xff, 0xa0, 0x0, 0x0, 0x0, 0xf, 0xfa, 0xd,
    0xff, 0x20, 0x0, 0x0, 0x0, 0xff, 0xa0, 0x5f,
    0xfd, 0x20, 0x0, 0x0, 0xf, 0xfa, 0x0, 0xaf,
    0xff, 0x95, 0x32, 0x36, 0xff, 0xa0, 0x0, 0x8f,
    0xff, 0xff, 0xff, 0xff, 0xfa, 0x0, 0x0, 0x28,
    0xce, 0xff, 0xed, 0x96, 0x10,

    /* U+011D "ĝ" */
    0x0, 0x0, 0x7f, 0xfd, 0x0, 0x0, 0x0, 0x4,
    0xff, 0xef, 0xa0, 0x0, 0x0, 0x3f, 0xf4, 0x1c,
    0xf9, 0x0, 0x0, 0x9a, 0x20, 0x0, 0x7a, 0x40,
    0x0, 0x0, 0x0, 0x0, 0x0, 0x0, 0x0, 0x19,
    0xef, 0xe9, 0x14, 0xfe, 0x2, 0xef, 0xff, 0xff,
    0xe8, 0xfe, 0xd, 0xff, 0x82, 0x15, 0xdf, 0xfe,
    0x4f, 0xf9, 0x0, 0x0, 0x2f, 0xfe, 0x8f, 0xf2,
    0x0, 0x0, 0xc, 0xfe, 0xaf, 0xf0, 0x0, 0x0,
    0x9, 0xfe, 0xbf, 0xe0, 0x0, 0x0, 0x8, 0xfe,
    0xaf, 0xf0, 0x0, 0x0, 0x8, 0xfe, 0x8f, 0xf1,
    0x0, 0x0, 0xa, 0xfe, 0x4f, 0xf7, 0x0, 0x0,
    0x1f, 0xfe, 0xd, 0xff, 0x61, 0x14, 0xdf, 0xfe,
    0x3, 0xff, 0xff, 0xff, 0xeb, 0xfe, 0x0, 0x2a,
    0xef, 0xe9, 0x19, 0xfe, 0x0, 0x0, 0x0, 0x0,
    0xa, 0xfe, 0x0, 0x0, 0x0, 0x0, 0xc, 0xfd,
    0x0, 0x0, 0x0, 0x0, 0x3f, 0xf9, 0xc, 0x95,
    0x21, 0x26, 0xef, 0xf3, 0xd, 0xff, 0xff, 0xff,
    0xff, 0x70, 0x3, 0x9c, 0xef, 0xfd, 0xa3, 0x0,

    /* U+011E "Ğ" */
    0x0, 0x0, 0x2f, 0x80, 0x0, 0x3f, 0x90, 0x0,
    0x0, 0x0, 0xbf, 0xff, 0xff, 0xe2, 0x0, 0x0,
    0x0, 0x0, 0x8d, 0xfe, 0xa2, 0x0, 0x0, 0x0,
    0x0, 0x0, 0x0, 0x0, 0x0, 0x0, 0x0, 0x0,
    0x0, 0x0, 0x0, 0x0, 0x0, 0x0, 0x0, 0x0,
    0x5a, 0xdf, 0xff, 0xd9, 0x40, 0x0, 0x3, 0xef,
    0xff, 0xff, 0xff, 0xff, 0x30, 0x5, 0xff, 0xfb,
    0x64, 0x34, 0x7c, 0xc0, 0x2, 0xff, 0xf4, 0x0,
    0x0, 0x0, 0x0, 0x0, 0xbf, 0xf4, 0x0, 0x0,
    0x0, 0x0, 0x0, 0x2f, 0xfb, 0x0, 0x0, 0x0,
    0x0, 0x0, 0x5, 0xff, 0x60, 0x0, 0x0, 0x0,
    0x0, 0x0, 0x8f, 0xf3, 0x0, 0x0, 0x13, 0x33,
    0x33, 0x28, 0xff, 0x20, 0x0, 0x9, 0xff, 0xff,
    0xfa, 0x7f, 0xf3, 0x0, 0x0, 0x9f, 0xff, 0xff,
    0xa6, 0xff, 0x50, 0x0, 0x0, 0x0, 0xf, 0xfa,
    0x2f, 0xfa, 0x0, 0x0, 0x0, 0x0, 0xff, 0xa0,
    0xdf, 0xf2, 0x0, 0x0, 0x0, 0xf, 0xfa, 0x5,
    0xff, 0xd2, 0x0, 0x0, 0x0, 0xff, 0xa0, 0xa,
    0xff, 0xf9, 0x53, 0x23, 0x6f, 0xfa, 0x0, 0x8,
    0xff, 0xff, 0xff, 0xff, 0xff, 0xa0, 0x0, 0x2,
    0x8c, 0xef, 0xfe, 0xd9, 0x61,

    /* U+011F "ğ" */
    0x0, 0x9e, 0x0, 0x0, 0x6f, 0x20, 0x0, 0x6f,
    0x71, 0x3, 0xde, 0x0, 0x0, 0xd, 0xff, 0xff,
    0xf4, 0x0, 0x0, 0x1, 0x9d, 0xeb, 0x40, 0x0,
    0x0, 0x0, 0x0, 0x0, 0x0, 0x0, 0x0, 0x19,
    0xef, 0xe9, 0x14, 0xfe, 0x2, 0xef, 0xff, 0xff,
    0xe8, 0xfe, 0xd, 0xff, 0x82, 0x15, 0xdf, 0xfe,
    0x4f, 0xf9, 0x0, 0x0, 0x2f, 0xfe, 0x8f, 0xf2,
    0x0, 0x0, 0xc, 0xfe, 0xaf, 0xf0, 0x0, 0x0,
    0x9, 0xfe, 0xbf, 0xe0, 0x0, 0x0, 0x8, 0xfe,
    0xaf, 0xf0, 0x0, 0x0, 0x8, 0xfe, 0x8f, 0xf1,
    0x0, 0x0, 0xa, 0xfe, 0x4f, 0xf7, 0x0, 0x0,
    0x1f, 0xfe, 0xd, 0xff, 0x61, 0x14, 0xdf, 0xfe,
    0x3, 0xff, 0xff, 0xff, 0xeb, 0xfe, 0x0, 0x2a,
    0xef, 0xe9, 0x19, 0xfe, 0x0, 0x0, 0x0, 0x0,
    0xa, 0xfe, 0x0, 0x0, 0x0, 0x0, 0xc, 0xfd,
    0x0, 0x0, 0x0, 0x0, 0x3f, 0xf9, 0xc, 0x95,
    0x21, 0x26, 0xef, 0xf3, 0xd, 0xff, 0xff, 0xff,
    0xff, 0x70, 0x3, 0x9c, 0xef, 0xfd, 0xa3, 0x0,

    /* U+0120 "Ġ" */
    0x0, 0x0, 0x0, 0x6, 0xfb, 0x0, 0x0, 0x0,
    0x0, 0x0, 0x0, 0xbf, 0xf1, 0x0, 0x0, 0x0,
    0x0, 0x0, 0x4, 0xd9, 0x0, 0x0, 0x0, 0x0,
    0x0, 0x0, 0x0, 0x0, 0x0, 0x0, 0x0, 0x0,
    0x0, 0x0, 0x0, 0x0, 0x0, 0x0, 0x0, 0x0,
    0x5a, 0xdf, 0xff, 0xd9, 0x40, 0x0, 0x3, 0xef,
    0xff, 0xff, 0xff, 0xff, 0x30, 0x5, 0xff, 0xfb,
    0x64, 0x34, 0x7c, 0xc0, 0x2, 0xff, 0xf4, 0x0,
    0x0, 0x0, 0x0, 0x0, 0xbf, 0xf4, 0x0, 0x0,
    0x0, 0x0, 0x0, 0x2f, 0xfb, 0x0, 0x0, 0x0,
    0x0, 0x0, 0x5, 0xff, 0x60, 0x0, 0x0, 0x0,
    0x0, 0x0, 0x8f, 0xf3, 0x0, 0x0, 0x13, 0x33,
    0x33, 0x28, 0xff, 0x20, 0x0, 0x9, 0xff, 0xff,
    0xfa, 0x7f, 0xf3, 0x0, 0x0, 0x9f, 0xff, 0xff,
    0xa6, 0xff, 0x50, 0x0, 0x0, 0x0, 0xf, 0xfa,
    0x2f, 0xfa, 0x0, 0x0, 0x0, 0x0, 0xff, 0xa0,
    0xdf, 0xf2, 0x0, 0x0, 0x0, 0xf, 0xfa, 0x5,
    0xff, 0xd2, 0x0, 0x0, 0x0, 0xff, 0xa0, 0xa,
    0xff, 0xf9, 0x53, 0x23, 0x6f, 0xfa, 0x0, 0x8,
    0xff, 0xff, 0xff, 0xff, 0xff, 0xa0, 0x0, 0x2,
    0x8c, 0xef, 0xfe, 0xd9, 0x61,

    /* U+0121 "ġ" */
    0x0, 0x0, 0xc, 0xe4, 0x0, 0x0, 0x0, 0x0,
    0x3f, 0xf9, 0x0, 0x0, 0x0, 0x0, 0xb, 0xd3,
    0x0, 0x0, 0x0, 0x0, 0x0, 0x0, 0x0, 0x0,
    0x0, 0x0, 0x0, 0x0, 0x0, 0x0, 0x0, 0x19,
    0xef, 0xe9, 0x14, 0xfe, 0x2, 0xef, 0xff, 0xff,
    0xe8, 0xfe, 0xd, 0xff, 0x82, 0x15, 0xdf, 0xfe,
    0x4f, 0xf9, 0x0, 0x0, 0x2f, 0xfe, 0x8f, 0xf2,
    0x0, 0x0, 0xc, 0xfe, 0xaf, 0xf0, 0x0, 0x0,
    0x9, 0xfe, 0xbf, 0xe0, 0x0, 0x0, 0x8, 0xfe,
    0xaf, 0xf0, 0x0, 0x0, 0x8, 0xfe, 0x8f, 0xf1,
    0x0, 0x0, 0xa, 0xfe, 0x4f, 0xf7, 0x0, 0x0,
    0x1f, 0xfe, 0xd, 0xff, 0x61, 0x14, 0xdf, 0xfe,
    0x3, 0xff, 0xff, 0xff, 0xeb, 0xfe, 0x0, 0x2a,
    0xef, 0xe9, 0x19, 0xfe, 0x0, 0x0, 0x0, 0x0,
    0xa, 0xfe, 0x0, 0x0, 0x0, 0x0, 0xc, 0xfd,
    0x0, 0x0, 0x0, 0x0, 0x3f, 0xf9, 0xc, 0x95,
    0x21, 0x26, 0xef, 0xf3, 0xd, 0xff, 0xff, 0xff,
    0xff, 0x70, 0x3, 0x9c, 0xef, 0xfd, 0xa3, 0x0,

    /* U+0122 "Ģ" */
    0x0, 0x0, 0x5, 0xad, 0xff, 0xfd, 0x94, 0x0,
    0x0, 0x3e, 0xff, 0xff, 0xff, 0xff, 0xf3, 0x0,
    0x5f, 0xff, 0xb6, 0x43, 0x58, 0xed, 0x0, 0x2f,
    0xff, 0x40, 0x0, 0x0, 0x0, 0x10, 0xb, 0xff,
    0x40, 0x0, 0x0, 0x0, 0x0, 0x2, 0xff, 0xb0,
    0x0, 0x0, 0x0, 0x0, 0x0, 0x5f, 0xf6, 0x0,
    0x0, 0x0, 0x0, 0x0, 0x8, 0xff, 0x30, 0x0,
    0x0, 0x0, 0x0, 0x0, 0x8f, 0xf2, 0x0, 0x0,
    0x13, 0x33, 0x33, 0x27, 0xff, 0x30, 0x0, 0x9,
    0xff, 0xff, 0xfa, 0x6f, 0xf5, 0x0, 0x0, 0x9f,
    0xff, 0xff, 0xa2, 0xff, 0xa0, 0x0, 0x0, 0x0,
    0xf, 0xfa, 0xd, 0xff, 0x20, 0x0, 0x0, 0x0,
    0xff, 0xa0, 0x5f, 0xfd, 0x20, 0x0, 0x0, 0xf,
    0xfa, 0x0, 0xaf, 0xff, 0x95, 0x32, 0x35, 0xff,
    0xa0, 0x0, 0x8f, 0xff, 0xff, 0xff, 0xff, 0xfa,
    0x0, 0x0, 0x28, 0xce, 0xff, 0xed, 0x96, 0x10,
    0x0, 0x0, 0x0, 0x0, 0x0, 0x0, 0x0, 0x0,
    0x0, 0x0, 0x0, 0x0, 0x0, 0x0, 0x0, 0x0,
    0x0, 0x0, 0x3c, 0xc2, 0x0, 0x0, 0x0, 0x0,
    0x0, 0x7, 0xfd, 0x0, 0x0, 0x0, 0x0, 0x0,
    0x0, 0xbf, 0x40, 0x0, 0x0, 0x0, 0x0, 0x0,
    0xf, 0xa0, 0x0, 0x0, 0x0,

    /* U+0123 "ģ" */
    0x0, 0x0, 0x0, 0xce, 0x0, 0x0, 0x0, 0x0,
    0x6, 0xf9, 0x0, 0x0, 0x0, 0x0, 0xe, 0xf5,
    0x0, 0x0, 0x0, 0x0, 0x3c, 0xc1, 0x0, 0x0,
    0x0, 0x0, 0x0, 0x0, 0x0, 0x0, 0x0, 0x19,
    0xef, 0xe9, 0x14, 0xfe, 0x2, 0xef, 0xff, 0xff,
    0xe8, 0xfe, 0xd, 0xff, 0x82, 0x15, 0xdf, 0xfe,
    0x4f, 0xf9, 0x0, 0x0, 0x2f, 0xfe, 0x8f, 0xf2,
    0x0, 0x0, 0xc, 0xfe, 0xaf, 0xf0, 0x0, 0x0,
    0x9, 0xfe, 0xbf, 0xe0, 0x0, 0x0, 0x8, 0xfe,
    0xaf, 0xf0, 0x0, 0x0, 0x8, 0xfe, 0x8f, 0xf1,
    0x0, 0x0, 0xa, 0xfe, 0x4f, 0xf7, 0x0, 0x0,
    0x1f, 0xfe, 0xd, 0xff, 0x61, 0x14, 0xdf, 0xfe,
    0x3, 0xff, 0xff, 0xff, 0xeb, 0xfe, 0x0, 0x2a,
    0xef, 0xe9, 0x19, 0xfe, 0x0, 0x0, 0x0, 0x0,
    0xa, 0xfe, 0x0, 0x0, 0x0, 0x0, 0xc, 0xfd,
    0x0, 0x0, 0x0, 0x0, 0x3f, 0xf9, 0xc, 0x95,
    0x21, 0x26, 0xef, 0xf3, 0xd, 0xff, 0xff, 0xff,
    0xff, 0x70, 0x3, 0x9c, 0xef, 0xfd, 0xa3, 0x0,

    /* U+0124 "Ĥ" */
    0x0, 0x0, 0x4, 0x88, 0x30, 0x0, 0x0, 0x0,
    0x0, 0x1e, 0xff, 0xd0, 0x0, 0x0, 0x0, 0x0,
    0xcf, 0xbd, 0xfa, 0x0, 0x0, 0x0, 0xa, 0xfa,
    0x1, 0xbf, 0x90, 0x0, 0x0, 0x28, 0x50, 0x0,
    0x6, 0x81, 0x0, 0x0, 0x0, 0x0, 0x0, 0x0,
    0x0, 0x0, 0xbf, 0xe0, 0x0, 0x0, 0x0, 0xf,
    0xfa, 0xbf, 0xe0, 0x0, 0x0, 0x0, 0xf, 0xfa,
    0xbf, 0xe0, 0x0, 0x0, 0x0, 0xf, 0xfa, 0xbf,
    0xe0, 0x0, 0x0, 0x0, 0xf, 0xfa, 0xbf, 0xe0,
    0x0, 0x0, 0x0, 0xf, 0xfa, 0xbf, 0xe0, 0x0,
    0x0, 0x0, 0xf, 0xfa, 0xbf, 0xe0, 0x0, 0x0,
    0x0, 0xf, 0xfa, 0xbf, 0xff, 0xff, 0xff, 0xff,
    0xff, 0xfa, 0xbf, 0xff, 0xff, 0xff, 0xff, 0xff,
    0xfa, 0xbf, 0xe3, 0x33, 0x33, 0x33, 0x3f, 0xfa,
    0xbf, 0xe0, 0x0, 0x0, 0x0, 0xf, 0xfa, 0xbf,
    0xe0, 0x0, 0x0, 0x0, 0xf, 0xfa, 0xbf, 0xe0,
    0x0, 0x0, 0x0, 0xf, 0xfa, 0xbf, 0xe0, 0x0,
    0x0, 0x0, 0xf, 0xfa, 0xbf, 0xe0, 0x0, 0x0,
    0x0, 0xf, 0xfa, 0xbf, 0xe0, 0x0, 0x0, 0x0,
    0xf, 0xfa, 0xbf, 0xe0, 0x0, 0x0, 0x0, 0xf,
    0xfa,

    /* U+0125 "ĥ" */
    0x0, 0x1, 0x88, 0x50, 0x0, 0x0, 0x0, 0x0,
    0x0, 0xb, 0xff, 0xf3, 0x0, 0x0, 0x0, 0x0,
    0x0, 0x8f, 0xea, 0xfe, 0x10, 0x0, 0x0, 0x0,
    0x6, 0xfd, 0x20, 0x8f, 0xd1, 0x0, 0x0, 0x0,
    0x7, 0x70, 0x0, 0x4, 0x84, 0x0, 0x0, 0x0,
    0x0, 0x0, 0x0, 0x0, 0x0, 0x0, 0x0, 0x0,
    0x0, 0x0, 0xff, 0x80, 0x0, 0x0, 0x0, 0x0,
    0x0, 0x0, 0xff, 0x80, 0x0, 0x0, 0x0, 0x0,
    0x0, 0x0, 0xff, 0x80, 0x0, 0x0, 0x0, 0x0,
    0x0, 0x0, 0xff, 0x80, 0x0, 0x0, 0x0, 0x0,
    0x0, 0x0, 0xff, 0x80, 0x0, 0x0, 0x0, 0x0,
    0x0, 0x0, 0xff, 0x71, 0x9e, 0xfe, 0xb3, 0x0,
    0x0, 0x0, 0xff, 0x9e, 0xff, 0xff, 0xff, 0x40,
    0x0, 0x0, 0xff, 0xfd, 0x51, 0x27, 0xff, 0xd0,
    0x0, 0x0, 0xff, 0xf2, 0x0, 0x0, 0xaf, 0xf1,
    0x0, 0x0, 0xff, 0xc0, 0x0, 0x0, 0x6f, 0xf2,
    0x0, 0x0, 0xff, 0x90, 0x0, 0x0, 0x5f, 0xf2,
    0x0, 0x0, 0xff, 0x80, 0x0, 0x0, 0x5f, 0xf2,
    0x0, 0x0, 0xff, 0x80, 0x0, 0x0, 0x5f, 0xf2,
    0x0, 0x0, 0xff, 0x80, 0x0, 0x0, 0x5f, 0xf2,
    0x0, 0x0, 0xff, 0x80, 0x0, 0x0, 0x5f, 0xf2,
    0x0, 0x0, 0xff, 0x80, 0x0, 0x0, 0x5f, 0xf2,
    0x0, 0x0, 0xff, 0x80, 0x0, 0x0, 0x5f, 0xf2,
    0x0, 0x0, 0xff, 0x80, 0x0, 0x0, 0x5f, 0xf2,

    /* U+0126 "Ħ" */
    0x0, 0xbf, 0xe0, 0x0, 0x0, 0x0, 0xf, 0xfa,
    0x0, 0x0, 0xbf, 0xe0, 0x0, 0x0, 0x0, 0xf,
    0xfa, 0x0, 0x0, 0xbf, 0xe0, 0x0, 0x0, 0x0,
    0xf, 0xfa, 0x0, 0xff, 0xff, 0xff, 0xff, 0xff,
    0xff, 0xff, 0xff, 0xff, 0xee, 0xff, 0xfe, 0xee,
    0xee, 0xee, 0xef, 0xff, 0xed, 0x0, 0xbf, 0xe0,
    0x0, 0x0, 0x0, 0xf, 0xfa, 0x0, 0x0, 0xbf,
    0xe0, 0x0, 0x0, 0x0, 0xf, 0xfa, 0x0, 0x0,
    0xbf, 0xff, 0xff, 0xff, 0xff, 0xff, 0xfa, 0x0,
    0x0, 0xbf, 0xff, 0xff, 0xff, 0xff, 0xff, 0xfa,
    0x0, 0x0, 0xbf, 0xe3, 0x33, 0x33, 0x33, 0x3f,
    0xfa, 0x0, 0x0, 0xbf, 0xe0, 0x0, 0x0, 0x0,
    0xf, 0xfa, 0x0, 0x0, 0xbf, 0xe0, 0x0, 0x0,
    0x0, 0xf, 0xfa, 0x0, 0x0, 0xbf, 0xe0, 0x0,
    0x0, 0x0, 0xf, 0xfa, 0x0, 0x0, 0xbf, 0xe0,
    0x0, 0x0, 0x0, 0xf, 0xfa, 0x0, 0x0, 0xbf,
    0xe0, 0x0, 0x0, 0x0, 0xf, 0xfa, 0x0, 0x0,
    0xbf, 0xe0, 0x0, 0x0, 0x0, 0xf, 0xfa, 0x0,
    0x0, 0xbf, 0xe0, 0x0, 0x0, 0x0, 0xf, 0xfa,
    0x0,

    /* U+0127 "ħ" */
    0x0, 0xff, 0x80, 0x0, 0x0, 0x0, 0x0, 0x0,
    0xff, 0x80, 0x0, 0x0, 0x0, 0x0, 0xdf, 0xff,
    0xff, 0xff, 0xf3, 0x0, 0x0, 0xac, 0xff, 0xec,
    0xcc, 0xc2, 0x0, 0x0, 0x0, 0xff, 0x80, 0x0,
    0x0, 0x0, 0x0, 0x0, 0xff, 0x81, 0x9e, 0xfe,
    0xb3, 0x0, 0x0, 0xff, 0x9e, 0xff, 0xff, 0xff,
    0x40, 0x0, 0xff, 0xfe, 0x51, 0x27, 0xff, 0xd0,
    0x0, 0xff, 0xf3, 0x0, 0x0, 0xaf, 0xf1, 0x0,
    0xff, 0xc0, 0x0, 0x0, 0x6f, 0xf2, 0x0, 0xff,
    0x90, 0x0, 0x0, 0x5f, 0xf3, 0x0, 0xff, 0x80,
    0x0, 0x0, 0x5f, 0xf3, 0x0, 0xff, 0x80, 0x0,
    0x0, 0x5f, 0xf3, 0x0, 0xff, 0x80, 0x0, 0x0,
    0x5f, 0xf3, 0x0, 0xff, 0x80, 0x0, 0x0, 0x5f,
    0xf3, 0x0, 0xff, 0x80, 0x0, 0x0, 0x5f, 0xf3,
    0x0, 0xff, 0x80, 0x0, 0x0, 0x5f, 0xf3, 0x0,
    0xff, 0x80, 0x0, 0x0, 0x5f, 0xf3,

    /* U+0128 "Ĩ" */
    0x1, 0xac, 0x70, 0x0, 0xb7, 0xc, 0xff, 0xfb,
    0x24, 0xf5, 0x3f, 0x71, 0xaf, 0xff, 0xe0, 0x5d,
    0x0, 0x5, 0xcb, 0x20, 0x0, 0x0, 0x0, 0x0,
    0x0, 0x1, 0xff, 0xff, 0xff, 0x90, 0x0, 0xae,
    0xff, 0xfc, 0x50, 0x0, 0x0, 0xff, 0x80, 0x0,
    0x0, 0x0, 0xff, 0x80, 0x0, 0x0, 0x0, 0xff,
    0x80, 0x0, 0x0, 0x0, 0xff, 0x80, 0x0, 0x0,
    0x0, 0xff, 0x80, 0x0, 0x0, 0x0, 0xff, 0x80,
    0x0, 0x0, 0x0, 0xff, 0x80, 0x0, 0x0, 0x0,
    0xff, 0x80, 0x0, 0x0, 0x0, 0xff, 0x80, 0x0,
    0x0, 0x0, 0xff, 0x80, 0x0, 0x0, 0x0, 0xff,
    0x80, 0x0, 0x0, 0x0, 0xff, 0x80, 0x0, 0x0,
    0x0, 0xff, 0x80, 0x0, 0x0, 0xae, 0xff, 0xfc,
    0x40, 0x1, 0xff, 0xff, 0xff, 0x90,

    /* U+0129 "ĩ" */
    0x0, 0xaf, 0xb1, 0x0, 0xab, 0x9, 0xfe, 0xfe,
    0x42, 0xf8, 0xf, 0x90, 0x5f, 0xff, 0xf2, 0x2d,
    0x20, 0x2, 0xbb, 0x40, 0x0, 0x0, 0x0, 0x0,
    0x0, 0x0, 0x0, 0xff, 0x80, 0x0, 0x0, 0x0,
    0xff, 0x80, 0x0, 0x0, 0x0, 0xff, 0x80, 0x0,
    0x0, 0x0, 0xff, 0x80, 0x0, 0x0, 0x0, 0xff,
    0x80, 0x0, 0x0, 0x0, 0xff, 0x80, 0x0, 0x0,
    0x0, 0xff, 0x80, 0x0, 0x0, 0x0, 0xff, 0x80,
    0x0, 0x0, 0x0, 0xff, 0x80, 0x0, 0x0, 0x0,
    0xff, 0x80, 0x0, 0x0, 0x0, 0xff, 0x80, 0x0,
    0x0, 0x0, 0xff, 0x80, 0x0, 0x0, 0x0, 0xff,
    0x80, 0x0,

    /* U+012A "Ī" */
    0x7f, 0xff, 0xff, 0xfe, 0x6e, 0xee, 0xee, 0xec,
    0x0, 0x0, 0x0, 0x0, 0x1f, 0xff, 0xff, 0xf9,
    0xa, 0xef, 0xff, 0xc5, 0x0, 0xf, 0xf8, 0x0,
    0x0, 0xf, 0xf8, 0x0, 0x0, 0xf, 0xf8, 0x0,
    0x0, 0xf, 0xf8, 0x0, 0x0, 0xf, 0xf8, 0x0,
    0x0, 0xf, 0xf8, 0x0, 0x0, 0xf, 0xf8, 0x0,
    0x0, 0xf, 0xf8, 0x0, 0x0, 0xf, 0xf8, 0x0,
    0x0, 0xf, 0xf8, 0x0, 0x0, 0xf, 0xf8, 0x0,
    0x0, 0xf, 0xf8, 0x0, 0x0, 0xf, 0xf8, 0x0,
    0xa, 0xef, 0xff, 0xc4, 0x1f, 0xff, 0xff, 0xf9,

    /* U+012B "ī" */
    0x7f, 0xff, 0xff, 0xfe, 0x6d, 0xdd, 0xdd, 0xdc,
    0x0, 0x0, 0x0, 0x0, 0x0, 0xf, 0xf8, 0x0,
    0x0, 0xf, 0xf8, 0x0, 0x0, 0xf, 0xf8, 0x0,
    0x0, 0xf, 0xf8, 0x0, 0x0, 0xf, 0xf8, 0x0,
    0x0, 0xf, 0xf8, 0x0, 0x0, 0xf, 0xf8, 0x0,
    0x0, 0xf, 0xf8, 0x0, 0x0, 0xf, 0xf8, 0x0,
    0x0, 0xf, 0xf8, 0x0, 0x0, 0xf, 0xf8, 0x0,
    0x0, 0xf, 0xf8, 0x0, 0x0, 0xf, 0xf8, 0x0,

    /* U+012C "Ĭ" */
    0x9e, 0x0, 0x0, 0x5f, 0x25, 0xf7, 0x10, 0x3d,
    0xe0, 0xc, 0xff, 0xff, 0xf5, 0x0, 0x19, 0xde,
    0xb4, 0x0, 0x0, 0x0, 0x0, 0x0, 0x1, 0xff,
    0xff, 0xff, 0x90, 0xa, 0xef, 0xff, 0xc5, 0x0,
    0x0, 0xff, 0x80, 0x0, 0x0, 0xf, 0xf8, 0x0,
    0x0, 0x0, 0xff, 0x80, 0x0, 0x0, 0xf, 0xf8,
    0x0, 0x0, 0x0, 0xff, 0x80, 0x0, 0x0, 0xf,
    0xf8, 0x0, 0x0, 0x0, 0xff, 0x80, 0x0, 0x0,
    0xf, 0xf8, 0x0, 0x0, 0x0, 0xff, 0x80, 0x0,
    0x0, 0xf, 0xf8, 0x0, 0x0, 0x0, 0xff, 0x80,
    0x0, 0x0, 0xf, 0xf8, 0x0, 0x0, 0x0, 0xff,
    0x80, 0x0, 0xa, 0xef, 0xff, 0xc4, 0x1, 0xff,
    0xff, 0xff, 0x90,

    /* U+012D "ĭ" */
    0x9f, 0x0, 0x0, 0x5f, 0x35, 0xf8, 0x10, 0x3d,
    0xe0, 0xc, 0xff, 0xff, 0xf5, 0x0, 0x19, 0xde,
    0xb4, 0x0, 0x0, 0x0, 0x0, 0x0, 0x0, 0x0,
    0xff, 0x80, 0x0, 0x0, 0xf, 0xf8, 0x0, 0x0,
    0x0, 0xff, 0x80, 0x0, 0x0, 0xf, 0xf8, 0x0,
    0x0, 0x0, 0xff, 0x80, 0x0, 0x0, 0xf, 0xf8,
    0x0, 0x0, 0x0, 0xff, 0x80, 0x0, 0x0, 0xf,
    0xf8, 0x0, 0x0, 0x0, 0xff, 0x80, 0x0, 0x0,
    0xf, 0xf8, 0x0, 0x0, 0x0, 0xff, 0x80, 0x0,
    0x0, 0xf, 0xf8, 0x0, 0x0, 0x0, 0xff, 0x80,
    0x0,

    /* U+012E "Į" */
    0x1f, 0xff, 0xff, 0xf9, 0xa, 0xef, 0xff, 0xc5,
    0x0, 0xf, 0xf8, 0x0, 0x0, 0xf, 0xf8, 0x0,
    0x0, 0xf, 0xf8, 0x0, 0x0, 0xf, 0xf8, 0x0,
    0x0, 0xf, 0xf8, 0x0, 0x0, 0xf, 0xf8, 0x0,
    0x0, 0xf, 0xf8, 0x0, 0x0, 0xf, 0xf8, 0x0,
    0x0, 0xf, 0xf8, 0x0, 0x0, 0xf, 0xf8, 0x0,
    0x0, 0xf, 0xf8, 0x0, 0x0, 0xf, 0xf8, 0x0,
    0x0, 0xf, 0xf8, 0x0, 0xa, 0xef, 0xff, 0xc4,
    0x1f, 0xff, 0xff, 0xf9, 0x0, 0x0, 0x5f, 0x70,
    0x0, 0x1, 0xfc, 0x0, 0x0, 0x8, 0xf5, 0x0,
    0x0, 0xa, 0xf5, 0x0, 0x0, 0x7, 0xfe, 0xa6,
    0x0, 0x0, 0xae, 0xf6,

    /* U+012F "į" */
    0x0, 0xcf, 0x50, 0x2f, 0xfa, 0x0, 0xad, 0x40,
    0x0, 0x0, 0x0, 0x0, 0x0, 0xf, 0xf8, 0x0,
    0xff, 0x80, 0xf, 0xf8, 0x0, 0xff, 0x80, 0xf,
    0xf8, 0x0, 0xff, 0x80, 0xf, 0xf8, 0x0, 0xff,
    0x80, 0xf, 0xf8, 0x0, 0xff, 0x80, 0xf, 0xf8,
    0x0, 0xff, 0x80, 0xf, 0xf8, 0x0, 0xdd, 0x0,
    0xaf, 0x30, 0x1f, 0xc0, 0x3, 0xfc, 0x0, 0x1f,
    0xfb, 0xa0, 0x5d, 0xfd,

    /* U+0130 "İ" */
    0x0, 0xa, 0xd4, 0x0, 0x0, 0x2f, 0xfa, 0x0,
    0x0, 0xc, 0xf5, 0x0, 0x0, 0x0, 0x0, 0x0,
    0x0, 0x0, 0x0, 0x0, 0x1f, 0xff, 0xff, 0xf9,
    0xa, 0xef, 0xff, 0xc5, 0x0, 0xf, 0xf8, 0x0,
    0x0, 0xf, 0xf8, 0x0, 0x0, 0xf, 0xf8, 0x0,
    0x0, 0xf, 0xf8, 0x0, 0x0, 0xf, 0xf8, 0x0,
    0x0, 0xf, 0xf8, 0x0, 0x0, 0xf, 0xf8, 0x0,
    0x0, 0xf, 0xf8, 0x0, 0x0, 0xf, 0xf8, 0x0,
    0x0, 0xf, 0xf8, 0x0, 0x0, 0xf, 0xf8, 0x0,
    0x0, 0xf, 0xf8, 0x0, 0x0, 0xf, 0xf8, 0x0,
    0xa, 0xef, 0xff, 0xc4, 0x1f, 0xff, 0xff, 0xf9,

    /* U+0131 "ı" */
    0xf, 0xf8, 0xf, 0xf8, 0xf, 0xf8, 0xf, 0xf8,
    0xf, 0xf8, 0xf, 0xf8, 0xf, 0xf8, 0xf, 0xf8,
    0xf, 0xf8, 0xf, 0xf8, 0xf, 0xf8, 0xf, 0xf8,
    0xf, 0xf8,

    /* U+0132 "Ĳ" */
    0x1f, 0xff, 0xff, 0xf9, 0x0, 0x4f, 0xf5, 0xa,
    0xef, 0xff, 0xc5, 0x0, 0x4f, 0xf5, 0x0, 0xf,
    0xf8, 0x0, 0x0, 0x4f, 0xf5, 0x0, 0xf, 0xf8,
    0x0, 0x0, 0x4f, 0xf5, 0x0, 0xf, 0xf8, 0x0,
    0x0, 0x4f, 0xf5, 0x0, 0xf, 0xf8, 0x0, 0x0,
    0x4f, 0xf5, 0x0, 0xf, 0xf8, 0x0, 0x0, 0x4f,
    0xf5, 0x0, 0xf, 0xf8, 0x0, 0x0, 0x4f, 0xf5,
    0x0, 0xf, 0xf8, 0x0, 0x0, 0x4f, 0xf5, 0x0,
    0xf, 0xf8, 0x0, 0x0, 0x4f, 0xf5, 0x0, 0xf,
    0xf8, 0x0, 0x0, 0x4f, 0xf5, 0x0, 0xf, 0xf8,
    0x0, 0x0, 0x4f, 0xf5, 0x0, 0xf, 0xf8, 0x0,
    0x0, 0x4f, 0xf5, 0x0, 0xf, 0xf8, 0x0, 0x0,
    0x4f, 0xf5, 0x0, 0xf, 0xf8, 0x0, 0x0, 0x4f,
    0xf5, 0xa, 0xef, 0xff, 0xc4, 0x0, 0x4f, 0xf5,
    0x1f, 0xff, 0xff, 0xf9, 0x0, 0x4f, 0xf5, 0x0,
    0x0, 0x0, 0x0, 0x0, 0x4f, 0xf4, 0x0, 0x0,
    0x0, 0x0, 0x0, 0x8f, 0xf2, 0x0, 0x0, 0x0,
    0x14, 0x37, 0xff, 0xd0, 0x0, 0x0, 0x0, 0x4f,
    0xff, 0xff, 0x30, 0x0, 0x0, 0x0, 0x3e, 0xfe,
    0xa2, 0x0,

    /* U+0133 "ĳ" */
    0xc, 0xf5, 0x0, 0x5, 0xfc, 0x2, 0xff, 0xa0,
    0x0, 0xaf, 0xf3, 0xa, 0xd4, 0x0, 0x4, 0xda,
    0x0, 0x0, 0x0, 0x0, 0x0, 0x0, 0x0, 0x0,
    0x0, 0x0, 0x0, 0x0, 0xff, 0x80, 0x0, 0x8f,
    0xf0, 0xf, 0xf8, 0x0, 0x8, 0xff, 0x0, 0xff,
    0x80, 0x0, 0x8f, 0xf0, 0xf, 0xf8, 0x0, 0x8,
    0xff, 0x0, 0xff, 0x80, 0x0, 0x8f, 0xf0, 0xf,
    0xf8, 0x0, 0x8, 0xff, 0x0, 0xff, 0x80, 0x0,
    0x8f, 0xf0, 0xf, 0xf8, 0x0, 0x8, 0xff, 0x0,
    0xff, 0x80, 0x0, 0x8f, 0xf0, 0xf, 0xf8, 0x0,
    0x8, 0xff, 0x0, 0xff, 0x80, 0x0, 0x8f, 0xf0,
    0xf, 0xf8, 0x0, 0x8, 0xff, 0x0, 0xff, 0x80,
    0x0, 0x8f, 0xf0, 0x0, 0x0, 0x0, 0x8, 0xff,
    0x0, 0x0, 0x0, 0x0, 0x8f, 0xf0, 0x0, 0x0,
    0x0, 0x9, 0xff, 0x0, 0x0, 0x2, 0x13, 0xef,
    0xc0, 0x0, 0x0, 0xcf, 0xff, 0xf5, 0x0, 0x0,
    0x9, 0xff, 0xd6, 0x0,

    /* U+0134 "Ĵ" */
    0x0, 0x0, 0x78, 0x70, 0x0, 0x0, 0x8, 0xff,
    0xf6, 0x0, 0x0, 0x5f, 0xf9, 0xff, 0x30, 0x3,
    0xfe, 0x30, 0x5f, 0xe2, 0x6, 0x71, 0x0, 0x2,
    0x85, 0x0, 0x0, 0x0, 0x0, 0x0, 0x0, 0x0,
    0xdf, 0xc0, 0x0, 0x0, 0x0, 0xdf, 0xc0, 0x0,
    0x0, 0x0, 0xdf, 0xc0, 0x0, 0x0, 0x0, 0xdf,
    0xc0, 0x0, 0x0, 0x0, 0xdf, 0xc0, 0x0, 0x0,
    0x0, 0xdf, 0xc0, 0x0, 0x0, 0x0, 0xdf, 0xc0,
    0x0, 0x0, 0x0, 0xdf, 0xc0, 0x0, 0x0, 0x0,
    0xdf, 0xc0, 0x0, 0x0, 0x0, 0xdf, 0xc0, 0x0,
    0x0, 0x0, 0xdf, 0xc0, 0x0, 0x0, 0x0, 0xdf,
    0xc0, 0x0, 0x0, 0x0, 0xdf, 0xc0, 0x0, 0x0,
    0x0, 0xdf, 0xc0, 0x0, 0x0, 0x0, 0xdf, 0xc0,
    0x0, 0x0, 0x0, 0xdf, 0xc0, 0x0, 0x0, 0x0,
    0xdf, 0xc0, 0x0, 0x0, 0x0, 0xff, 0xa0, 0x0,
    0x10, 0x1a, 0xff, 0x60, 0x0, 0xdf, 0xff, 0xfd,
    0x0, 0x0, 0xdf, 0xff, 0xa1, 0x0, 0x0, 0x2,
    0x20, 0x0, 0x0, 0x0,

    /* U+0135 "ĵ" */
    0x0, 0x7, 0xff, 0xd0, 0x0, 0x0, 0x4f, 0xfd,
    0xfb, 0x0, 0x4, 0xfe, 0x30, 0xaf, 0xa0, 0x7,
    0x71, 0x0, 0x5, 0x83, 0x0, 0x0, 0x0, 0x0,
    0x0, 0x0, 0x0, 0xff, 0x80, 0x0, 0x0, 0x0,
    0xff, 0x80, 0x0, 0x0, 0x0, 0xff, 0x80, 0x0,
    0x0, 0x0, 0xff, 0x80, 0x0, 0x0, 0x0, 0xff,
    0x80, 0x0, 0x0, 0x0, 0xff, 0x80, 0x0, 0x0,
    0x0, 0xff, 0x80, 0x0, 0x0, 0x0, 0xff, 0x80,
    0x0, 0x0, 0x0, 0xff, 0x80, 0x0, 0x0, 0x0,
    0xff, 0x80, 0x0, 0x0, 0x0, 0xff, 0x80, 0x0,
    0x0, 0x0, 0xff, 0x80, 0x0, 0x0, 0x0, 0xff,
    0x80, 0x0, 0x0, 0x0, 0xff, 0x80, 0x0, 0x0,
    0x0, 0xff, 0x80, 0x0, 0x0, 0x1, 0xff, 0x70,
    0x0, 0x12, 0x19, 0xff, 0x40, 0x0, 0x4f, 0xff,
    0xfc, 0x0, 0x0, 0x3e, 0xfe, 0xa1, 0x0, 0x0,

    /* U+0136 "Ķ" */
    0xbf, 0xe0, 0x0, 0x0, 0x6, 0xff, 0x80, 0xbf,
    0xe0, 0x0, 0x0, 0x5f, 0xfa, 0x0, 0xbf, 0xe0,
    0x0, 0x3, 0xff, 0xb0, 0x0, 0xbf, 0xe0, 0x0,
    0x2e, 0xfd, 0x0, 0x0, 0xbf, 0xe0, 0x1, 0xdf,
    0xe1, 0x0, 0x0, 0xbf, 0xe0, 0xb, 0xff, 0x20,
    0x0, 0x0, 0xbf, 0xe0, 0xaf, 0xf4, 0x0, 0x0,
    0x0, 0xbf, 0xe8, 0xff, 0x90, 0x0, 0x0, 0x0,
    0xbf, 0xff, 0xff, 0xf3, 0x0, 0x0, 0x0, 0xbf,
    0xfe, 0x7f, 0xfd, 0x0, 0x0, 0x0, 0xbf, 0xe1,
    0x8, 0xff, 0x90, 0x0, 0x0, 0xbf, 0xe0, 0x0,
    0xcf, 0xf4, 0x0, 0x0, 0xbf, 0xe0, 0x0, 0x1f,
    0xfe, 0x10, 0x0, 0xbf, 0xe0, 0x0, 0x5, 0xff,
    0xb0, 0x0, 0xbf, 0xe0, 0x0, 0x0, 0xaf, 0xf6,
    0x0, 0xbf, 0xe0, 0x0, 0x0, 0xd, 0xff, 0x20,
    0xbf, 0xe0, 0x0, 0x0, 0x3, 0xff, 0xc0, 0x0,
    0x0, 0x0, 0x0, 0x0, 0x0, 0x0, 0x0, 0x0,
    0x0, 0x0, 0x0, 0x0, 0x0, 0x0, 0x0, 0xa,
    0xc8, 0x0, 0x0, 0x0, 0x0, 0x0, 0xf, 0xf5,
    0x0, 0x0, 0x0, 0x0, 0x0, 0x3f, 0xc0, 0x0,
    0x0, 0x0, 0x0, 0x0, 0x8f, 0x20, 0x0, 0x0,
    0x0,

    /* U+0137 "ķ" */
    0xf, 0xf8, 0x0, 0x0, 0x0, 0x0, 0x0, 0xff,
    0x80, 0x0, 0x0, 0x0, 0x0, 0xf, 0xf8, 0x0,
    0x0, 0x0, 0x0, 0x0, 0xff, 0x80, 0x0, 0x0,
    0x0, 0x0, 0xf, 0xf8, 0x0, 0x0, 0x0, 0x0,
    0x0, 0xff, 0x80, 0x0, 0x7, 0xff, 0x70, 0xf,
    0xf8, 0x0, 0x6, 0xff, 0x80, 0x0, 0xff, 0x80,
    0x5, 0xff, 0x90, 0x0, 0xf, 0xf8, 0x4, 0xff,
    0xa0, 0x0, 0x0, 0xff, 0x73, 0xff, 0xb0, 0x0,
    0x0, 0xf, 0xf8, 0xef, 0xe0, 0x0, 0x0, 0x0,
    0xff, 0xff, 0xff, 0x60, 0x0, 0x0, 0xf, 0xff,
    0x9c, 0xff, 0x30, 0x0, 0x0, 0xff, 0xa0, 0x1e,
    0xfd, 0x0, 0x0, 0xf, 0xf8, 0x0, 0x4f, 0xfa,
    0x0, 0x0, 0xff, 0x80, 0x0, 0x9f, 0xf6, 0x0,
    0xf, 0xf8, 0x0, 0x0, 0xcf, 0xf2, 0x0, 0xff,
    0x80, 0x0, 0x2, 0xff, 0xd0, 0x0, 0x0, 0x0,
    0x0, 0x0, 0x0, 0x0, 0x0, 0x0, 0x0, 0x0,
    0x0, 0x0, 0x0, 0x0, 0x1c, 0xc4, 0x0, 0x0,
    0x0, 0x0, 0x4, 0xfe, 0x0, 0x0, 0x0, 0x0,
    0x0, 0x8f, 0x70, 0x0, 0x0, 0x0, 0x0, 0xd,
    0xc0, 0x0, 0x0, 0x0,

    /* U+0138 "ĸ" */
    0xf, 0xf9, 0x0, 0x0, 0x7f, 0xf7, 0x0, 0xff,
    0x90, 0x0, 0x4f, 0xf9, 0x0, 0xf, 0xf9, 0x0,
    0x2f, 0xfb, 0x0, 0x0, 0xff, 0x90, 0x1e, 0xfd,
    0x10, 0x0, 0xf, 0xf9, 0xc, 0xfe, 0x20, 0x0,
    0x0, 0xff, 0x8a, 0xff, 0x30, 0x0, 0x0, 0xf,
    0xfd, 0xff, 0xf7, 0x0, 0x0, 0x0, 0xff, 0xfe,
    0xcf, 0xf3, 0x0, 0x0, 0xf, 0xfc, 0x11, 0xef,
    0xd0, 0x0, 0x0, 0xff, 0x90, 0x4, 0xff, 0xa0,
    0x0, 0xf, 0xf9, 0x0, 0x8, 0xff, 0x60, 0x0,
    0xff, 0x90, 0x0, 0xc, 0xff, 0x20, 0xf, 0xf9,
    0x0, 0x0, 0x2f, 0xfd, 0x0,

    /* U+0139 "Ĺ" */
    0x0, 0x58, 0x83, 0x0, 0x0, 0x0, 0x2f, 0xfc,
    0x0, 0x0, 0x0, 0xc, 0xfc, 0x10, 0x0, 0x0,
    0x7, 0xfc, 0x10, 0x0, 0x0, 0x0, 0x77, 0x0,
    0x0, 0x0, 0x0, 0x0, 0x0, 0x0, 0x0, 0x0,
    0x0, 0xcf, 0xd0, 0x0, 0x0, 0x0, 0xc, 0xfd,
    0x0, 0x0, 0x0, 0x0, 0xcf, 0xd0, 0x0, 0x0,
    0x0, 0xc, 0xfd, 0x0, 0x0, 0x0, 0x0, 0xcf,
    0xd0, 0x0, 0x0, 0x0, 0xc, 0xfd, 0x0, 0x0,
    0x0, 0x0, 0xcf, 0xd0, 0x0, 0x0, 0x0, 0xc,
    0xfd, 0x0, 0x0, 0x0, 0x0, 0xcf, 0xd0, 0x0,
    0x0, 0x0, 0xc, 0xfd, 0x0, 0x0, 0x0, 0x0,
    0xcf, 0xd0, 0x0, 0x0, 0x0, 0xc, 0xfd, 0x0,
    0x0, 0x0, 0x0, 0xcf, 0xd0, 0x0, 0x0, 0x0,
    0xc, 0xfd, 0x0, 0x0, 0x0, 0x0, 0xcf, 0xe3,
    0x33, 0x33, 0x33, 0xc, 0xff, 0xff, 0xff, 0xff,
    0xf2, 0xcf, 0xff, 0xff, 0xff, 0xff, 0x20,

    /* U+013A "ĺ" */
    0x0, 0x7, 0x88, 0x10, 0x6, 0xff, 0x90, 0x1,
    0xef, 0x90, 0x0, 0xbf, 0x90, 0x0, 0x18, 0x50,
    0x0, 0x0, 0x0, 0x0, 0x0, 0xf, 0xf8, 0x0,
    0x0, 0xff, 0x80, 0x0, 0xf, 0xf8, 0x0, 0x0,
    0xff, 0x80, 0x0, 0xf, 0xf8, 0x0, 0x0, 0xff,
    0x80, 0x0, 0xf, 0xf8, 0x0, 0x0, 0xff, 0x80,
    0x0, 0xf, 0xf8, 0x0, 0x0, 0xff, 0x80, 0x0,
    0xf, 0xf8, 0x0, 0x0, 0xff, 0x80, 0x0, 0xf,
    0xf8, 0x0, 0x0, 0xff, 0x80, 0x0, 0xf, 0xf8,
    0x0, 0x0, 0xff, 0x80, 0x0, 0xf, 0xf8, 0x0,
    0x0, 0xff, 0x80, 0x0,

    /* U+013B "Ļ" */
    0xcf, 0xd0, 0x0, 0x0, 0x0, 0xc, 0xfd, 0x0,
    0x0, 0x0, 0x0, 0xcf, 0xd0, 0x0, 0x0, 0x0,
    0xc, 0xfd, 0x0, 0x0, 0x0, 0x0, 0xcf, 0xd0,
    0x0, 0x0, 0x0, 0xc, 0xfd, 0x0, 0x0, 0x0,
    0x0, 0xcf, 0xd0, 0x0, 0x0, 0x0, 0xc, 0xfd,
    0x0, 0x0, 0x0, 0x0, 0xcf, 0xd0, 0x0, 0x0,
    0x0, 0xc, 0xfd, 0x0, 0x0, 0x0, 0x0, 0xcf,
    0xd0, 0x0, 0x0, 0x0, 0xc, 0xfd, 0x0, 0x0,
    0x0, 0x0, 0xcf, 0xd0, 0x0, 0x0, 0x0, 0xc,
    0xfd, 0x0, 0x0, 0x0, 0x0, 0xcf, 0xe3, 0x33,
    0x33, 0x33, 0xc, 0xff, 0xff, 0xff, 0xff, 0xf2,
    0xcf, 0xff, 0xff, 0xff, 0xff, 0x20, 0x0, 0x0,
    0x0, 0x0, 0x0, 0x0, 0x0, 0x0, 0x0, 0x0,
    0x0, 0x0, 0x7, 0xca, 0x0, 0x0, 0x0, 0x0,
    0xcf, 0x80, 0x0, 0x0, 0x0, 0xf, 0xe1, 0x0,
    0x0, 0x0, 0x5, 0xf5, 0x0, 0x0, 0x0,

    /* U+013C "ļ" */
    0xf, 0xf8, 0xf, 0xf8, 0xf, 0xf8, 0xf, 0xf8,
    0xf, 0xf8, 0xf, 0xf8, 0xf, 0xf8, 0xf, 0xf8,
    0xf, 0xf8, 0xf, 0xf8, 0xf, 0xf8, 0xf, 0xf8,
    0xf, 0xf8, 0xf, 0xf8, 0xf, 0xf8, 0xf, 0xf8,
    0xf, 0xf8, 0xf, 0xf8, 0x0, 0x0, 0x0, 0x0,
    0x7, 0xca, 0xc, 0xf7, 0xf, 0xe0, 0x5f, 0x40,

    /* U+013D "Ľ" */
    0xcf, 0xd0, 0x0, 0x2, 0xff, 0x3c, 0xfd, 0x0,
    0x0, 0x5f, 0xd0, 0xcf, 0xd0, 0x0, 0x9, 0xf4,
    0xc, 0xfd, 0x0, 0x0, 0xa9, 0x0, 0xcf, 0xd0,
    0x0, 0x0, 0x0, 0xc, 0xfd, 0x0, 0x0, 0x0,
    0x0, 0xcf, 0xd0, 0x0, 0x0, 0x0, 0xc, 0xfd,
    0x0, 0x0, 0x0, 0x0, 0xcf, 0xd0, 0x0, 0x0,
    0x0, 0xc, 0xfd, 0x0, 0x0, 0x0, 0x0, 0xcf,
    0xd0, 0x0, 0x0, 0x0, 0xc, 0xfd, 0x0, 0x0,
    0x0, 0x0, 0xcf, 0xd0, 0x0, 0x0, 0x0, 0xc,
    0xfd, 0x0, 0x0, 0x0, 0x0, 0xcf, 0xe3, 0x33,
    0x33, 0x33, 0xc, 0xff, 0xff, 0xff, 0xff, 0xf2,
    0xcf, 0xff, 0xff, 0xff, 0xff, 0x20,

    /* U+013E "ľ" */
    0xf, 0xf8, 0xb, 0xfb, 0xf, 0xf8, 0xe, 0xf4,
    0xf, 0xf8, 0x2f, 0xb0, 0xf, 0xf8, 0x4c, 0x20,
    0xf, 0xf8, 0x0, 0x0, 0xf, 0xf8, 0x0, 0x0,
    0xf, 0xf8, 0x0, 0x0, 0xf, 0xf8, 0x0, 0x0,
    0xf, 0xf8, 0x0, 0x0, 0xf, 0xf8, 0x0, 0x0,
    0xf, 0xf8, 0x0, 0x0, 0xf, 0xf8, 0x0, 0x0,
    0xf, 0xf8, 0x0, 0x0, 0xf, 0xf8, 0x0, 0x0,
    0xf, 0xf8, 0x0, 0x0, 0xf, 0xf8, 0x0, 0x0,
    0xf, 0xf8, 0x0, 0x0, 0xf, 0xf8, 0x0, 0x0,

    /* U+013F "Ŀ" */
    0xcf, 0xd0, 0x0, 0x0, 0x0, 0xc, 0xfd, 0x0,
    0x0, 0x0, 0x0, 0xcf, 0xd0, 0x0, 0x0, 0x0,
    0xc, 0xfd, 0x0, 0x0, 0x0, 0x0, 0xcf, 0xd0,
    0x0, 0x0, 0x0, 0xc, 0xfd, 0x0, 0x0, 0x0,
    0x0, 0xcf, 0xd0, 0x0, 0x0, 0x0, 0xc, 0xfd,
    0x0, 0x9, 0xf8, 0x0, 0xcf, 0xd0, 0x0, 0xff,
    0xe0, 0xc, 0xfd, 0x0, 0x7, 0xd6, 0x0, 0xcf,
    0xd0, 0x0, 0x0, 0x0, 0xc, 0xfd, 0x0, 0x0,
    0x0, 0x0, 0xcf, 0xd0, 0x0, 0x0, 0x0, 0xc,
    0xfd, 0x0, 0x0, 0x0, 0x0, 0xcf, 0xe3, 0x33,
    0x33, 0x33, 0xc, 0xff, 0xff, 0xff, 0xff, 0xf2,
    0xcf, 0xff, 0xff, 0xff, 0xff, 0x20,

    /* U+0140 "ŀ" */
    0xf, 0xf8, 0x0, 0x0, 0xf, 0xf8, 0x0, 0x0,
    0xf, 0xf8, 0x0, 0x0, 0xf, 0xf8, 0x0, 0x0,
    0xf, 0xf8, 0x0, 0x0, 0xf, 0xf8, 0x0, 0x0,
    0xf, 0xf8, 0x0, 0x0, 0xf, 0xf8, 0x0, 0x0,
    0xf, 0xf8, 0x5f, 0xc0, 0xf, 0xf8, 0x9f, 0xf3,
    0xf, 0xf8, 0x3d, 0xa0, 0xf, 0xf8, 0x0, 0x0,
    0xf, 0xf8, 0x0, 0x0, 0xf, 0xf8, 0x0, 0x0,
    0xf, 0xf8, 0x0, 0x0, 0xf, 0xf8, 0x0, 0x0,
    0xf, 0xf8, 0x0, 0x0, 0xf, 0xf8, 0x0, 0x0,

    /* U+0141 "Ł" */
    0x0, 0xbf, 0xe0, 0x0, 0x0, 0x0, 0x0, 0xb,
    0xfe, 0x0, 0x0, 0x0, 0x0, 0x0, 0xbf, 0xe0,
    0x0, 0x0, 0x0, 0x0, 0xb, 0xfe, 0x0, 0x0,
    0x0, 0x0, 0x0, 0xbf, 0xe0, 0x0, 0x0, 0x0,
    0x0, 0xb, 0xfe, 0x0, 0x10, 0x0, 0x0, 0x0,
    0xbf, 0xe1, 0x9f, 0x20, 0x0, 0x0, 0xb, 0xff,
    0xff, 0xf5, 0x0, 0x0, 0x0, 0xbf, 0xff, 0xb2,
    0x0, 0x0, 0x1, 0xaf, 0xff, 0x40, 0x0, 0x0,
    0x0, 0x8f, 0xff, 0xe0, 0x0, 0x0, 0x0, 0x0,
    0x9c, 0xfe, 0x0, 0x0, 0x0, 0x0, 0x0, 0xbf,
    0xe0, 0x0, 0x0, 0x0, 0x0, 0xb, 0xfe, 0x0,
    0x0, 0x0, 0x0, 0x0, 0xbf, 0xe3, 0x33, 0x33,
    0x33, 0x0, 0xb, 0xff, 0xff, 0xff, 0xff, 0xf3,
    0x0, 0xbf, 0xff, 0xff, 0xff, 0xff, 0x30,

    /* U+0142 "ł" */
    0x0, 0x2f, 0xf6, 0x0, 0x0, 0x2f, 0xf6, 0x0,
    0x0, 0x2f, 0xf6, 0x0, 0x0, 0x2f, 0xf6, 0x0,
    0x0, 0x2f, 0xf6, 0x0, 0x0, 0x2f, 0xf6, 0x0,
    0x0, 0x2f, 0xf6, 0x0, 0x0, 0x2f, 0xfb, 0xe2,
    0x0, 0x2f, 0xff, 0xf7, 0x0, 0x7f, 0xfe, 0x50,
    0x1c, 0xff, 0xf6, 0x0, 0xb, 0xef, 0xf6, 0x0,
    0x1, 0x2f, 0xf6, 0x0, 0x0, 0x2f, 0xf6, 0x0,
    0x0, 0x2f, 0xf6, 0x0, 0x0, 0x2f, 0xf6, 0x0,
    0x0, 0x2f, 0xf6, 0x0, 0x0, 0x2f, 0xf6, 0x0,

    /* U+0143 "Ń" */
    0x0, 0x0, 0x0, 0x0, 0x78, 0x81, 0x0, 0x0,
    0x0, 0x0, 0x0, 0x5f, 0xf9, 0x0, 0x0, 0x0,
    0x0, 0x0, 0x1e, 0xfa, 0x0, 0x0, 0x0, 0x0,
    0x0, 0xb, 0xf9, 0x0, 0x0, 0x0, 0x0, 0x0,
    0x1, 0x86, 0x0, 0x0, 0x0, 0x0, 0x0, 0x0,
    0x0, 0x0, 0x0, 0x0, 0x0, 0xbf, 0xfb, 0x0,
    0x0, 0x0, 0x1, 0xff, 0x5b, 0xff, 0xf5, 0x0,
    0x0, 0x0, 0x1f, 0xf5, 0xbf, 0xff, 0xe1, 0x0,
    0x0, 0x1, 0xff, 0x5b, 0xfc, 0xff, 0xa0, 0x0,
    0x0, 0x1f, 0xf5, 0xbf, 0x7b, 0xff, 0x40, 0x0,
    0x1, 0xff, 0x5b, 0xf8, 0x1f, 0xfd, 0x0, 0x0,
    0x1f, 0xf5, 0xbf, 0x90, 0x6f, 0xf8, 0x0, 0x1,
    0xff, 0x5b, 0xf9, 0x0, 0xcf, 0xf3, 0x0, 0x1f,
    0xf5, 0xbf, 0xa0, 0x2, 0xff, 0xc0, 0x1, 0xff,
    0x5b, 0xfa, 0x0, 0x8, 0xff, 0x70, 0xf, 0xf5,
    0xbf, 0xa0, 0x0, 0xd, 0xff, 0x10, 0xff, 0x5b,
    0xfa, 0x0, 0x0, 0x4f, 0xfb, 0xf, 0xf5, 0xbf,
    0xa0, 0x0, 0x0, 0xaf, 0xf5, 0xff, 0x5b, 0xfa,
    0x0, 0x0, 0x1, 0xef, 0xef, 0xf5, 0xbf, 0xa0,
    0x0, 0x0, 0x6, 0xff, 0xff, 0x5b, 0xfa, 0x0,
    0x0, 0x0, 0xb, 0xff, 0xf5, 0xbf, 0xa0, 0x0,
    0x0, 0x0, 0x2f, 0xff, 0x50,

    /* U+0144 "ń" */
    0x0, 0x0, 0x0, 0xd, 0xff, 0x30, 0x0, 0x0,
    0x0, 0x8, 0xff, 0x40, 0x0, 0x0, 0x0, 0x4,
    0xfe, 0x30, 0x0, 0x0, 0x0, 0x0, 0x9a, 0x20,
    0x0, 0x0, 0x0, 0x0, 0x0, 0x0, 0x0, 0x0,
    0x0, 0xff, 0x11, 0x9e, 0xfe, 0xb3, 0x0, 0xf,
    0xf7, 0xff, 0xff, 0xff, 0xf4, 0x0, 0xff, 0xfd,
    0x51, 0x28, 0xff, 0xd0, 0xf, 0xff, 0x20, 0x0,
    0xa, 0xff, 0x10, 0xff, 0xc0, 0x0, 0x0, 0x6f,
    0xf2, 0xf, 0xf9, 0x0, 0x0, 0x5, 0xff, 0x20,
    0xff, 0x80, 0x0, 0x0, 0x5f, 0xf2, 0xf, 0xf8,
    0x0, 0x0, 0x5, 0xff, 0x20, 0xff, 0x80, 0x0,
    0x0, 0x5f, 0xf2, 0xf, 0xf8, 0x0, 0x0, 0x5,
    0xff, 0x20, 0xff, 0x80, 0x0, 0x0, 0x5f, 0xf2,
    0xf, 0xf8, 0x0, 0x0, 0x5, 0xff, 0x20, 0xff,
    0x80, 0x0, 0x0, 0x5f, 0xf2,

    /* U+0145 "Ņ" */
    0xbf, 0xfb, 0x0, 0x0, 0x0, 0x1, 0xff, 0x5b,
    0xff, 0xf5, 0x0, 0x0, 0x0, 0x1f, 0xf5, 0xbf,
    0xff, 0xe1, 0x0, 0x0, 0x1, 0xff, 0x5b, 0xfc,
    0xff, 0xa0, 0x0, 0x0, 0x1f, 0xf5, 0xbf, 0x7b,
    0xff, 0x40, 0x0, 0x1, 0xff, 0x5b, 0xf8, 0x1f,
    0xfd, 0x0, 0x0, 0x1f, 0xf5, 0xbf, 0x90, 0x6f,
    0xf8, 0x0, 0x1, 0xff, 0x5b, 0xf9, 0x0, 0xcf,
    0xf3, 0x0, 0x1f, 0xf5, 0xbf, 0xa0, 0x2, 0xff,
    0xc0, 0x1, 0xff, 0x5b, 0xfa, 0x0, 0x8, 0xff,
    0x70, 0xf, 0xf5, 0xbf, 0xa0, 0x0, 0xd, 0xff,
    0x10, 0xff, 0x5b, 0xfa, 0x0, 0x0, 0x4f, 0xfb,
    0xf, 0xf5, 0xbf, 0xa0, 0x0, 0x0, 0xaf, 0xf5,
    0xff, 0x5b, 0xfa, 0x0, 0x0, 0x1, 0xef, 0xef,
    0xf5, 0xbf, 0xa0, 0x0, 0x0, 0x6, 0xff, 0xff,
    0x5b, 0xfa, 0x0, 0x0, 0x0, 0xb, 0xff, 0xf5,
    0xbf, 0xa0, 0x0, 0x0, 0x0, 0x2f, 0xff, 0x50,
    0x0, 0x0, 0x0, 0x0, 0x0, 0x0, 0x0, 0x0,
    0x0, 0x0, 0x0, 0x0, 0x0, 0x0, 0x0, 0x0,
    0x0, 0x7, 0xcb, 0x0, 0x0, 0x0, 0x0, 0x0,
    0x0, 0xbf, 0x80, 0x0, 0x0, 0x0, 0x0, 0x0,
    0xf, 0xe1, 0x0, 0x0, 0x0, 0x0, 0x0, 0x4,
    0xf5, 0x0, 0x0, 0x0, 0x0,

    /* U+0146 "ņ" */
    0xf, 0xf1, 0x19, 0xef, 0xeb, 0x30, 0x0, 0xff,
    0x7f, 0xff, 0xff, 0xff, 0x40, 0xf, 0xff, 0xd5,
    0x12, 0x8f, 0xfd, 0x0, 0xff, 0xf2, 0x0, 0x0,
    0xaf, 0xf1, 0xf, 0xfc, 0x0, 0x0, 0x6, 0xff,
    0x20, 0xff, 0x90, 0x0, 0x0, 0x5f, 0xf2, 0xf,
    0xf8, 0x0, 0x0, 0x5, 0xff, 0x20, 0xff, 0x80,
    0x0, 0x0, 0x5f, 0xf2, 0xf, 0xf8, 0x0, 0x0,
    0x5, 0xff, 0x20, 0xff, 0x80, 0x0, 0x0, 0x5f,
    0xf2, 0xf, 0xf8, 0x0, 0x0, 0x5, 0xff, 0x20,
    0xff, 0x80, 0x0, 0x0, 0x5f, 0xf2, 0xf, 0xf8,
    0x0, 0x0, 0x5, 0xff, 0x20, 0x0, 0x0, 0x0,
    0x0, 0x0, 0x0, 0x0, 0x0, 0x0, 0x0, 0x0,
    0x0, 0x0, 0x0, 0x0, 0x4c, 0xc1, 0x0, 0x0,
    0x0, 0x0, 0x7, 0xfc, 0x0, 0x0, 0x0, 0x0,
    0x0, 0xbf, 0x40, 0x0, 0x0, 0x0, 0x0, 0x1f,
    0x90, 0x0, 0x0, 0x0,

    /* U+0147 "Ň" */
    0x0, 0x7, 0x70, 0x0, 0x3, 0x85, 0x0, 0x0,
    0x0, 0x6f, 0xd2, 0x5, 0xfe, 0x20, 0x0, 0x0,
    0x0, 0x8f, 0xe8, 0xff, 0x30, 0x0, 0x0, 0x0,
    0x0, 0xbf, 0xff, 0x60, 0x0, 0x0, 0x0, 0x0,
    0x1, 0x88, 0x60, 0x0, 0x0, 0x0, 0x0, 0x0,
    0x0, 0x0, 0x0, 0x0, 0x0, 0xbf, 0xfb, 0x0,
    0x0, 0x0, 0x1, 0xff, 0x5b, 0xff, 0xf5, 0x0,
    0x0, 0x0, 0x1f, 0xf5, 0xbf, 0xff, 0xe1, 0x0,
    0x0, 0x1, 0xff, 0x5b, 0xfc, 0xff, 0xa0, 0x0,
    0x0, 0x1f, 0xf5, 0xbf, 0x7b, 0xff, 0x40, 0x0,
    0x1, 0xff, 0x5b, 0xf8, 0x1f, 0xfd, 0x0, 0x0,
    0x1f, 0xf5, 0xbf, 0x90, 0x6f, 0xf8, 0x0, 0x1,
    0xff, 0x5b, 0xf9, 0x0, 0xcf, 0xf3, 0x0, 0x1f,
    0xf5, 0xbf, 0xa0, 0x2, 0xff, 0xc0, 0x1, 0xff,
    0x5b, 0xfa, 0x0, 0x8, 0xff, 0x70, 0xf, 0xf5,
    0xbf, 0xa0, 0x0, 0xd, 0xff, 0x10, 0xff, 0x5b,
    0xfa, 0x0, 0x0, 0x4f, 0xfb, 0xf, 0xf5, 0xbf,
    0xa0, 0x0, 0x0, 0xaf, 0xf5, 0xff, 0x5b, 0xfa,
    0x0, 0x0, 0x1, 0xef, 0xef, 0xf5, 0xbf, 0xa0,
    0x0, 0x0, 0x6, 0xff, 0xff, 0x5b, 0xfa, 0x0,
    0x0, 0x0, 0xb, 0xff, 0xf5, 0xbf, 0xa0, 0x0,
    0x0, 0x0, 0x2f, 0xff, 0x50,

    /* U+0148 "ň" */
    0x0, 0x8f, 0x90, 0x0, 0x8f, 0xb0, 0x0, 0x0,
    0x9f, 0xd2, 0xbf, 0xb0, 0x0, 0x0, 0x0, 0xbf,
    0xff, 0xc0, 0x0, 0x0, 0x0, 0x0, 0xaa, 0xa2,
    0x0, 0x0, 0x0, 0x0, 0x0, 0x0, 0x0, 0x0,
    0x0, 0xff, 0x11, 0x9e, 0xfe, 0xb3, 0x0, 0xf,
    0xf7, 0xff, 0xff, 0xff, 0xf4, 0x0, 0xff, 0xfd,
    0x51, 0x28, 0xff, 0xd0, 0xf, 0xff, 0x20, 0x0,
    0xa, 0xff, 0x10, 0xff, 0xc0, 0x0, 0x0, 0x6f,
    0xf2, 0xf, 0xf9, 0x0, 0x0, 0x5, 0xff, 0x20,
    0xff, 0x80, 0x0, 0x0, 0x5f, 0xf2, 0xf, 0xf8,
    0x0, 0x0, 0x5, 0xff, 0x20, 0xff, 0x80, 0x0,
    0x0, 0x5f, 0xf2, 0xf, 0xf8, 0x0, 0x0, 0x5,
    0xff, 0x20, 0xff, 0x80, 0x0, 0x0, 0x5f, 0xf2,
    0xf, 0xf8, 0x0, 0x0, 0x5, 0xff, 0x20, 0xff,
    0x80, 0x0, 0x0, 0x5f, 0xf2,

    /* U+0149 "ŉ" */
    0xe, 0xfc, 0x0, 0x0, 0x0, 0x0, 0x0, 0x0,
    0xf, 0xf8, 0x0, 0x0, 0x0, 0x0, 0x0, 0x0,
    0x3f, 0xf3, 0x0, 0x0, 0x0, 0x0, 0x0, 0x0,
    0x7f, 0xd0, 0x0, 0x0, 0x0, 0x0, 0x0, 0x0,
    0xaf, 0x70, 0xff, 0x21, 0x9e, 0xfe, 0xb4, 0x0,
    0xdf, 0x10, 0xff, 0x8f, 0xff, 0xff, 0xff, 0x50,
    0x0, 0x0, 0xff, 0xfd, 0x40, 0x5, 0xff, 0xe0,
    0x0, 0x0, 0xff, 0xf2, 0x0, 0x0, 0x9f, 0xf2,
    0x0, 0x0, 0xff, 0xd0, 0x0, 0x0, 0x5f, 0xf3,
    0x0, 0x0, 0xff, 0xa0, 0x0, 0x0, 0x4f, 0xf3,
    0x0, 0x0, 0xff, 0x90, 0x0, 0x0, 0x4f, 0xf3,
    0x0, 0x0, 0xff, 0x90, 0x0, 0x0, 0x4f, 0xf3,
    0x0, 0x0, 0xff, 0x90, 0x0, 0x0, 0x4f, 0xf3,
    0x0, 0x0, 0xff, 0x90, 0x0, 0x0, 0x4f, 0xf3,
    0x0, 0x0, 0xff, 0x90, 0x0, 0x0, 0x4f, 0xf3,
    0x0, 0x0, 0xff, 0x90, 0x0, 0x0, 0x4f, 0xf3,
    0x0, 0x0, 0xff, 0x90, 0x0, 0x0, 0x4f, 0xf3,

    /* U+014A "Ŋ" */
    0xbf, 0xfb, 0x0, 0x0, 0x0, 0x1, 0xff, 0x5b,
    0xff, 0xf6, 0x0, 0x0, 0x0, 0x1f, 0xf5, 0xbf,
    0xff, 0xf2, 0x0, 0x0, 0x1, 0xff, 0x5b, 0xfc,
    0xff, 0xc0, 0x0, 0x0, 0x1f, 0xf5, 0xbf, 0x89,
    0xff, 0x70, 0x0, 0x1, 0xff, 0x5b, 0xf8, 0xe,
    0xff, 0x20, 0x0, 0x1f, 0xf5, 0xbf, 0x90, 0x3f,
    0xfc, 0x0, 0x1, 0xff, 0x5b, 0xf9, 0x0, 0x8f,
    0xf8, 0x0, 0x1f, 0xf5, 0xbf, 0x90, 0x0, 0xdf,
    0xf3, 0x0, 0xff, 0x5b, 0xfa, 0x0, 0x3, 0xff,
    0xd0, 0xf, 0xf5, 0xbf, 0xa0, 0x0, 0x7, 0xff,
    0x80, 0xff, 0x5b, 0xfa, 0x0, 0x0, 0xc, 0xff,
    0x3f, 0xf5, 0xbf, 0xa0, 0x0, 0x0, 0x2f, 0xfd,
    0xef, 0x5b, 0xfa, 0x0, 0x0, 0x0, 0x6f, 0xff,
    0xf5, 0xbf, 0xa0, 0x0, 0x0, 0x0, 0xbf, 0xff,
    0x5b, 0xfa, 0x0, 0x0, 0x0, 0x1, 0xef, 0xf5,
    0xbf, 0xa0, 0x0, 0x0, 0x0, 0x5, 0xff, 0x50,
    0x0, 0x0, 0x0, 0x0, 0x0, 0x1f, 0xf5, 0x0,
    0x0, 0x0, 0x0, 0x0, 0x5, 0xff, 0x30, 0x0,
    0x0, 0x0, 0x23, 0x36, 0xef, 0xe0, 0x0, 0x0,
    0x0, 0x6, 0xff, 0xff, 0xf5, 0x0, 0x0, 0x0,
    0x0, 0x5e, 0xfe, 0xa3, 0x0,

    /* U+014B "ŋ" */
    0xf, 0xf1, 0x3a, 0xef, 0xeb, 0x30, 0x0, 0xff,
    0x9f, 0xfe, 0xef, 0xff, 0x40, 0xf, 0xff, 0xb1,
    0x0, 0x4f, 0xfd, 0x0, 0xff, 0xf1, 0x0, 0x0,
    0x9f, 0xf1, 0xf, 0xfb, 0x0, 0x0, 0x6, 0xff,
    0x20, 0xff, 0x90, 0x0, 0x0, 0x5f, 0xf3, 0xf,
    0xf8, 0x0, 0x0, 0x5, 0xff, 0x30, 0xff, 0x80,
    0x0, 0x0, 0x5f, 0xf3, 0xf, 0xf8, 0x0, 0x0,
    0x5, 0xff, 0x30, 0xff, 0x80, 0x0, 0x0, 0x5f,
    0xf3, 0xf, 0xf8, 0x0, 0x0, 0x5, 0xff, 0x30,
    0xff, 0x80, 0x0, 0x0, 0x5f, 0xf3, 0xf, 0xf8,
    0x0, 0x0, 0x5, 0xff, 0x30, 0x0, 0x0, 0x0,
    0x0, 0x5f, 0xf3, 0x0, 0x0, 0x0, 0x0, 0x5,
    0xff, 0x30, 0x0, 0x0, 0x0, 0x0, 0x6f, 0xf2,
    0x0, 0x0, 0x0, 0x12, 0x2c, 0xff, 0x0, 0x0,
    0x0, 0x5, 0xff, 0xff, 0x80, 0x0, 0x0, 0x0,
    0x4e, 0xfe, 0x80, 0x0,

    /* U+014C "Ō" */
    0x0, 0x0, 0x3e, 0xee, 0xee, 0xee, 0x10, 0x0,
    0x0, 0x0, 0x4, 0xff, 0xff, 0xff, 0xf1, 0x0,
    0x0, 0x0, 0x0, 0x0, 0x0, 0x0, 0x0, 0x0,
    0x0, 0x0, 0x0, 0x0, 0x0, 0x0, 0x0, 0x0,
    0x0, 0x0, 0x0, 0x0, 0x39, 0xdf, 0xff, 0xc8,
    0x10, 0x0, 0x0, 0x0, 0x9f, 0xff, 0xff, 0xff,
    0xff, 0x60, 0x0, 0x0, 0xaf, 0xfe, 0x74, 0x34,
    0x8f, 0xff, 0x70, 0x0, 0x5f, 0xfc, 0x0, 0x0,
    0x0, 0x1d, 0xff, 0x20, 0xd, 0xff, 0x10, 0x0,
    0x0, 0x0, 0x3f, 0xfa, 0x2, 0xff, 0x90, 0x0,
    0x0, 0x0, 0x0, 0xcf, 0xf0, 0x6f, 0xf5, 0x0,
    0x0, 0x0, 0x0, 0x8, 0xff, 0x37, 0xff, 0x30,
    0x0, 0x0, 0x0, 0x0, 0x6f, 0xf5, 0x8f, 0xf2,
    0x0, 0x0, 0x0, 0x0, 0x5, 0xff, 0x67, 0xff,
    0x30, 0x0, 0x0, 0x0, 0x0, 0x6f, 0xf4, 0x6f,
    0xf5, 0x0, 0x0, 0x0, 0x0, 0x8, 0xff, 0x32,
    0xff, 0xa0, 0x0, 0x0, 0x0, 0x0, 0xdf, 0xf0,
    0xd, 0xff, 0x10, 0x0, 0x0, 0x0, 0x4f, 0xfa,
    0x0, 0x5f, 0xfc, 0x0, 0x0, 0x0, 0x2e, 0xff,
    0x20, 0x0, 0xaf, 0xfe, 0x74, 0x34, 0x8f, 0xff,
    0x70, 0x0, 0x0, 0x9f, 0xff, 0xff, 0xff, 0xff,
    0x60, 0x0, 0x0, 0x0, 0x39, 0xdf, 0xff, 0xc8,
    0x10, 0x0, 0x0,

    /* U+014D "ō" */
    0x0, 0x4d, 0xdd, 0xdd, 0xdd, 0x0, 0x0, 0x5,
    0xff, 0xff, 0xff, 0xf0, 0x0, 0x0, 0x0, 0x0,
    0x0, 0x0, 0x0, 0x0, 0x0, 0x0, 0x0, 0x0,
    0x0, 0x0, 0x0, 0x6, 0xce, 0xfd, 0xa3, 0x0,
    0x0, 0x1c, 0xff, 0xff, 0xff, 0xf7, 0x0, 0xb,
    0xff, 0x82, 0x3, 0xbf, 0xf5, 0x3, 0xff, 0x90,
    0x0, 0x0, 0xef, 0xd0, 0x8f, 0xf2, 0x0, 0x0,
    0x8, 0xff, 0x2a, 0xff, 0x0, 0x0, 0x0, 0x5f,
    0xf5, 0xbf, 0xe0, 0x0, 0x0, 0x3, 0xff, 0x6a,
    0xff, 0x0, 0x0, 0x0, 0x5f, 0xf5, 0x7f, 0xf2,
    0x0, 0x0, 0x8, 0xff, 0x22, 0xff, 0x90, 0x0,
    0x0, 0xef, 0xe0, 0x9, 0xff, 0x81, 0x3, 0xbf,
    0xf5, 0x0, 0xb, 0xff, 0xff, 0xff, 0xf8, 0x0,
    0x0, 0x5, 0xbe, 0xfe, 0xa3, 0x0, 0x0,

    /* U+014E "Ŏ" */
    0x0, 0x0, 0x6f, 0x50, 0x0, 0x6f, 0x50, 0x0,
    0x0, 0x0, 0x1, 0xef, 0xff, 0xff, 0xd0, 0x0,
    0x0, 0x0, 0x0, 0x2, 0xae, 0xfd, 0x91, 0x0,
    0x0, 0x0, 0x0, 0x0, 0x0, 0x0, 0x0, 0x0,
    0x0, 0x0, 0x0, 0x0, 0x0, 0x0, 0x0, 0x0,
    0x0, 0x0, 0x0, 0x0, 0x3, 0x9d, 0xff, 0xfc,
    0x81, 0x0, 0x0, 0x0, 0x9, 0xff, 0xff, 0xff,
    0xff, 0xf6, 0x0, 0x0, 0xa, 0xff, 0xe7, 0x43,
    0x48, 0xff, 0xf7, 0x0, 0x5, 0xff, 0xc0, 0x0,
    0x0, 0x1, 0xdf, 0xf2, 0x0, 0xdf, 0xf1, 0x0,
    0x0, 0x0, 0x3, 0xff, 0xa0, 0x2f, 0xf9, 0x0,
    0x0, 0x0, 0x0, 0xc, 0xff, 0x6, 0xff, 0x50,
    0x0, 0x0, 0x0, 0x0, 0x8f, 0xf3, 0x7f, 0xf3,
    0x0, 0x0, 0x0, 0x0, 0x6, 0xff, 0x58, 0xff,
    0x20, 0x0, 0x0, 0x0, 0x0, 0x5f, 0xf6, 0x7f,
    0xf3, 0x0, 0x0, 0x0, 0x0, 0x6, 0xff, 0x46,
    0xff, 0x50, 0x0, 0x0, 0x0, 0x0, 0x8f, 0xf3,
    0x2f, 0xfa, 0x0, 0x0, 0x0, 0x0, 0xd, 0xff,
    0x0, 0xdf, 0xf1, 0x0, 0x0, 0x0, 0x4, 0xff,
    0xa0, 0x5, 0xff, 0xc0, 0x0, 0x0, 0x2, 0xef,
    0xf2, 0x0, 0xa, 0xff, 0xe7, 0x43, 0x48, 0xff,
    0xf7, 0x0, 0x0, 0x9, 0xff, 0xff, 0xff, 0xff,
    0xf6, 0x0, 0x0, 0x0, 0x3, 0x9d, 0xff, 0xfc,
    0x81, 0x0, 0x0,

    /* U+014F "ŏ" */
    0x0, 0x7f, 0x30, 0x0, 0x7f, 0x30, 0x0, 0x1,
    0xef, 0xfe, 0xff, 0xb0, 0x0, 0x0, 0x2, 0xae,
    0xfd, 0x80, 0x0, 0x0, 0x0, 0x0, 0x0, 0x0,
    0x0, 0x0, 0x0, 0x0, 0x0, 0x0, 0x0, 0x0,
    0x0, 0x0, 0x6c, 0xef, 0xda, 0x30, 0x0, 0x1,
    0xcf, 0xff, 0xff, 0xff, 0x70, 0x0, 0xbf, 0xf8,
    0x20, 0x3b, 0xff, 0x50, 0x3f, 0xf9, 0x0, 0x0,
    0xe, 0xfd, 0x8, 0xff, 0x20, 0x0, 0x0, 0x8f,
    0xf2, 0xaf, 0xf0, 0x0, 0x0, 0x5, 0xff, 0x5b,
    0xfe, 0x0, 0x0, 0x0, 0x3f, 0xf6, 0xaf, 0xf0,
    0x0, 0x0, 0x5, 0xff, 0x57, 0xff, 0x20, 0x0,
    0x0, 0x8f, 0xf2, 0x2f, 0xf9, 0x0, 0x0, 0xe,
    0xfe, 0x0, 0x9f, 0xf8, 0x10, 0x3b, 0xff, 0x50,
    0x0, 0xbf, 0xff, 0xff, 0xff, 0x80, 0x0, 0x0,
    0x5b, 0xef, 0xea, 0x30, 0x0,

    /* U+0150 "Ő" */
    0x0, 0x0, 0x4, 0xcc, 0x50, 0xbc, 0xa0, 0x0,
    0x0, 0x0, 0x0, 0xcf, 0xb0, 0x6f, 0xe2, 0x0,
    0x0, 0x0, 0x0, 0x6f, 0xc0, 0x1f, 0xf3, 0x0,
    0x0, 0x0, 0x0, 0x1f, 0xb0, 0xb, 0xe3, 0x0,
    0x0, 0x0, 0x0, 0x0, 0x0, 0x0, 0x0, 0x0,
    0x0, 0x0, 0x0, 0x0, 0x0, 0x0, 0x0, 0x0,
    0x0, 0x0, 0x0, 0x0, 0x0, 0x39, 0xdf, 0xff,
    0xc8, 0x10, 0x0, 0x0, 0x0, 0x9f, 0xff, 0xff,
    0xff, 0xff, 0x60, 0x0, 0x0, 0xaf, 0xfe, 0x74,
    0x34, 0x8f, 0xff, 0x70, 0x0, 0x5f, 0xfc, 0x0,
    0x0, 0x0, 0x1d, 0xff, 0x20, 0xd, 0xff, 0x10,
    0x0, 0x0, 0x0, 0x3f, 0xfa, 0x2, 0xff, 0x90,
    0x0, 0x0, 0x0, 0x0, 0xcf, 0xf0, 0x6f, 0xf5,
    0x0, 0x0, 0x0, 0x0, 0x8, 0xff, 0x37, 0xff,
    0x30, 0x0, 0x0, 0x0, 0x0, 0x6f, 0xf5, 0x8f,
    0xf2, 0x0, 0x0, 0x0, 0x0, 0x5, 0xff, 0x67,
    0xff, 0x30, 0x0, 0x0, 0x0, 0x0, 0x6f, 0xf4,
    0x6f, 0xf5, 0x0, 0x0, 0x0, 0x0, 0x8, 0xff,
    0x32, 0xff, 0xa0, 0x0, 0x0, 0x0, 0x0, 0xdf,
    0xf0, 0xd, 0xff, 0x10, 0x0, 0x0, 0x0, 0x4f,
    0xfa, 0x0, 0x5f, 0xfc, 0x0, 0x0, 0x0, 0x2e,
    0xff, 0x20, 0x0, 0xaf, 0xfe, 0x74, 0x34, 0x8f,
    0xff, 0x70, 0x0, 0x0, 0x9f, 0xff, 0xff, 0xff,
    0xff, 0x60, 0x0, 0x0, 0x0, 0x39, 0xdf, 0xff,
    0xc8, 0x10, 0x0, 0x0,

    /* U+0151 "ő" */
    0x0, 0x7, 0xff, 0x41, 0xff, 0xa0, 0x0, 0x1,
    0xff, 0x70, 0xaf, 0xc0, 0x0, 0x0, 0xaf, 0x80,
    0x4f, 0xc0, 0x0, 0x0, 0x2c, 0x60, 0xa, 0xa0,
    0x0, 0x0, 0x0, 0x0, 0x0, 0x0, 0x0, 0x0,
    0x0, 0x0, 0x6c, 0xef, 0xda, 0x30, 0x0, 0x1,
    0xcf, 0xff, 0xff, 0xff, 0x70, 0x0, 0xbf, 0xf8,
    0x20, 0x3b, 0xff, 0x50, 0x3f, 0xf9, 0x0, 0x0,
    0xe, 0xfd, 0x8, 0xff, 0x20, 0x0, 0x0, 0x8f,
    0xf2, 0xaf, 0xf0, 0x0, 0x0, 0x5, 0xff, 0x5b,
    0xfe, 0x0, 0x0, 0x0, 0x3f, 0xf6, 0xaf, 0xf0,
    0x0, 0x0, 0x5, 0xff, 0x57, 0xff, 0x20, 0x0,
    0x0, 0x8f, 0xf2, 0x2f, 0xf9, 0x0, 0x0, 0xe,
    0xfe, 0x0, 0x9f, 0xf8, 0x10, 0x3b, 0xff, 0x50,
    0x0, 0xbf, 0xff, 0xff, 0xff, 0x80, 0x0, 0x0,
    0x5b, 0xef, 0xea, 0x30, 0x0,

    /* U+0152 "Œ" */
    0x0, 0x0, 0x4a, 0xdf, 0xff, 0xff, 0xff, 0xff,
    0xff, 0xff, 0x20, 0x0, 0xaf, 0xff, 0xff, 0xff,
    0xff, 0xff, 0xff, 0xff, 0xf2, 0x0, 0xbf, 0xff,
    0xb8, 0x77, 0xaf, 0xfa, 0x77, 0x77, 0x77, 0x10,
    0x6f, 0xfd, 0x20, 0x0, 0x3, 0xff, 0x50, 0x0,
    0x0, 0x0, 0xd, 0xff, 0x20, 0x0, 0x0, 0x3f,
    0xf5, 0x0, 0x0, 0x0, 0x2, 0xff, 0xa0, 0x0,
    0x0, 0x3, 0xff, 0x50, 0x0, 0x0, 0x0, 0x6f,
    0xf5, 0x0, 0x0, 0x0, 0x3f, 0xf5, 0x0, 0x0,
    0x0, 0x7, 0xff, 0x30, 0x0, 0x0, 0x3, 0xff,
    0xff, 0xff, 0xff, 0xb0, 0x8f, 0xf2, 0x0, 0x0,
    0x0, 0x3f, 0xff, 0xff, 0xff, 0xfb, 0x7, 0xff,
    0x20, 0x0, 0x0, 0x3, 0xff, 0x72, 0x22, 0x22,
    0x10, 0x6f, 0xf4, 0x0, 0x0, 0x0, 0x3f, 0xf5,
    0x0, 0x0, 0x0, 0x2, 0xff, 0x80, 0x0, 0x0,
    0x3, 0xff, 0x50, 0x0, 0x0, 0x0, 0xd, 0xfd,
    0x0, 0x0, 0x0, 0x3f, 0xf5, 0x0, 0x0, 0x0,
    0x0, 0x6f, 0xf8, 0x0, 0x0, 0x3, 0xff, 0x50,
    0x0, 0x0, 0x0, 0x0, 0xbf, 0xfa, 0x30, 0x0,
    0x6f, 0xf7, 0x33, 0x33, 0x33, 0x0, 0x0, 0x9f,
    0xff, 0xff, 0xff, 0xff, 0xff, 0xff, 0xff, 0xf2,
    0x0, 0x0, 0x39, 0xdf, 0xff, 0xff, 0xff, 0xff,
    0xff, 0xff, 0x20,

    /* U+0153 "œ" */
    0x0, 0x7, 0xcf, 0xfd, 0x81, 0x0, 0x4b, 0xef,
    0xe9, 0x20, 0x0, 0x1d, 0xff, 0xff, 0xff, 0xe2,
    0x7f, 0xff, 0xff, 0xff, 0x40, 0xc, 0xff, 0x50,
    0x3, 0xcf, 0xef, 0xf8, 0x10, 0x3d, 0xff, 0x14,
    0xff, 0x60, 0x0, 0x1, 0xff, 0xfa, 0x0, 0x0,
    0x2f, 0xf7, 0x9f, 0xf1, 0x0, 0x0, 0xa, 0xff,
    0x50, 0x0, 0x0, 0xef, 0xab, 0xfe, 0x0, 0x0,
    0x0, 0x8f, 0xff, 0xff, 0xff, 0xff, 0xfb, 0xcf,
    0xd0, 0x0, 0x0, 0x7, 0xff, 0xed, 0xdd, 0xdd,
    0xdd, 0xaa, 0xfe, 0x0, 0x0, 0x0, 0x8f, 0xf3,
    0x0, 0x0, 0x0, 0x0, 0x8f, 0xf1, 0x0, 0x0,
    0xa, 0xff, 0x60, 0x0, 0x0, 0x0, 0x3, 0xff,
    0x70, 0x0, 0x1, 0xff, 0xfd, 0x0, 0x0, 0x0,
    0x0, 0xa, 0xff, 0x71, 0x4, 0xdf, 0xef, 0xfc,
    0x40, 0x2, 0x6b, 0x10, 0x1c, 0xff, 0xff, 0xff,
    0xe3, 0x4f, 0xff, 0xff, 0xff, 0xf2, 0x0, 0x6,
    0xce, 0xfd, 0x81, 0x0, 0x29, 0xdf, 0xfe, 0xa5,
    0x0,

    /* U+0154 "Ŕ" */
    0x0, 0x0, 0x0, 0x48, 0x83, 0x0, 0x0, 0x0,
    0x0, 0x1f, 0xfd, 0x10, 0x0, 0x0, 0x0, 0xa,
    0xfd, 0x10, 0x0, 0x0, 0x0, 0x5, 0xfd, 0x10,
    0x0, 0x0, 0x0, 0x0, 0x67, 0x0, 0x0, 0x0,
    0x0, 0x0, 0x0, 0x0, 0x0, 0x0, 0x0, 0xcf,
    0xff, 0xff, 0xec, 0x81, 0x0, 0xc, 0xff, 0xff,
    0xff, 0xff, 0xf4, 0x0, 0xcf, 0xd2, 0x22, 0x49,
    0xff, 0xe0, 0xc, 0xfd, 0x0, 0x0, 0x9, 0xff,
    0x50, 0xcf, 0xd0, 0x0, 0x0, 0x4f, 0xf7, 0xc,
    0xfd, 0x0, 0x0, 0x4, 0xff, 0x70, 0xcf, 0xd0,
    0x0, 0x0, 0x9f, 0xf3, 0xc, 0xfd, 0x0, 0x2,
    0x8f, 0xfb, 0x0, 0xcf, 0xff, 0xff, 0xff, 0xfa,
    0x0, 0xc, 0xff, 0xff, 0xff, 0xf6, 0x0, 0x0,
    0xcf, 0xd1, 0x11, 0xef, 0xd0, 0x0, 0xc, 0xfd,
    0x0, 0x5, 0xff, 0x70, 0x0, 0xcf, 0xd0, 0x0,
    0xb, 0xff, 0x20, 0xc, 0xfd, 0x0, 0x0, 0x2f,
    0xfb, 0x0, 0xcf, 0xd0, 0x0, 0x0, 0x9f, 0xf5,
    0xc, 0xfd, 0x0, 0x0, 0x1, 0xef, 0xe1, 0xcf,
    0xd0, 0x0, 0x0, 0x6, 0xff, 0x90,

    /* U+0155 "ŕ" */
    0x0, 0x0, 0x8, 0xff, 0x80, 0x0, 0x3, 0xff,
    0x80, 0x0, 0x1, 0xef, 0x70, 0x0, 0x0, 0x6a,
    0x40, 0x0, 0x0, 0x0, 0x0, 0x0, 0x0, 0xff,
    0x0, 0x7d, 0xfa, 0xf, 0xf3, 0xbf, 0xff, 0xa0,
    0xff, 0xdf, 0xb6, 0x53, 0xf, 0xff, 0x80, 0x0,
    0x0, 0xff, 0xe0, 0x0, 0x0, 0xf, 0xf9, 0x0,
    0x0, 0x0, 0xff, 0x80, 0x0, 0x0, 0xf, 0xf8,
    0x0, 0x0, 0x0, 0xff, 0x80, 0x0, 0x0, 0xf,
    0xf8, 0x0, 0x0, 0x0, 0xff, 0x80, 0x0, 0x0,
    0xf, 0xf8, 0x0, 0x0, 0x0, 0xff, 0x80, 0x0,
    0x0,

    /* U+0156 "Ŗ" */
    0xcf, 0xff, 0xff, 0xec, 0x70, 0x0, 0xc, 0xff,
    0xff, 0xff, 0xff, 0xe2, 0x0, 0xcf, 0xd2, 0x22,
    0x4a, 0xff, 0xd0, 0xc, 0xfd, 0x0, 0x0, 0xb,
    0xff, 0x40, 0xcf, 0xd0, 0x0, 0x0, 0x5f, 0xf7,
    0xc, 0xfd, 0x0, 0x0, 0x3, 0xff, 0x70, 0xcf,
    0xd0, 0x0, 0x0, 0x5f, 0xf6, 0xc, 0xfd, 0x0,
    0x0, 0xb, 0xff, 0x10, 0xcf, 0xd1, 0x12, 0x4b,
    0xff, 0x80, 0xc, 0xff, 0xff, 0xff, 0xff, 0x80,
    0x0, 0xcf, 0xff, 0xff, 0xff, 0x60, 0x0, 0xc,
    0xfd, 0x0, 0xc, 0xfe, 0x10, 0x0, 0xcf, 0xd0,
    0x0, 0x2f, 0xfb, 0x0, 0xc, 0xfd, 0x0, 0x0,
    0x7f, 0xf6, 0x0, 0xcf, 0xd0, 0x0, 0x0, 0xcf,
    0xf2, 0xc, 0xfd, 0x0, 0x0, 0x2, 0xff, 0xd0,
    0xcf, 0xd0, 0x0, 0x0, 0x6, 0xff, 0x90, 0x0,
    0x0, 0x0, 0x0, 0x0, 0x0, 0x0, 0x0, 0x0,
    0x0, 0x0, 0x0, 0x0, 0x0, 0x0, 0xbc, 0x70,
    0x0, 0x0, 0x0, 0x0, 0xf, 0xf3, 0x0, 0x0,
    0x0, 0x0, 0x4, 0xfb, 0x0, 0x0, 0x0, 0x0,
    0x0, 0x9f, 0x10, 0x0, 0x0, 0x0,

    /* U+0157 "ŗ" */
    0xf, 0xf0, 0x7, 0xdf, 0xa0, 0xff, 0x3b, 0xff,
    0xfa, 0xf, 0xfd, 0xfb, 0x65, 0x30, 0xff, 0xf8,
    0x0, 0x0, 0xf, 0xfe, 0x0, 0x0, 0x0, 0xff,
    0x90, 0x0, 0x0, 0xf, 0xf8, 0x0, 0x0, 0x0,
    0xff, 0x80, 0x0, 0x0, 0xf, 0xf8, 0x0, 0x0,
    0x0, 0xff, 0x80, 0x0, 0x0, 0xf, 0xf8, 0x0,
    0x0, 0x0, 0xff, 0x80, 0x0, 0x0, 0xf, 0xf8,
    0x0, 0x0, 0x0, 0x0, 0x0, 0x0, 0x0, 0x0,
    0x0, 0x0, 0x0, 0x0, 0x8c, 0xa0, 0x0, 0x0,
    0xd, 0xf7, 0x0, 0x0, 0x1, 0xfd, 0x0, 0x0,
    0x0, 0x6f, 0x40, 0x0, 0x0, 0x0,

    /* U+0158 "Ř" */
    0x5, 0x82, 0x0, 0x0, 0x77, 0x0, 0x0, 0x2e,
    0xf5, 0x2, 0xdf, 0x60, 0x0, 0x0, 0x3f, 0xf8,
    0xef, 0x80, 0x0, 0x0, 0x0, 0x6f, 0xff, 0xb0,
    0x0, 0x0, 0x0, 0x0, 0x78, 0x81, 0x0, 0x0,
    0x0, 0x0, 0x0, 0x0, 0x0, 0x0, 0x0, 0xcf,
    0xff, 0xff, 0xec, 0x81, 0x0, 0xc, 0xff, 0xff,
    0xff, 0xff, 0xf4, 0x0, 0xcf, 0xd2, 0x22, 0x49,
    0xff, 0xe0, 0xc, 0xfd, 0x0, 0x0, 0x9, 0xff,
    0x50, 0xcf, 0xd0, 0x0, 0x0, 0x4f, 0xf7, 0xc,
    0xfd, 0x0, 0x0, 0x4, 0xff, 0x70, 0xcf, 0xd0,
    0x0, 0x0, 0x9f, 0xf3, 0xc, 0xfd, 0x0, 0x2,
    0x8f, 0xfb, 0x0, 0xcf, 0xff, 0xff, 0xff, 0xfa,
    0x0, 0xc, 0xff, 0xff, 0xff, 0xf6, 0x0, 0x0,
    0xcf, 0xd1, 0x11, 0xef, 0xd0, 0x0, 0xc, 0xfd,
    0x0, 0x5, 0xff, 0x70, 0x0, 0xcf, 0xd0, 0x0,
    0xb, 0xff, 0x20, 0xc, 0xfd, 0x0, 0x0, 0x2f,
    0xfb, 0x0, 0xcf, 0xd0, 0x0, 0x0, 0x9f, 0xf5,
    0xc, 0xfd, 0x0, 0x0, 0x1, 0xef, 0xe1, 0xcf,
    0xd0, 0x0, 0x0, 0x6, 0xff, 0x90,

    /* U+0159 "ř" */
    0x4f, 0xc2, 0x0, 0x4e, 0xe1, 0x5, 0xff, 0x47,
    0xfe, 0x20, 0x0, 0x6f, 0xff, 0xf3, 0x0, 0x0,
    0x7, 0xaa, 0x50, 0x0, 0x0, 0x0, 0x0, 0x0,
    0x0, 0xf, 0xf0, 0x7, 0xdf, 0xa0, 0xf, 0xf3,
    0xbf, 0xff, 0xa0, 0xf, 0xfd, 0xfb, 0x65, 0x30,
    0xf, 0xff, 0x80, 0x0, 0x0, 0xf, 0xfe, 0x0,
    0x0, 0x0, 0xf, 0xf9, 0x0, 0x0, 0x0, 0xf,
    0xf8, 0x0, 0x0, 0x0, 0xf, 0xf8, 0x0, 0x0,
    0x0, 0xf, 0xf8, 0x0, 0x0, 0x0, 0xf, 0xf8,
    0x0, 0x0, 0x0, 0xf, 0xf8, 0x0, 0x0, 0x0,
    0xf, 0xf8, 0x0, 0x0, 0x0, 0xf, 0xf8, 0x0,
    0x0, 0x0,

    /* U+015A "Ś" */
    0x0, 0x0, 0x0, 0x48, 0x84, 0x0, 0x0, 0x0,
    0x1, 0xef, 0xd1, 0x0, 0x0, 0x0, 0x9, 0xfe,
    0x20, 0x0, 0x0, 0x0, 0x4f, 0xd2, 0x0, 0x0,
    0x0, 0x0, 0x67, 0x10, 0x0, 0x0, 0x0, 0x0,
    0x0, 0x0, 0x0, 0x0, 0x0, 0x39, 0xdf, 0xfe,
    0xb6, 0x10, 0x6, 0xff, 0xff, 0xff, 0xff, 0x90,
    0x2f, 0xfe, 0x74, 0x46, 0x9e, 0x30, 0x8f, 0xf3,
    0x0, 0x0, 0x0, 0x0, 0x9f, 0xf0, 0x0, 0x0,
    0x0, 0x0, 0x7f, 0xf4, 0x0, 0x0, 0x0, 0x0,
    0x1f, 0xff, 0x60, 0x0, 0x0, 0x0, 0x5, 0xff,
    0xfe, 0x81, 0x0, 0x0, 0x0, 0x2b, 0xff, 0xff,
    0x91, 0x0, 0x0, 0x0, 0x29, 0xff, 0xfe, 0x20,
    0x0, 0x0, 0x0, 0x19, 0xff, 0xb0, 0x0, 0x0,
    0x0, 0x0, 0xbf, 0xf0, 0x0, 0x0, 0x0, 0x0,
    0x8f, 0xf1, 0x10, 0x0, 0x0, 0x0, 0xcf, 0xf0,
    0xcc, 0x84, 0x33, 0x5c, 0xff, 0x80, 0xcf, 0xff,
    0xff, 0xff, 0xfa, 0x0, 0x39, 0xce, 0xff, 0xea,
    0x40, 0x0,

    /* U+015B "ś" */
    0x0, 0x0, 0x8, 0xff, 0x80, 0x0, 0x0, 0x3f,
    0xf8, 0x0, 0x0, 0x1, 0xef, 0x70, 0x0, 0x0,
    0x6, 0xa4, 0x0, 0x0, 0x0, 0x0, 0x0, 0x0,
    0x0, 0x1, 0x8d, 0xef, 0xdb, 0x60, 0x3f, 0xff,
    0xff, 0xff, 0xf1, 0xaf, 0xe3, 0x0, 0x26, 0x70,
    0xcf, 0xb0, 0x0, 0x0, 0x0, 0x9f, 0xf8, 0x0,
    0x0, 0x0, 0x1d, 0xff, 0xfa, 0x30, 0x0, 0x0,
    0x7e, 0xff, 0xfc, 0x20, 0x0, 0x0, 0x5b, 0xff,
    0xf2, 0x0, 0x0, 0x0, 0x5f, 0xf8, 0x0, 0x0,
    0x0, 0xe, 0xf9, 0xa7, 0x30, 0x1, 0x7f, 0xf6,
    0xcf, 0xff, 0xff, 0xff, 0xb0, 0x4a, 0xdf, 0xfe,
    0xc6, 0x0,

    /* U+015C "Ŝ" */
    0x0, 0x0, 0x58, 0x82, 0x0, 0x0, 0x0, 0x3,
    0xff, 0xfb, 0x0, 0x0, 0x0, 0x1e, 0xfa, 0xef,
    0x80, 0x0, 0x0, 0xcf, 0x80, 0x2d, 0xf6, 0x0,
    0x3, 0x84, 0x0, 0x0, 0x77, 0x0, 0x0, 0x0,
    0x0, 0x0, 0x0, 0x0, 0x0, 0x39, 0xdf, 0xfe,
    0xb6, 0x10, 0x6, 0xff, 0xff, 0xff, 0xff, 0x90,
    0x2f, 0xfe, 0x74, 0x46, 0x9e, 0x30, 0x8f, 0xf3,
    0x0, 0x0, 0x0, 0x0, 0x9f, 0xf0, 0x0, 0x0,
    0x0, 0x0, 0x7f, 0xf4, 0x0, 0x0, 0x0, 0x0,
    0x1f, 0xff, 0x60, 0x0, 0x0, 0x0, 0x5, 0xff,
    0xfe, 0x81, 0x0, 0x0, 0x0, 0x2b, 0xff, 0xff,
    0x91, 0x0, 0x0, 0x0, 0x29, 0xff, 0xfe, 0x20,
    0x0, 0x0, 0x0, 0x19, 0xff, 0xb0, 0x0, 0x0,
    0x0, 0x0, 0xbf, 0xf0, 0x0, 0x0, 0x0, 0x0,
    0x8f, 0xf1, 0x10, 0x0, 0x0, 0x0, 0xcf, 0xf0,
    0xcc, 0x84, 0x33, 0x5c, 0xff, 0x80, 0xcf, 0xff,
    0xff, 0xff, 0xfa, 0x0, 0x39, 0xce, 0xff, 0xea,
    0x40, 0x0,

    /* U+015D "ŝ" */
    0x0, 0xd, 0xff, 0x70, 0x0, 0x0, 0xaf, 0xef,
    0xf4, 0x0, 0x9, 0xfc, 0x15, 0xff, 0x30, 0x3a,
    0x70, 0x0, 0x2a, 0xa0, 0x0, 0x0, 0x0, 0x0,
    0x0, 0x1, 0x8d, 0xef, 0xdb, 0x60, 0x3f, 0xff,
    0xff, 0xff, 0xf1, 0xaf, 0xe3, 0x0, 0x26, 0x70,
    0xcf, 0xb0, 0x0, 0x0, 0x0, 0x9f, 0xf8, 0x0,
    0x0, 0x0, 0x1d, 0xff, 0xfa, 0x30, 0x0, 0x0,
    0x7e, 0xff, 0xfc, 0x20, 0x0, 0x0, 0x5b, 0xff,
    0xf2, 0x0, 0x0, 0x0, 0x5f, 0xf8, 0x0, 0x0,
    0x0, 0xe, 0xf9, 0xa7, 0x30, 0x1, 0x7f, 0xf6,
    0xcf, 0xff, 0xff, 0xff, 0xb0, 0x4a, 0xdf, 0xfe,
    0xc6, 0x0,

    /* U+015E "Ş" */
    0x0, 0x39, 0xdf, 0xfe, 0xb6, 0x10, 0x6, 0xff,
    0xff, 0xff, 0xff, 0x90, 0x2f, 0xfe, 0x74, 0x46,
    0x9e, 0x30, 0x8f, 0xf3, 0x0, 0x0, 0x0, 0x0,
    0x9f, 0xf0, 0x0, 0x0, 0x0, 0x0, 0x7f, 0xf4,
    0x0, 0x0, 0x0, 0x0, 0x1f, 0xff, 0x60, 0x0,
    0x0, 0x0, 0x5, 0xff, 0xfe, 0x81, 0x0, 0x0,
    0x0, 0x2b, 0xff, 0xff, 0x91, 0x0, 0x0, 0x0,
    0x29, 0xff, 0xfe, 0x20, 0x0, 0x0, 0x0, 0x19,
    0xff, 0xb0, 0x0, 0x0, 0x0, 0x0, 0xbf, 0xf0,
    0x0, 0x0, 0x0, 0x0, 0x8f, 0xf1, 0x10, 0x0,
    0x0, 0x0, 0xcf, 0xf0, 0xcc, 0x84, 0x33, 0x5c,
    0xff, 0x80, 0xcf, 0xff, 0xff, 0xff, 0xfa, 0x0,
    0x39, 0xce, 0xff, 0xea, 0x40, 0x0, 0x0, 0x0,
    0xbd, 0x0, 0x0, 0x0, 0x0, 0x2, 0xff, 0x90,
    0x0, 0x0, 0x0, 0x0, 0x2b, 0xf8, 0x0, 0x0,
    0x0, 0x0, 0x5, 0xfa, 0x0, 0x0, 0x0, 0x29,
    0x8e, 0xf6, 0x0, 0x0, 0x0, 0x3f, 0xfd, 0x60,
    0x0, 0x0,

    /* U+015F "ş" */
    0x1, 0x8d, 0xef, 0xdb, 0x60, 0x3f, 0xff, 0xff,
    0xff, 0xf1, 0xaf, 0xe3, 0x0, 0x26, 0x70, 0xcf,
    0xb0, 0x0, 0x0, 0x0, 0x9f, 0xf8, 0x0, 0x0,
    0x0, 0x1d, 0xff, 0xfa, 0x30, 0x0, 0x0, 0x7e,
    0xff, 0xfc, 0x20, 0x0, 0x0, 0x5b, 0xff, 0xf2,
    0x0, 0x0, 0x0, 0x5f, 0xf8, 0x0, 0x0, 0x0,
    0xe, 0xf9, 0xa7, 0x30, 0x1, 0x7f, 0xf6, 0xcf,
    0xff, 0xff, 0xff, 0xb0, 0x4a, 0xdf, 0xff, 0xc6,
    0x0, 0x0, 0x2, 0xf6, 0x0, 0x0, 0x0, 0x9,
    0xfd, 0x40, 0x0, 0x0, 0x0, 0x5f, 0xf1, 0x0,
    0x0, 0x0, 0xc, 0xf3, 0x0, 0x0, 0x68, 0xaf,
    0xe0, 0x0, 0x0, 0x9f, 0xeb, 0x20, 0x0,

    /* U+0160 "Š" */
    0x3, 0x84, 0x0, 0x0, 0x68, 0x10, 0x0, 0xdf,
    0x80, 0xb, 0xf9, 0x0, 0x0, 0x1e, 0xf9, 0xcf,
    0xb0, 0x0, 0x0, 0x3, 0xff, 0xfd, 0x0, 0x0,
    0x0, 0x0, 0x58, 0x83, 0x0, 0x0, 0x0, 0x0,
    0x0, 0x0, 0x0, 0x0, 0x0, 0x39, 0xdf, 0xfe,
    0xb6, 0x10, 0x6, 0xff, 0xff, 0xff, 0xff, 0x90,
    0x2f, 0xfe, 0x74, 0x46, 0x9e, 0x30, 0x8f, 0xf3,
    0x0, 0x0, 0x0, 0x0, 0x9f, 0xf0, 0x0, 0x0,
    0x0, 0x0, 0x7f, 0xf4, 0x0, 0x0, 0x0, 0x0,
    0x1f, 0xff, 0x60, 0x0, 0x0, 0x0, 0x5, 0xff,
    0xfe, 0x81, 0x0, 0x0, 0x0, 0x2b, 0xff, 0xff,
    0x91, 0x0, 0x0, 0x0, 0x29, 0xff, 0xfe, 0x20,
    0x0, 0x0, 0x0, 0x19, 0xff, 0xb0, 0x0, 0x0,
    0x0, 0x0, 0xbf, 0xf0, 0x0, 0x0, 0x0, 0x0,
    0x8f, 0xf1, 0x10, 0x0, 0x0, 0x0, 0xcf, 0xf0,
    0xcc, 0x84, 0x33, 0x5c, 0xff, 0x80, 0xcf, 0xff,
    0xff, 0xff, 0xfa, 0x0, 0x39, 0xce, 0xff, 0xea,
    0x40, 0x0,

    /* U+0161 "š" */
    0x4f, 0xc2, 0x0, 0x4e, 0xe1, 0x5, 0xff, 0x47,
    0xfe, 0x20, 0x0, 0x6f, 0xff, 0xf3, 0x0, 0x0,
    0x7, 0xaa, 0x50, 0x0, 0x0, 0x0, 0x0, 0x0,
    0x0, 0x1, 0x8d, 0xef, 0xdb, 0x60, 0x3f, 0xff,
    0xff, 0xff, 0xf1, 0xaf, 0xe3, 0x0, 0x26, 0x70,
    0xcf, 0xb0, 0x0, 0x0, 0x0, 0x9f, 0xf8, 0x0,
    0x0, 0x0, 0x1d, 0xff, 0xfa, 0x30, 0x0, 0x0,
    0x7e, 0xff, 0xfc, 0x20, 0x0, 0x0, 0x5b, 0xff,
    0xf2, 0x0, 0x0, 0x0, 0x5f, 0xf8, 0x0, 0x0,
    0x0, 0xe, 0xf9, 0xa7, 0x30, 0x1, 0x7f, 0xf6,
    0xcf, 0xff, 0xff, 0xff, 0xb0, 0x4a, 0xdf, 0xfe,
    0xc6, 0x0,

    /* U+0162 "Ţ" */
    0xbf, 0xff, 0xff, 0xff, 0xff, 0xff, 0xf2, 0xbf,
    0xff, 0xff, 0xff, 0xff, 0xff, 0xf2, 0x23, 0x33,
    0x3a, 0xff, 0x33, 0x33, 0x30, 0x0, 0x0, 0x8,
    0xff, 0x0, 0x0, 0x0, 0x0, 0x0, 0x8, 0xff,
    0x0, 0x0, 0x0, 0x0, 0x0, 0x8, 0xff, 0x0,
    0x0, 0x0, 0x0, 0x0, 0x8, 0xff, 0x0, 0x0,
    0x0, 0x0, 0x0, 0x8, 0xff, 0x0, 0x0, 0x0,
    0x0, 0x0, 0x8, 0xff, 0x0, 0x0, 0x0, 0x0,
    0x0, 0x8, 0xff, 0x0, 0x0, 0x0, 0x0, 0x0,
    0x8, 0xff, 0x0, 0x0, 0x0, 0x0, 0x0, 0x8,
    0xff, 0x0, 0x0, 0x0, 0x0, 0x0, 0x8, 0xff,
    0x0, 0x0, 0x0, 0x0, 0x0, 0x8, 0xff, 0x0,
    0x0, 0x0, 0x0, 0x0, 0x8, 0xff, 0x0, 0x0,
    0x0, 0x0, 0x0, 0x8, 0xff, 0x0, 0x0, 0x0,
    0x0, 0x0, 0x8, 0xff, 0x0, 0x0, 0x0, 0x0,
    0x0, 0x2, 0xf6, 0x0, 0x0, 0x0, 0x0, 0x0,
    0x9, 0xfa, 0x20, 0x0, 0x0, 0x0, 0x0, 0x2,
    0x8f, 0xe0, 0x0, 0x0, 0x0, 0x0, 0x0, 0xd,
    0xf2, 0x0, 0x0, 0x0, 0x0, 0x78, 0xaf, 0xe0,
    0x0, 0x0, 0x0, 0x0, 0xaf, 0xeb, 0x20, 0x0,
    0x0,

    /* U+0163 "ţ" */
    0x0, 0x7, 0x60, 0x0, 0x0, 0x2, 0xfc, 0x0,
    0x0, 0x0, 0x8f, 0xc0, 0x0, 0x3, 0xbf, 0xff,
    0xff, 0xf7, 0x8e, 0xff, 0xfe, 0xee, 0x60, 0xc,
    0xfc, 0x0, 0x0, 0x0, 0xcf, 0xc0, 0x0, 0x0,
    0xc, 0xfc, 0x0, 0x0, 0x0, 0xcf, 0xc0, 0x0,
    0x0, 0xc, 0xfc, 0x0, 0x0, 0x0, 0xcf, 0xc0,
    0x0, 0x0, 0xc, 0xfc, 0x0, 0x0, 0x0, 0xbf,
    0xd0, 0x0, 0x0, 0x9, 0xff, 0x71, 0x12, 0x0,
    0x2f, 0xff, 0xff, 0x90, 0x0, 0x3c, 0xff, 0xd6,
    0x0, 0x0, 0x4f, 0x40, 0x0, 0x0, 0xb, 0xfc,
    0x30, 0x0, 0x0, 0x17, 0xfe, 0x0, 0x0, 0x0,
    0xe, 0xf1, 0x0, 0x7, 0x8b, 0xfc, 0x0, 0x0,
    0xbf, 0xea, 0x10,

    /* U+0164 "Ť" */
    0x0, 0x48, 0x40, 0x0, 0x6, 0x81, 0x0, 0x0,
    0x1d, 0xf7, 0x1, 0xcf, 0x90, 0x0, 0x0, 0x2,
    0xef, 0x9d, 0xfa, 0x0, 0x0, 0x0, 0x0, 0x4f,
    0xff, 0xd0, 0x0, 0x0, 0x0, 0x0, 0x5, 0x88,
    0x20, 0x0, 0x0, 0x0, 0x0, 0x0, 0x0, 0x0,
    0x0, 0x0, 0xbf, 0xff, 0xff, 0xff, 0xff, 0xff,
    0xf2, 0xbf, 0xff, 0xff, 0xff, 0xff, 0xff, 0xf2,
    0x23, 0x33, 0x3a, 0xff, 0x33, 0x33, 0x30, 0x0,
    0x0, 0x8, 0xff, 0x0, 0x0, 0x0, 0x0, 0x0,
    0x8, 0xff, 0x0, 0x0, 0x0, 0x0, 0x0, 0x8,
    0xff, 0x0, 0x0, 0x0, 0x0, 0x0, 0x8, 0xff,
    0x0, 0x0, 0x0, 0x0, 0x0, 0x8, 0xff, 0x0,
    0x0, 0x0, 0x0, 0x0, 0x8, 0xff, 0x0, 0x0,
    0x0, 0x0, 0x0, 0x8, 0xff, 0x0, 0x0, 0x0,
    0x0, 0x0, 0x8, 0xff, 0x0, 0x0, 0x0, 0x0,
    0x0, 0x8, 0xff, 0x0, 0x0, 0x0, 0x0, 0x0,
    0x8, 0xff, 0x0, 0x0, 0x0, 0x0, 0x0, 0x8,
    0xff, 0x0, 0x0, 0x0, 0x0, 0x0, 0x8, 0xff,
    0x0, 0x0, 0x0, 0x0, 0x0, 0x8, 0xff, 0x0,
    0x0, 0x0, 0x0, 0x0, 0x8, 0xff, 0x0, 0x0,
    0x0,

    /* U+0165 "ť" */
    0x0, 0x0, 0x0, 0x0, 0x8, 0xfe, 0x0, 0x0,
    0x0, 0x0, 0xb, 0xf7, 0x0, 0x9, 0x80, 0x0,
    0xf, 0xe0, 0x0, 0x2f, 0xc0, 0x0, 0x2c, 0x50,
    0x0, 0x8f, 0xc0, 0x0, 0x0, 0x0, 0x3b, 0xff,
    0xff, 0xff, 0x70, 0x0, 0x8e, 0xff, 0xfe, 0xee,
    0x60, 0x0, 0x0, 0xcf, 0xc0, 0x0, 0x0, 0x0,
    0x0, 0xcf, 0xc0, 0x0, 0x0, 0x0, 0x0, 0xcf,
    0xc0, 0x0, 0x0, 0x0, 0x0, 0xcf, 0xc0, 0x0,
    0x0, 0x0, 0x0, 0xcf, 0xc0, 0x0, 0x0, 0x0,
    0x0, 0xcf, 0xc0, 0x0, 0x0, 0x0, 0x0, 0xcf,
    0xc0, 0x0, 0x0, 0x0, 0x0, 0xbf, 0xd0, 0x0,
    0x0, 0x0, 0x0, 0x9f, 0xf7, 0x11, 0x20, 0x0,
    0x0, 0x2f, 0xff, 0xff, 0x90, 0x0, 0x0, 0x3,
    0xbf, 0xfd, 0x60, 0x0,

    /* U+0166 "Ŧ" */
    0xbf, 0xff, 0xff, 0xff, 0xff, 0xff, 0xf2, 0xbf,
    0xff, 0xff, 0xff, 0xff, 0xff, 0xf2, 0x23, 0x33,
    0x3a, 0xff, 0x43, 0x33, 0x30, 0x0, 0x0, 0x9,
    0xff, 0x0, 0x0, 0x0, 0x0, 0x0, 0x9, 0xff,
    0x0, 0x0, 0x0, 0x0, 0x0, 0x9, 0xff, 0x0,
    0x0, 0x0, 0x0, 0x0, 0x9, 0xff, 0x0, 0x0,
    0x0, 0x0, 0xff, 0xff, 0xff, 0xff, 0xf6, 0x0,
    0x0, 0xff, 0xff, 0xff, 0xff, 0xf6, 0x0, 0x0,
    0x11, 0x19, 0xff, 0x21, 0x10, 0x0, 0x0, 0x0,
    0x9, 0xff, 0x0, 0x0, 0x0, 0x0, 0x0, 0x9,
    0xff, 0x0, 0x0, 0x0, 0x0, 0x0, 0x9, 0xff,
    0x0, 0x0, 0x0, 0x0, 0x0, 0x9, 0xff, 0x0,
    0x0, 0x0, 0x0, 0x0, 0x9, 0xff, 0x0, 0x0,
    0x0, 0x0, 0x0, 0x9, 0xff, 0x0, 0x0, 0x0,
    0x0, 0x0, 0x9, 0xff, 0x0, 0x0, 0x0,

    /* U+0167 "ŧ" */
    0x0, 0xe, 0xc0, 0x0, 0x0, 0x4, 0xfc, 0x0,
    0x0, 0x0, 0x9f, 0xc0, 0x0, 0x3, 0xcf, 0xff,
    0xff, 0xf7, 0x8e, 0xff, 0xfe, 0xee, 0x60, 0xc,
    0xfc, 0x0, 0x0, 0x0, 0xcf, 0xc0, 0x0, 0x0,
    0xc, 0xfc, 0x0, 0x0, 0x6f, 0xff, 0xff, 0xff,
    0x24, 0xcf, 0xff, 0xcc, 0xc1, 0x0, 0xcf, 0xc0,
    0x0, 0x0, 0xc, 0xfc, 0x0, 0x0, 0x0, 0xbf,
    0xd0, 0x0, 0x0, 0x9, 0xff, 0x61, 0x12, 0x0,
    0x3f, 0xff, 0xff, 0x90, 0x0, 0x4c, 0xff, 0xd6,

    /* U+0168 "Ũ" */
    0x0, 0x6, 0xcb, 0x72, 0x5, 0xd1, 0x0, 0x0,
    0x5f, 0xff, 0xff, 0xef, 0xc0, 0x0, 0x0, 0xbd,
    0x12, 0x8d, 0xfc, 0x20, 0x0, 0x0, 0x0, 0x0,
    0x0, 0x0, 0x0, 0x0, 0x0, 0x0, 0x0, 0x0,
    0x0, 0x0, 0x0, 0xdf, 0xb0, 0x0, 0x0, 0x0,
    0xf, 0xf9, 0xdf, 0xb0, 0x0, 0x0, 0x0, 0xf,
    0xf9, 0xdf, 0xb0, 0x0, 0x0, 0x0, 0xf, 0xf9,
    0xdf, 0xb0, 0x0, 0x0, 0x0, 0xf, 0xf9, 0xdf,
    0xb0, 0x0, 0x0, 0x0, 0xf, 0xf9, 0xdf, 0xb0,
    0x0, 0x0, 0x0, 0xf, 0xf9, 0xdf, 0xb0, 0x0,
    0x0, 0x0, 0xf, 0xf9, 0xdf, 0xb0, 0x0, 0x0,
    0x0, 0xf, 0xf9, 0xdf, 0xb0, 0x0, 0x0, 0x0,
    0xf, 0xf9, 0xdf, 0xb0, 0x0, 0x0, 0x0, 0xf,
    0xf9, 0xdf, 0xb0, 0x0, 0x0, 0x0, 0xf, 0xf9,
    0xcf, 0xc0, 0x0, 0x0, 0x0, 0x1f, 0xf8, 0xaf,
    0xf0, 0x0, 0x0, 0x0, 0x5f, 0xf5, 0x5f, 0xf9,
    0x0, 0x0, 0x0, 0xdf, 0xf0, 0xc, 0xff, 0xb5,
    0x33, 0x6d, 0xff, 0x70, 0x1, 0xcf, 0xff, 0xff,
    0xff, 0xf8, 0x0, 0x0, 0x6, 0xbe, 0xfe, 0xd9,
    0x30, 0x0,

    /* U+0169 "ũ" */
    0x0, 0x7, 0xed, 0x30, 0x5, 0xf0, 0x0, 0x5,
    0xfe, 0xff, 0x71, 0xcd, 0x0, 0x0, 0xbd, 0x2,
    0xdf, 0xff, 0x60, 0x0, 0xb, 0x60, 0x1, 0x9c,
    0x70, 0x0, 0x0, 0x0, 0x0, 0x0, 0x0, 0x0,
    0x2, 0xff, 0x60, 0x0, 0x0, 0x7f, 0xf1, 0x2f,
    0xf6, 0x0, 0x0, 0x7, 0xff, 0x12, 0xff, 0x60,
    0x0, 0x0, 0x7f, 0xf1, 0x2f, 0xf6, 0x0, 0x0,
    0x7, 0xff, 0x12, 0xff, 0x60, 0x0, 0x0, 0x7f,
    0xf1, 0x2f, 0xf6, 0x0, 0x0, 0x7, 0xff, 0x12,
    0xff, 0x60, 0x0, 0x0, 0x7f, 0xf1, 0x2f, 0xf6,
    0x0, 0x0, 0x8, 0xff, 0x12, 0xff, 0x70, 0x0,
    0x0, 0xaf, 0xf1, 0x1f, 0xfa, 0x0, 0x0, 0xe,
    0xff, 0x10, 0xdf, 0xf4, 0x0, 0x1a, 0xff, 0xf1,
    0x4, 0xff, 0xfe, 0xdf, 0xfa, 0xff, 0x10, 0x3,
    0xbe, 0xfe, 0xa3, 0xf, 0xf1,

    /* U+016A "Ū" */
    0x0, 0xb, 0xee, 0xee, 0xee, 0x70, 0x0, 0x0,
    0xd, 0xff, 0xff, 0xff, 0x80, 0x0, 0x0, 0x0,
    0x0, 0x0, 0x0, 0x0, 0x0, 0x0, 0x0, 0x0,
    0x0, 0x0, 0x0, 0x0, 0xdf, 0xb0, 0x0, 0x0,
    0x0, 0xf, 0xf9, 0xdf, 0xb0, 0x0, 0x0, 0x0,
    0xf, 0xf9, 0xdf, 0xb0, 0x0, 0x0, 0x0, 0xf,
    0xf9, 0xdf, 0xb0, 0x0, 0x0, 0x0, 0xf, 0xf9,
    0xdf, 0xb0, 0x0, 0x0, 0x0, 0xf, 0xf9, 0xdf,
    0xb0, 0x0, 0x0, 0x0, 0xf, 0xf9, 0xdf, 0xb0,
    0x0, 0x0, 0x0, 0xf, 0xf9, 0xdf, 0xb0, 0x0,
    0x0, 0x0, 0xf, 0xf9, 0xdf, 0xb0, 0x0, 0x0,
    0x0, 0xf, 0xf9, 0xdf, 0xb0, 0x0, 0x0, 0x0,
    0xf, 0xf9, 0xdf, 0xb0, 0x0, 0x0, 0x0, 0xf,
    0xf9, 0xcf, 0xc0, 0x0, 0x0, 0x0, 0x1f, 0xf8,
    0xaf, 0xf0, 0x0, 0x0, 0x0, 0x5f, 0xf5, 0x5f,
    0xf9, 0x0, 0x0, 0x0, 0xdf, 0xf0, 0xc, 0xff,
    0xb5, 0x33, 0x6d, 0xff, 0x70, 0x1, 0xcf, 0xff,
    0xff, 0xff, 0xf8, 0x0, 0x0, 0x6, 0xbe, 0xfe,
    0xd9, 0x30, 0x0,

    /* U+016B "ū" */
    0x0, 0x2f, 0xff, 0xff, 0xff, 0x30, 0x0, 0x2,
    0xdd, 0xdd, 0xdd, 0xd2, 0x0, 0x0, 0x0, 0x0,
    0x0, 0x0, 0x0, 0x2, 0xff, 0x60, 0x0, 0x0,
    0x7f, 0xf1, 0x2f, 0xf6, 0x0, 0x0, 0x7, 0xff,
    0x12, 0xff, 0x60, 0x0, 0x0, 0x7f, 0xf1, 0x2f,
    0xf6, 0x0, 0x0, 0x7, 0xff, 0x12, 0xff, 0x60,
    0x0, 0x0, 0x7f, 0xf1, 0x2f, 0xf6, 0x0, 0x0,
    0x7, 0xff, 0x12, 0xff, 0x60, 0x0, 0x0, 0x7f,
    0xf1, 0x2f, 0xf6, 0x0, 0x0, 0x8, 0xff, 0x12,
    0xff, 0x70, 0x0, 0x0, 0xaf, 0xf1, 0x1f, 0xfa,
    0x0, 0x0, 0xe, 0xff, 0x10, 0xdf, 0xf4, 0x0,
    0x1a, 0xff, 0xf1, 0x4, 0xff, 0xfe, 0xdf, 0xfa,
    0xff, 0x10, 0x3, 0xbe, 0xfe, 0xa3, 0xf, 0xf1,

    /* U+016C "Ŭ" */
    0x0, 0xf, 0xb0, 0x0, 0x2d, 0xc0, 0x0, 0x0,
    0x8, 0xff, 0xff, 0xff, 0x40, 0x0, 0x0, 0x0,
    0x7d, 0xfe, 0xb4, 0x0, 0x0, 0x0, 0x0, 0x0,
    0x0, 0x0, 0x0, 0x0, 0x0, 0x0, 0x0, 0x0,
    0x0, 0x0, 0x0, 0xdf, 0xb0, 0x0, 0x0, 0x0,
    0xf, 0xf9, 0xdf, 0xb0, 0x0, 0x0, 0x0, 0xf,
    0xf9, 0xdf, 0xb0, 0x0, 0x0, 0x0, 0xf, 0xf9,
    0xdf, 0xb0, 0x0, 0x0, 0x0, 0xf, 0xf9, 0xdf,
    0xb0, 0x0, 0x0, 0x0, 0xf, 0xf9, 0xdf, 0xb0,
    0x0, 0x0, 0x0, 0xf, 0xf9, 0xdf, 0xb0, 0x0,
    0x0, 0x0, 0xf, 0xf9, 0xdf, 0xb0, 0x0, 0x0,
    0x0, 0xf, 0xf9, 0xdf, 0xb0, 0x0, 0x0, 0x0,
    0xf, 0xf9, 0xdf, 0xb0, 0x0, 0x0, 0x0, 0xf,
    0xf9, 0xdf, 0xb0, 0x0, 0x0, 0x0, 0xf, 0xf9,
    0xcf, 0xc0, 0x0, 0x0, 0x0, 0x1f, 0xf8, 0xaf,
    0xf0, 0x0, 0x0, 0x0, 0x5f, 0xf5, 0x5f, 0xf9,
    0x0, 0x0, 0x0, 0xdf, 0xf0, 0xc, 0xff, 0xb5,
    0x33, 0x6d, 0xff, 0x70, 0x1, 0xcf, 0xff, 0xff,
    0xff, 0xf8, 0x0, 0x0, 0x6, 0xbe, 0xfe, 0xd9,
    0x30, 0x0,

    /* U+016D "ŭ" */
    0x0, 0x4f, 0x30, 0x0, 0x1f, 0x70, 0x0, 0x1,
    0xfb, 0x20, 0x2a, 0xf3, 0x0, 0x0, 0x8, 0xff,
    0xff, 0xf9, 0x0, 0x0, 0x0, 0x7, 0xce, 0xc7,
    0x0, 0x0, 0x0, 0x0, 0x0, 0x0, 0x0, 0x0,
    0x2, 0xff, 0x60, 0x0, 0x0, 0x7f, 0xf1, 0x2f,
    0xf6, 0x0, 0x0, 0x7, 0xff, 0x12, 0xff, 0x60,
    0x0, 0x0, 0x7f, 0xf1, 0x2f, 0xf6, 0x0, 0x0,
    0x7, 0xff, 0x12, 0xff, 0x60, 0x0, 0x0, 0x7f,
    0xf1, 0x2f, 0xf6, 0x0, 0x0, 0x7, 0xff, 0x12,
    0xff, 0x60, 0x0, 0x0, 0x7f, 0xf1, 0x2f, 0xf6,
    0x0, 0x0, 0x8, 0xff, 0x12, 0xff, 0x70, 0x0,
    0x0, 0xaf, 0xf1, 0x1f, 0xfa, 0x0, 0x0, 0xe,
    0xff, 0x10, 0xdf, 0xf4, 0x0, 0x1a, 0xff, 0xf1,
    0x4, 0xff, 0xfe, 0xdf, 0xfa, 0xff, 0x10, 0x3,
    0xbe, 0xfe, 0xa3, 0xf, 0xf1,

    /* U+016E "Ů" */
    0x0, 0x0, 0x0, 0x0, 0x0, 0x0, 0x0, 0x0,
    0x0, 0x2c, 0xfe, 0x70, 0x0, 0x0, 0x0, 0x0,
    0xbd, 0x48, 0xf4, 0x0, 0x0, 0x0, 0x0, 0xe8,
    0x0, 0xf7, 0x0, 0x0, 0x0, 0x0, 0xcc, 0x15,
    0xf5, 0x0, 0x0, 0x0, 0x0, 0x3e, 0xff, 0xa0,
    0x0, 0x0, 0x0, 0x0, 0x0, 0x21, 0x0, 0x0,
    0x0, 0x0, 0x0, 0x0, 0x0, 0x0, 0x0, 0x0,
    0xdf, 0xb0, 0x0, 0x0, 0x0, 0xf, 0xf9, 0xdf,
    0xb0, 0x0, 0x0, 0x0, 0xf, 0xf9, 0xdf, 0xb0,
    0x0, 0x0, 0x0, 0xf, 0xf9, 0xdf, 0xb0, 0x0,
    0x0, 0x0, 0xf, 0xf9, 0xdf, 0xb0, 0x0, 0x0,
    0x0, 0xf, 0xf9, 0xdf, 0xb0, 0x0, 0x0, 0x0,
    0xf, 0xf9, 0xdf, 0xb0, 0x0, 0x0, 0x0, 0xf,
    0xf9, 0xdf, 0xb0, 0x0, 0x0, 0x0, 0xf, 0xf9,
    0xdf, 0xb0, 0x0, 0x0, 0x0, 0xf, 0xf9, 0xdf,
    0xb0, 0x0, 0x0, 0x0, 0xf, 0xf9, 0xdf, 0xb0,
    0x0, 0x0, 0x0, 0xf, 0xf9, 0xcf, 0xc0, 0x0,
    0x0, 0x0, 0x1f, 0xf8, 0xaf, 0xf0, 0x0, 0x0,
    0x0, 0x5f, 0xf5, 0x5f, 0xf9, 0x0, 0x0, 0x0,
    0xdf, 0xf0, 0xc, 0xff, 0xb5, 0x33, 0x6d, 0xff,
    0x70, 0x1, 0xcf, 0xff, 0xff, 0xff, 0xf8, 0x0,
    0x0, 0x6, 0xbe, 0xfe, 0xd9, 0x30, 0x0,

    /* U+016F "ů" */
    0x0, 0x0, 0x0, 0x0, 0x0, 0x0, 0x0, 0x0,
    0x6, 0xef, 0xe6, 0x0, 0x0, 0x0, 0x1, 0xfa,
    0x4a, 0xf2, 0x0, 0x0, 0x0, 0x1f, 0x71, 0x7f,
    0x20, 0x0, 0x0, 0x0, 0x8f, 0xff, 0x90, 0x0,
    0x0, 0x0, 0x0, 0x13, 0x10, 0x0, 0x0, 0x0,
    0x0, 0x0, 0x0, 0x0, 0x0, 0x2, 0xff, 0x60,
    0x0, 0x0, 0x7f, 0xf1, 0x2f, 0xf6, 0x0, 0x0,
    0x7, 0xff, 0x12, 0xff, 0x60, 0x0, 0x0, 0x7f,
    0xf1, 0x2f, 0xf6, 0x0, 0x0, 0x7, 0xff, 0x12,
    0xff, 0x60, 0x0, 0x0, 0x7f, 0xf1, 0x2f, 0xf6,
    0x0, 0x0, 0x7, 0xff, 0x12, 0xff, 0x60, 0x0,
    0x0, 0x7f, 0xf1, 0x2f, 0xf6, 0x0, 0x0, 0x8,
    0xff, 0x12, 0xff, 0x70, 0x0, 0x0, 0xaf, 0xf1,
    0x1f, 0xfa, 0x0, 0x0, 0xe, 0xff, 0x10, 0xdf,
    0xf4, 0x0, 0x1a, 0xff, 0xf1, 0x4, 0xff, 0xfe,
    0xdf, 0xfa, 0xff, 0x10, 0x3, 0xbe, 0xfe, 0xa3,
    0xf, 0xf1,

    /* U+0170 "Ű" */
    0x0, 0x0, 0xac, 0xb0, 0x6c, 0xc3, 0x0, 0x0,
    0x5, 0xff, 0x31, 0xef, 0x80, 0x0, 0x0, 0xe,
    0xf4, 0x9, 0xf9, 0x0, 0x0, 0x0, 0x9f, 0x40,
    0x4f, 0x80, 0x0, 0x0, 0x0, 0x0, 0x0, 0x0,
    0x0, 0x0, 0x0, 0x0, 0x0, 0x0, 0x0, 0x0,
    0x0, 0x0, 0xdf, 0xb0, 0x0, 0x0, 0x0, 0xf,
    0xf9, 0xdf, 0xb0, 0x0, 0x0, 0x0, 0xf, 0xf9,
    0xdf, 0xb0, 0x0, 0x0, 0x0, 0xf, 0xf9, 0xdf,
    0xb0, 0x0, 0x0, 0x0, 0xf, 0xf9, 0xdf, 0xb0,
    0x0, 0x0, 0x0, 0xf, 0xf9, 0xdf, 0xb0, 0x0,
    0x0, 0x0, 0xf, 0xf9, 0xdf, 0xb0, 0x0, 0x0,
    0x0, 0xf, 0xf9, 0xdf, 0xb0, 0x0, 0x0, 0x0,
    0xf, 0xf9, 0xdf, 0xb0, 0x0, 0x0, 0x0, 0xf,
    0xf9, 0xdf, 0xb0, 0x0, 0x0, 0x0, 0xf, 0xf9,
    0xdf, 0xb0, 0x0, 0x0, 0x0, 0xf, 0xf9, 0xcf,
    0xc0, 0x0, 0x0, 0x0, 0x1f, 0xf8, 0xaf, 0xf0,
    0x0, 0x0, 0x0, 0x5f, 0xf5, 0x5f, 0xf9, 0x0,
    0x0, 0x0, 0xdf, 0xf0, 0xc, 0xff, 0xb5, 0x33,
    0x6d, 0xff, 0x70, 0x1, 0xcf, 0xff, 0xff, 0xff,
    0xf8, 0x0, 0x0, 0x6, 0xbe, 0xfe, 0xd9, 0x30,
    0x0,

    /* U+0171 "ű" */
    0x0, 0x4, 0xff, 0x70, 0xdf, 0xd0, 0x0, 0x0,
    0xdf, 0xa0, 0x7f, 0xe1, 0x0, 0x0, 0x7f, 0xa0,
    0x2f, 0xe2, 0x0, 0x0, 0xb, 0x90, 0x8, 0xb1,
    0x0, 0x0, 0x0, 0x0, 0x0, 0x0, 0x0, 0x0,
    0x2, 0xff, 0x60, 0x0, 0x0, 0x7f, 0xf1, 0x2f,
    0xf6, 0x0, 0x0, 0x7, 0xff, 0x12, 0xff, 0x60,
    0x0, 0x0, 0x7f, 0xf1, 0x2f, 0xf6, 0x0, 0x0,
    0x7, 0xff, 0x12, 0xff, 0x60, 0x0, 0x0, 0x7f,
    0xf1, 0x2f, 0xf6, 0x0, 0x0, 0x7, 0xff, 0x12,
    0xff, 0x60, 0x0, 0x0, 0x7f, 0xf1, 0x2f, 0xf6,
    0x0, 0x0, 0x8, 0xff, 0x12, 0xff, 0x70, 0x0,
    0x0, 0xaf, 0xf1, 0x1f, 0xfa, 0x0, 0x0, 0xe,
    0xff, 0x10, 0xdf, 0xf4, 0x0, 0x1a, 0xff, 0xf1,
    0x4, 0xff, 0xfe, 0xdf, 0xfa, 0xff, 0x10, 0x3,
    0xbe, 0xfe, 0xa3, 0xf, 0xf1,

    /* U+0172 "Ų" */
    0xdf, 0xb0, 0x0, 0x0, 0x0, 0xf, 0xf9, 0xdf,
    0xb0, 0x0, 0x0, 0x0, 0xf, 0xf9, 0xdf, 0xb0,
    0x0, 0x0, 0x0, 0xf, 0xf9, 0xdf, 0xb0, 0x0,
    0x0, 0x0, 0xf, 0xf9, 0xdf, 0xb0, 0x0, 0x0,
    0x0, 0xf, 0xf9, 0xdf, 0xb0, 0x0, 0x0, 0x0,
    0xf, 0xf9, 0xdf, 0xb0, 0x0, 0x0, 0x0, 0xf,
    0xf9, 0xdf, 0xb0, 0x0, 0x0, 0x0, 0xf, 0xf9,
    0xdf, 0xb0, 0x0, 0x0, 0x0, 0xf, 0xf9, 0xdf,
    0xb0, 0x0, 0x0, 0x0, 0xf, 0xf9, 0xdf, 0xb0,
    0x0, 0x0, 0x0, 0xf, 0xf9, 0xcf, 0xc0, 0x0,
    0x0, 0x0, 0x1f, 0xf8, 0xaf, 0xf0, 0x0, 0x0,
    0x0, 0x5f, 0xf7, 0x5f, 0xf9, 0x0, 0x0, 0x0,
    0xdf, 0xf3, 0xc, 0xff, 0xb5, 0x33, 0x6d, 0xff,
    0xd0, 0x1, 0xcf, 0xff, 0xff, 0xff, 0xff, 0x30,
    0x0, 0x6, 0xbe, 0xfe, 0xef, 0xf4, 0x0, 0x0,
    0x0, 0x0, 0x0, 0xcf, 0x70, 0x0, 0x0, 0x0,
    0x0, 0x5, 0xfc, 0x0, 0x0, 0x0, 0x0, 0x0,
    0x9, 0xf6, 0x0, 0x0, 0x0, 0x0, 0x0, 0x9,
    0xf6, 0x0, 0x0, 0x0, 0x0, 0x0, 0x5, 0xfe,
    0xa6, 0x0, 0x0, 0x0, 0x0, 0x0, 0x9e, 0xf7,
    0x0,

    /* U+0173 "ų" */
    0x2f, 0xf6, 0x0, 0x0, 0x7, 0xff, 0x12, 0xff,
    0x60, 0x0, 0x0, 0x7f, 0xf1, 0x2f, 0xf6, 0x0,
    0x0, 0x7, 0xff, 0x12, 0xff, 0x60, 0x0, 0x0,
    0x7f, 0xf1, 0x2f, 0xf6, 0x0, 0x0, 0x7, 0xff,
    0x12, 0xff, 0x60, 0x0, 0x0, 0x7f, 0xf1, 0x2f,
    0xf6, 0x0, 0x0, 0x7, 0xff, 0x12, 0xff, 0x60,
    0x0, 0x0, 0x8f, 0xf1, 0x2f, 0xf7, 0x0, 0x0,
    0xa, 0xff, 0x11, 0xff, 0xa0, 0x0, 0x0, 0xef,
    0xf1, 0xd, 0xff, 0x40, 0x1, 0xaf, 0xff, 0x10,
    0x4f, 0xff, 0xed, 0xff, 0xaf, 0xf1, 0x0, 0x3b,
    0xef, 0xea, 0x30, 0xff, 0x10, 0x0, 0x0, 0x0,
    0x0, 0x9f, 0x30, 0x0, 0x0, 0x0, 0x0, 0x5f,
    0x70, 0x0, 0x0, 0x0, 0x0, 0xc, 0xf1, 0x0,
    0x0, 0x0, 0x0, 0x0, 0xef, 0x0, 0x0, 0x0,
    0x0, 0x0, 0xb, 0xfc, 0xa2, 0x0, 0x0, 0x0,
    0x0, 0x2c, 0xfe, 0x20,

    /* U+0174 "Ŵ" */
    0x0, 0x0, 0x0, 0x0, 0x1, 0x88, 0x50, 0x0,
    0x0, 0x0, 0x0, 0x0, 0x0, 0x0, 0x0, 0x0,
    0xbf, 0xff, 0x30, 0x0, 0x0, 0x0, 0x0, 0x0,
    0x0, 0x0, 0x0, 0x8f, 0xea, 0xfe, 0x10, 0x0,
    0x0, 0x0, 0x0, 0x0, 0x0, 0x0, 0x6f, 0xd2,
    0x8, 0xfc, 0x10, 0x0, 0x0, 0x0, 0x0, 0x0,
    0x0, 0x7, 0x70, 0x0, 0x4, 0x84, 0x0, 0x0,
    0x0, 0x0, 0x0, 0x0, 0x0, 0x0, 0x0, 0x0,
    0x0, 0x0, 0x0, 0x0, 0x0, 0xaf, 0xf0, 0x0,
    0x0, 0x3, 0xff, 0xa0, 0x0, 0x0, 0x6, 0xff,
    0x36, 0xff, 0x30, 0x0, 0x0, 0x7f, 0xff, 0x0,
    0x0, 0x0, 0xaf, 0xf0, 0x2f, 0xf7, 0x0, 0x0,
    0xc, 0xff, 0xf4, 0x0, 0x0, 0xe, 0xfb, 0x0,
    0xef, 0xb0, 0x0, 0x1, 0xff, 0xdf, 0x80, 0x0,
    0x2, 0xff, 0x70, 0x9, 0xff, 0x0, 0x0, 0x5f,
    0xe7, 0xfd, 0x0, 0x0, 0x6f, 0xf2, 0x0, 0x5f,
    0xf3, 0x0, 0xa, 0xfa, 0x3f, 0xf2, 0x0, 0xa,
    0xfe, 0x0, 0x1, 0xff, 0x70, 0x0, 0xef, 0x60,
    0xef, 0x60, 0x0, 0xef, 0xa0, 0x0, 0xd, 0xfb,
    0x0, 0x3f, 0xf2, 0xa, 0xfb, 0x0, 0x2f, 0xf6,
    0x0, 0x0, 0x9f, 0xf0, 0x7, 0xfd, 0x0, 0x5f,
    0xf0, 0x6, 0xff, 0x10, 0x0, 0x4, 0xff, 0x30,
    0xcf, 0x90, 0x1, 0xff, 0x40, 0xaf, 0xd0, 0x0,
    0x0, 0xf, 0xf7, 0xf, 0xf4, 0x0, 0xc, 0xf9,
    0xe, 0xf9, 0x0, 0x0, 0x0, 0xcf, 0xb4, 0xff,
    0x0, 0x0, 0x7f, 0xd2, 0xff, 0x50, 0x0, 0x0,
    0x8, 0xfe, 0x8f, 0xb0, 0x0, 0x3, 0xff, 0x6f,
    0xf1, 0x0, 0x0, 0x0, 0x3f, 0xfc, 0xf6, 0x0,
    0x0, 0xe, 0xfc, 0xfc, 0x0, 0x0, 0x0, 0x0,
    0xff, 0xff, 0x20, 0x0, 0x0, 0xaf, 0xff, 0x80,
    0x0, 0x0, 0x0, 0xb, 0xff, 0xd0, 0x0, 0x0,
    0x5, 0xff, 0xf4, 0x0, 0x0, 0x0, 0x0, 0x7f,
    0xf9, 0x0, 0x0, 0x0, 0x1f, 0xff, 0x0, 0x0,
    0x0,

    /* U+0175 "ŵ" */
    0x0, 0x0, 0x0, 0x1, 0xef, 0xf5, 0x0, 0x0,
    0x0, 0x0, 0x0, 0x0, 0x0, 0xc, 0xfd, 0xff,
    0x30, 0x0, 0x0, 0x0, 0x0, 0x0, 0x0, 0xbf,
    0x90, 0x5f, 0xf3, 0x0, 0x0, 0x0, 0x0, 0x0,
    0x4, 0x84, 0x0, 0x1, 0x87, 0x0, 0x0, 0x0,
    0x0, 0x0, 0x0, 0x0, 0x0, 0x0, 0x0, 0x0,
    0x0, 0x0, 0x9f, 0xf0, 0x0, 0x0, 0xdf, 0xf3,
    0x0, 0x0, 0x9f, 0xf0, 0x5f, 0xf3, 0x0, 0x2,
    0xff, 0xf8, 0x0, 0x0, 0xdf, 0xb0, 0x1f, 0xf7,
    0x0, 0x7, 0xfd, 0xfc, 0x0, 0x1, 0xff, 0x60,
    0xc, 0xfb, 0x0, 0xb, 0xf6, 0xff, 0x10, 0x6,
    0xff, 0x20, 0x7, 0xff, 0x0, 0xf, 0xf2, 0xdf,
    0x60, 0xa, 0xfd, 0x0, 0x3, 0xff, 0x40, 0x5f,
    0xe0, 0x8f, 0xa0, 0xe, 0xf9, 0x0, 0x0, 0xef,
    0x80, 0x9f, 0x90, 0x4f, 0xf0, 0x2f, 0xf4, 0x0,
    0x0, 0xaf, 0xb0, 0xef, 0x40, 0xf, 0xf3, 0x6f,
    0xf0, 0x0, 0x0, 0x6f, 0xf2, 0xff, 0x0, 0xb,
    0xf7, 0xaf, 0xb0, 0x0, 0x0, 0x1f, 0xf8, 0xfb,
    0x0, 0x6, 0xfb, 0xdf, 0x70, 0x0, 0x0, 0xd,
    0xfe, 0xf6, 0x0, 0x2, 0xfe, 0xff, 0x20, 0x0,
    0x0, 0x9, 0xff, 0xf1, 0x0, 0x0, 0xdf, 0xfe,
    0x0, 0x0, 0x0, 0x4, 0xff, 0xd0, 0x0, 0x0,
    0x9f, 0xf9, 0x0, 0x0,

    /* U+0176 "Ŷ" */
    0x0, 0x0, 0x3, 0x88, 0x30, 0x0, 0x0, 0x0,
    0x0, 0x1, 0xef, 0xfe, 0x0, 0x0, 0x0, 0x0,
    0x0, 0xcf, 0xbc, 0xfb, 0x0, 0x0, 0x0, 0x0,
    0xaf, 0xa0, 0xb, 0xf9, 0x0, 0x0, 0x0, 0x18,
    0x60, 0x0, 0x6, 0x81, 0x0, 0x0, 0x0, 0x0,
    0x0, 0x0, 0x0, 0x0, 0x0, 0xbf, 0xf1, 0x0,
    0x0, 0x0, 0x1f, 0xfb, 0x3, 0xff, 0x90, 0x0,
    0x0, 0x9, 0xff, 0x30, 0xa, 0xff, 0x20, 0x0,
    0x2, 0xff, 0xa0, 0x0, 0x2f, 0xfa, 0x0, 0x0,
    0xaf, 0xf1, 0x0, 0x0, 0x9f, 0xf3, 0x0, 0x2f,
    0xf8, 0x0, 0x0, 0x1, 0xff, 0xb0, 0xb, 0xfe,
    0x10, 0x0, 0x0, 0x7, 0xff, 0x33, 0xff, 0x70,
    0x0, 0x0, 0x0, 0xe, 0xfc, 0xbf, 0xd0, 0x0,
    0x0, 0x0, 0x0, 0x6f, 0xff, 0xf5, 0x0, 0x0,
    0x0, 0x0, 0x0, 0xdf, 0xfc, 0x0, 0x0, 0x0,
    0x0, 0x0, 0x6, 0xff, 0x50, 0x0, 0x0, 0x0,
    0x0, 0x0, 0x5f, 0xf4, 0x0, 0x0, 0x0, 0x0,
    0x0, 0x5, 0xff, 0x40, 0x0, 0x0, 0x0, 0x0,
    0x0, 0x5f, 0xf4, 0x0, 0x0, 0x0, 0x0, 0x0,
    0x5, 0xff, 0x40, 0x0, 0x0, 0x0, 0x0, 0x0,
    0x5f, 0xf4, 0x0, 0x0, 0x0, 0x0, 0x0, 0x5,
    0xff, 0x40, 0x0, 0x0, 0x0,

    /* U+0177 "ŷ" */
    0x0, 0x0, 0x5f, 0xfe, 0x10, 0x0, 0x0, 0x0,
    0x3f, 0xfd, 0xfc, 0x0, 0x0, 0x0, 0x3f, 0xe4,
    0x9, 0xfc, 0x0, 0x0, 0x7, 0x81, 0x0, 0x4,
    0x84, 0x0, 0x0, 0x0, 0x0, 0x0, 0x0, 0x0,
    0xc, 0xfe, 0x0, 0x0, 0x0, 0x3f, 0xf7, 0x6f,
    0xf4, 0x0, 0x0, 0x9, 0xff, 0x10, 0xff, 0xa0,
    0x0, 0x0, 0xef, 0xb0, 0x9, 0xff, 0x0, 0x0,
    0x3f, 0xf5, 0x0, 0x3f, 0xf5, 0x0, 0x9, 0xff,
    0x0, 0x0, 0xdf, 0xb0, 0x0, 0xef, 0x90, 0x0,
    0x6, 0xff, 0x10, 0x4f, 0xf4, 0x0, 0x0, 0x1f,
    0xf6, 0x9, 0xfd, 0x0, 0x0, 0x0, 0xaf, 0xb0,
    0xef, 0x80, 0x0, 0x0, 0x3, 0xff, 0x4f, 0xf2,
    0x0, 0x0, 0x0, 0xd, 0xfc, 0xfc, 0x0, 0x0,
    0x0, 0x0, 0x7f, 0xff, 0x60, 0x0, 0x0, 0x0,
    0x1, 0xff, 0xf0, 0x0, 0x0, 0x0, 0x0, 0xe,
    0xfa, 0x0, 0x0, 0x0, 0x0, 0x4, 0xff, 0x40,
    0x0, 0x0, 0x0, 0x0, 0xcf, 0xd0, 0x0, 0x0,
    0x1, 0x12, 0xaf, 0xf5, 0x0, 0x0, 0x0, 0x9f,
    0xff, 0xf9, 0x0, 0x0, 0x0, 0x7, 0xff, 0xd7,
    0x0, 0x0, 0x0, 0x0,

    /* U+0178 "Ÿ" */
    0x0, 0x1, 0x84, 0x0, 0x48, 0x10, 0x0, 0x0,
    0x0, 0x8f, 0xe0, 0xd, 0xf9, 0x0, 0x0, 0x0,
    0x5, 0xf9, 0x0, 0x9f, 0x50, 0x0, 0x0, 0x0,
    0x0, 0x0, 0x0, 0x0, 0x0, 0x0, 0x0, 0x0,
    0x0, 0x0, 0x0, 0x0, 0x0, 0xb, 0xff, 0x10,
    0x0, 0x0, 0x1, 0xff, 0xb0, 0x3f, 0xf9, 0x0,
    0x0, 0x0, 0x9f, 0xf3, 0x0, 0xaf, 0xf2, 0x0,
    0x0, 0x2f, 0xfa, 0x0, 0x2, 0xff, 0xa0, 0x0,
    0xa, 0xff, 0x10, 0x0, 0x9, 0xff, 0x30, 0x2,
    0xff, 0x80, 0x0, 0x0, 0x1f, 0xfb, 0x0, 0xbf,
    0xe1, 0x0, 0x0, 0x0, 0x7f, 0xf3, 0x3f, 0xf7,
    0x0, 0x0, 0x0, 0x0, 0xef, 0xcb, 0xfd, 0x0,
    0x0, 0x0, 0x0, 0x6, 0xff, 0xff, 0x50, 0x0,
    0x0, 0x0, 0x0, 0xd, 0xff, 0xc0, 0x0, 0x0,
    0x0, 0x0, 0x0, 0x6f, 0xf5, 0x0, 0x0, 0x0,
    0x0, 0x0, 0x5, 0xff, 0x40, 0x0, 0x0, 0x0,
    0x0, 0x0, 0x5f, 0xf4, 0x0, 0x0, 0x0, 0x0,
    0x0, 0x5, 0xff, 0x40, 0x0, 0x0, 0x0, 0x0,
    0x0, 0x5f, 0xf4, 0x0, 0x0, 0x0, 0x0, 0x0,
    0x5, 0xff, 0x40, 0x0, 0x0, 0x0, 0x0, 0x0,
    0x5f, 0xf4, 0x0, 0x0, 0x0,

    /* U+0179 "Ź" */
    0x0, 0x0, 0x0, 0x2, 0x88, 0x50, 0x0, 0x0,
    0x0, 0x0, 0xcf, 0xf3, 0x0, 0x0, 0x0, 0x0,
    0x7f, 0xf3, 0x0, 0x0, 0x0, 0x0, 0x2f, 0xe3,
    0x0, 0x0, 0x0, 0x0, 0x4, 0x82, 0x0, 0x0,
    0x0, 0x0, 0x0, 0x0, 0x0, 0x0, 0x0, 0xe,
    0xff, 0xff, 0xff, 0xff, 0xff, 0xb0, 0xef, 0xff,
    0xff, 0xff, 0xff, 0xfb, 0x2, 0x33, 0x33, 0x33,
    0x3b, 0xff, 0x40, 0x0, 0x0, 0x0, 0x4, 0xff,
    0x90, 0x0, 0x0, 0x0, 0x1, 0xef, 0xd0, 0x0,
    0x0, 0x0, 0x0, 0xaf, 0xf3, 0x0, 0x0, 0x0,
    0x0, 0x5f, 0xf8, 0x0, 0x0, 0x0, 0x0, 0x1e,
    0xfd, 0x0, 0x0, 0x0, 0x0, 0xa, 0xff, 0x30,
    0x0, 0x0, 0x0, 0x5, 0xff, 0x80, 0x0, 0x0,
    0x0, 0x1, 0xef, 0xd0, 0x0, 0x0, 0x0, 0x0,
    0xbf, 0xf3, 0x0, 0x0, 0x0, 0x0, 0x6f, 0xf7,
    0x0, 0x0, 0x0, 0x0, 0x1f, 0xfc, 0x0, 0x0,
    0x0, 0x0, 0xb, 0xff, 0x53, 0x33, 0x33, 0x33,
    0x32, 0xff, 0xff, 0xff, 0xff, 0xff, 0xff, 0x3f,
    0xff, 0xff, 0xff, 0xff, 0xff, 0xf0,

    /* U+017A "ź" */
    0x0, 0x0, 0x0, 0xaf, 0xf6, 0x0, 0x0, 0x0,
    0x5f, 0xf6, 0x0, 0x0, 0x0, 0x2f, 0xf4, 0x0,
    0x0, 0x0, 0x5, 0x82, 0x0, 0x0, 0x0, 0x0,
    0x0, 0x0, 0x0, 0x0, 0xbf, 0xff, 0xff, 0xff,
    0xf6, 0xb, 0xff, 0xff, 0xff, 0xff, 0x50, 0x0,
    0x0, 0x0, 0xdf, 0xd0, 0x0, 0x0, 0x0, 0x9f,
    0xf2, 0x0, 0x0, 0x0, 0x4f, 0xf7, 0x0, 0x0,
    0x0, 0x1e, 0xfb, 0x0, 0x0, 0x0, 0xa, 0xfe,
    0x10, 0x0, 0x0, 0x6, 0xff, 0x50, 0x0, 0x0,
    0x2, 0xff, 0xa0, 0x0, 0x0, 0x0, 0xcf, 0xe0,
    0x0, 0x0, 0x0, 0x7f, 0xf3, 0x0, 0x0, 0x0,
    0x1f, 0xff, 0xff, 0xff, 0xff, 0x82, 0xff, 0xff,
    0xff, 0xff, 0xf9,

    /* U+017B "Ż" */
    0x0, 0x0, 0x2, 0xcc, 0x10, 0x0, 0x0, 0x0,
    0x0, 0x6f, 0xf6, 0x0, 0x0, 0x0, 0x0, 0x2,
    0xee, 0x20, 0x0, 0x0, 0x0, 0x0, 0x0, 0x0,
    0x0, 0x0, 0x0, 0x0, 0x0, 0x0, 0x0, 0x0,
    0x0, 0xef, 0xff, 0xff, 0xff, 0xff, 0xfb, 0xe,
    0xff, 0xff, 0xff, 0xff, 0xff, 0xb0, 0x23, 0x33,
    0x33, 0x33, 0xbf, 0xf4, 0x0, 0x0, 0x0, 0x0,
    0x4f, 0xf9, 0x0, 0x0, 0x0, 0x0, 0x1e, 0xfd,
    0x0, 0x0, 0x0, 0x0, 0xa, 0xff, 0x30, 0x0,
    0x0, 0x0, 0x5, 0xff, 0x80, 0x0, 0x0, 0x0,
    0x1, 0xef, 0xd0, 0x0, 0x0, 0x0, 0x0, 0xaf,
    0xf3, 0x0, 0x0, 0x0, 0x0, 0x5f, 0xf8, 0x0,
    0x0, 0x0, 0x0, 0x1e, 0xfd, 0x0, 0x0, 0x0,
    0x0, 0xb, 0xff, 0x30, 0x0, 0x0, 0x0, 0x6,
    0xff, 0x70, 0x0, 0x0, 0x0, 0x1, 0xff, 0xc0,
    0x0, 0x0, 0x0, 0x0, 0xbf, 0xf5, 0x33, 0x33,
    0x33, 0x33, 0x2f, 0xff, 0xff, 0xff, 0xff, 0xff,
    0xf3, 0xff, 0xff, 0xff, 0xff, 0xff, 0xff,

    /* U+017C "ż" */
    0x0, 0x0, 0x5f, 0xb0, 0x0, 0x0, 0x0, 0xb,
    0xff, 0x20, 0x0, 0x0, 0x0, 0x4d, 0xa0, 0x0,
    0x0, 0x0, 0x0, 0x0, 0x0, 0x0, 0x0, 0x0,
    0x0, 0x0, 0x0, 0x0, 0xbf, 0xff, 0xff, 0xff,
    0xf6, 0xb, 0xff, 0xff, 0xff, 0xff, 0x50, 0x0,
    0x0, 0x0, 0xdf, 0xd0, 0x0, 0x0, 0x0, 0x9f,
    0xf2, 0x0, 0x0, 0x0, 0x4f, 0xf7, 0x0, 0x0,
    0x0, 0x1e, 0xfb, 0x0, 0x0, 0x0, 0xa, 0xfe,
    0x10, 0x0, 0x0, 0x6, 0xff, 0x50, 0x0, 0x0,
    0x2, 0xff, 0xa0, 0x0, 0x0, 0x0, 0xcf, 0xe0,
    0x0, 0x0, 0x0, 0x7f, 0xf3, 0x0, 0x0, 0x0,
    0x1f, 0xff, 0xff, 0xff, 0xff, 0x82, 0xff, 0xff,
    0xff, 0xff, 0xf9,

    /* U+017D "Ž" */
    0x0, 0x28, 0x50, 0x0, 0x5, 0x82, 0x0, 0x0,
    0xbf, 0xa0, 0xa, 0xfb, 0x0, 0x0, 0x0, 0xdf,
    0xbb, 0xfd, 0x0, 0x0, 0x0, 0x1, 0xff, 0xff,
    0x10, 0x0, 0x0, 0x0, 0x4, 0x88, 0x40, 0x0,
    0x0, 0x0, 0x0, 0x0, 0x0, 0x0, 0x0, 0xe,
    0xff, 0xff, 0xff, 0xff, 0xff, 0xb0, 0xef, 0xff,
    0xff, 0xff, 0xff, 0xfb, 0x2, 0x33, 0x33, 0x33,
    0x3b, 0xff, 0x40, 0x0, 0x0, 0x0, 0x4, 0xff,
    0x90, 0x0, 0x0, 0x0, 0x1, 0xef, 0xd0, 0x0,
    0x0, 0x0, 0x0, 0xaf, 0xf3, 0x0, 0x0, 0x0,
    0x0, 0x5f, 0xf8, 0x0, 0x0, 0x0, 0x0, 0x1e,
    0xfd, 0x0, 0x0, 0x0, 0x0, 0xa, 0xff, 0x30,
    0x0, 0x0, 0x0, 0x5, 0xff, 0x80, 0x0, 0x0,
    0x0, 0x1, 0xef, 0xd0, 0x0, 0x0, 0x0, 0x0,
    0xbf, 0xf3, 0x0, 0x0, 0x0, 0x0, 0x6f, 0xf7,
    0x0, 0x0, 0x0, 0x0, 0x1f, 0xfc, 0x0, 0x0,
    0x0, 0x0, 0xb, 0xff, 0x53, 0x33, 0x33, 0x33,
    0x32, 0xff, 0xff, 0xff, 0xff, 0xff, 0xff, 0x3f,
    0xff, 0xff, 0xff, 0xff, 0xff, 0xf0,

    /* U+017E "ž" */
    0x4, 0xfc, 0x20, 0x6, 0xfd, 0x0, 0x5, 0xfe,
    0x49, 0xfd, 0x10, 0x0, 0x6, 0xff, 0xfd, 0x10,
    0x0, 0x0, 0x6, 0x88, 0x20, 0x0, 0x0, 0x0,
    0x0, 0x0, 0x0, 0x0, 0xbf, 0xff, 0xff, 0xff,
    0xf6, 0xb, 0xff, 0xff, 0xff, 0xff, 0x50, 0x0,
    0x0, 0x0, 0xdf, 0xd0, 0x0, 0x0, 0x0, 0x9f,
    0xf2, 0x0, 0x0, 0x0, 0x4f, 0xf7, 0x0, 0x0,
    0x0, 0x1e, 0xfb, 0x0, 0x0, 0x0, 0xa, 0xfe,
    0x10, 0x0, 0x0, 0x6, 0xff, 0x50, 0x0, 0x0,
    0x2, 0xff, 0xa0, 0x0, 0x0, 0x0, 0xcf, 0xe0,
    0x0, 0x0, 0x0, 0x7f, 0xf3, 0x0, 0x0, 0x0,
    0x1f, 0xff, 0xff, 0xff, 0xff, 0x82, 0xff, 0xff,
    0xff, 0xff, 0xf9,

    /* U+017F "ſ" */
    0x0, 0x3a, 0xef, 0xea, 0x4, 0xff, 0xff, 0xfa,
    0xc, 0xff, 0x41, 0x32, 0xf, 0xfa, 0x0, 0x0,
    0xf, 0xf8, 0x0, 0x0, 0xf, 0xf8, 0x0, 0x0,
    0xf, 0xf8, 0x0, 0x0, 0xf, 0xf8, 0x0, 0x0,
    0xf, 0xf8, 0x0, 0x0, 0xf, 0xf8, 0x0, 0x0,
    0xf, 0xf8, 0x0, 0x0, 0xf, 0xf8, 0x0, 0x0,
    0xf, 0xf8, 0x0, 0x0, 0xf, 0xf8, 0x0, 0x0,
    0xf, 0xf8, 0x0, 0x0, 0xf, 0xf8, 0x0, 0x0,
    0xf, 0xf8, 0x0, 0x0, 0xf, 0xf8, 0x0, 0x0,

    /* U+0180 "ƀ" */
    0x0, 0xff, 0x90, 0x0, 0x0, 0x0, 0x0, 0x0,
    0xff, 0x90, 0x0, 0x0, 0x0, 0x0, 0xdf, 0xff,
    0xff, 0xff, 0xf4, 0x0, 0x0, 0xac, 0xff, 0xec,
    0xcc, 0xc3, 0x0, 0x0, 0x0, 0xff, 0x80, 0x0,
    0x0, 0x0, 0x0, 0x0, 0xff, 0x81, 0xae, 0xfe,
    0x91, 0x0, 0x0, 0xff, 0xae, 0xff, 0xff, 0xfe,
    0x20, 0x0, 0xff, 0xfd, 0x51, 0x28, 0xff, 0xc0,
    0x0, 0xff, 0xf2, 0x0, 0x0, 0x9f, 0xf3, 0x0,
    0xff, 0xc0, 0x0, 0x0, 0x3f, 0xf7, 0x0, 0xff,
    0x90, 0x0, 0x0, 0xf, 0xf9, 0x0, 0xff, 0x90,
    0x0, 0x0, 0xf, 0xfa, 0x0, 0xff, 0xa0, 0x0,
    0x0, 0xf, 0xf9, 0x0, 0xff, 0xc0, 0x0, 0x0,
    0x3f, 0xf7, 0x0, 0xff, 0xf2, 0x0, 0x0, 0xaf,
    0xf3, 0x0, 0xff, 0xfd, 0x41, 0x28, 0xff, 0xc0,
    0x0, 0xff, 0x8f, 0xff, 0xff, 0xfe, 0x20, 0x0,
    0xff, 0x2, 0xae, 0xfe, 0x91, 0x0,

    /* U+0181 "Ɓ" */
    0x6, 0xdf, 0xff, 0xff, 0xff, 0xfe, 0xb7, 0x10,
    0x5, 0xff, 0xff, 0xff, 0xff, 0xff, 0xff, 0xfe,
    0x30, 0xaf, 0xc3, 0x9f, 0xf3, 0x22, 0x35, 0xcf,
    0xfc, 0xb, 0xf7, 0x8, 0xff, 0x10, 0x0, 0x0,
    0xdf, 0xf0, 0x58, 0x50, 0x8f, 0xf1, 0x0, 0x0,
    0x9, 0xff, 0x10, 0x0, 0x8, 0xff, 0x10, 0x0,
    0x0, 0xcf, 0xe0, 0x0, 0x0, 0x8f, 0xf1, 0x0,
    0x2, 0x8f, 0xf5, 0x0, 0x0, 0x8, 0xff, 0xff,
    0xff, 0xff, 0xc5, 0x0, 0x0, 0x0, 0x8f, 0xff,
    0xff, 0xff, 0xfd, 0x80, 0x0, 0x0, 0x8, 0xff,
    0x32, 0x22, 0x38, 0xff, 0xd0, 0x0, 0x0, 0x8f,
    0xf1, 0x0, 0x0, 0x7, 0xff, 0x60, 0x0, 0x8,
    0xff, 0x10, 0x0, 0x0, 0x2f, 0xf9, 0x0, 0x0,
    0x8f, 0xf1, 0x0, 0x0, 0x2, 0xff, 0xa0, 0x0,
    0x8, 0xff, 0x10, 0x0, 0x0, 0x8f, 0xf7, 0x0,
    0x0, 0x8f, 0xf3, 0x22, 0x24, 0x9f, 0xff, 0x10,
    0x0, 0x8, 0xff, 0xff, 0xff, 0xff, 0xff, 0x50,
    0x0, 0x0, 0x8f, 0xff, 0xff, 0xff, 0xd8, 0x10,
    0x0,

    /* U+0182 "Ƃ" */
    0xbf, 0xff, 0xff, 0xff, 0xff, 0xa0, 0xbf, 0xff,
    0xff, 0xff, 0xff, 0xa0, 0xbf, 0xe3, 0x33, 0x33,
    0x33, 0x20, 0xbf, 0xe0, 0x0, 0x0, 0x0, 0x0,
    0xbf, 0xe0, 0x0, 0x0, 0x0, 0x0, 0xbf, 0xe0,
    0x0, 0x0, 0x0, 0x0, 0xbf, 0xe0, 0x0, 0x0,
    0x0, 0x0, 0xbf, 0xff, 0xff, 0xec, 0x82, 0x0,
    0xbf, 0xff, 0xff, 0xff, 0xff, 0x50, 0xbf, 0xe2,
    0x22, 0x48, 0xff, 0xf2, 0xbf, 0xe0, 0x0, 0x0,
    0x4f, 0xf8, 0xbf, 0xe0, 0x0, 0x0, 0xf, 0xfb,
    0xbf, 0xe0, 0x0, 0x0, 0xf, 0xfb, 0xbf, 0xe0,
    0x0, 0x0, 0x5f, 0xf8, 0xbf, 0xe2, 0x22, 0x48,
    0xff, 0xf2, 0xbf, 0xff, 0xff, 0xff, 0xff, 0x50,
    0xbf, 0xff, 0xff, 0xfc, 0x92, 0x0,

    /* U+0183 "ƃ" */
    0xf, 0xff, 0xff, 0xff, 0xff, 0xf6, 0x0, 0xff,
    0xff, 0xff, 0xff, 0xff, 0x60, 0xf, 0xf9, 0x11,
    0x11, 0x11, 0x10, 0x0, 0xff, 0x90, 0x0, 0x0,
    0x0, 0x0, 0xf, 0xf8, 0x0, 0x0, 0x0, 0x0,
    0x0, 0xff, 0x81, 0xae, 0xfe, 0x91, 0x0, 0xf,
    0xfa, 0xef, 0xff, 0xff, 0xe2, 0x0, 0xff, 0xfd,
    0x51, 0x28, 0xff, 0xc0, 0xf, 0xff, 0x20, 0x0,
    0x9, 0xff, 0x30, 0xff, 0xc0, 0x0, 0x0, 0x3f,
    0xf7, 0xf, 0xf9, 0x0, 0x0, 0x0, 0xff, 0x90,
    0xff, 0x90, 0x0, 0x0, 0xf, 0xfa, 0xf, 0xfa,
    0x0, 0x0, 0x0, 0xff, 0x90, 0xff, 0xc0, 0x0,
    0x0, 0x3f, 0xf7, 0xf, 0xff, 0x20, 0x0, 0xa,
    0xff, 0x30, 0xff, 0xfd, 0x41, 0x28, 0xff, 0xc0,
    0xf, 0xf8, 0xff, 0xff, 0xff, 0xe2, 0x0, 0xff,
    0x2, 0xae, 0xfe, 0x91, 0x0,

    /* U+0184 "Ƅ" */
    0xef, 0xb0, 0x0, 0x0, 0x0, 0x0, 0xe, 0xfb,
    0x0, 0x0, 0x0, 0x0, 0x0, 0xef, 0xb0, 0x0,
    0x0, 0x0, 0x0, 0xe, 0xfb, 0x0, 0x0, 0x0,
    0x0, 0x0, 0xef, 0xb0, 0x0, 0x0, 0x0, 0x0,
    0xe, 0xfb, 0x0, 0x0, 0x0, 0x0, 0x0, 0xef,
    0xc3, 0x32, 0x10, 0x0, 0x0, 0xe, 0xff, 0xff,
    0xff, 0xfd, 0x70, 0x0, 0xef, 0xff, 0xff, 0xff,
    0xff, 0xd1, 0xe, 0xfb, 0x0, 0x1, 0x4b, 0xff,
    0xb0, 0xef, 0xb0, 0x0, 0x0, 0xb, 0xff, 0x1e,
    0xfb, 0x0, 0x0, 0x0, 0x6f, 0xf4, 0xdf, 0xd0,
    0x0, 0x0, 0x8, 0xff, 0x3a, 0xff, 0x20, 0x0,
    0x0, 0xdf, 0xf0, 0x4f, 0xfe, 0x63, 0x35, 0xcf,
    0xf9, 0x0, 0x8f, 0xff, 0xff, 0xff, 0xfc, 0x0,
    0x0, 0x39, 0xdf, 0xfe, 0xb6, 0x0, 0x0,

    /* U+0185 "ƅ" */
    0x1f, 0xf7, 0x0, 0x0, 0x0, 0x0, 0x1, 0xff,
    0x70, 0x0, 0x0, 0x0, 0x0, 0x1f, 0xf7, 0x0,
    0x0, 0x0, 0x0, 0x1, 0xff, 0x70, 0x0, 0x0,
    0x0, 0x0, 0x1f, 0xf7, 0x0, 0x0, 0x0, 0x0,
    0x1, 0xff, 0x72, 0xae, 0xfd, 0x91, 0x0, 0x1f,
    0xf9, 0xff, 0xff, 0xff, 0xe2, 0x1, 0xff, 0xfc,
    0x41, 0x29, 0xff, 0xb0, 0x1f, 0xff, 0x10, 0x0,
    0xa, 0xff, 0x21, 0xff, 0xa0, 0x0, 0x0, 0x4f,
    0xf6, 0x1f, 0xf8, 0x0, 0x0, 0x1, 0xff, 0x81,
    0xff, 0x70, 0x0, 0x0, 0xf, 0xf9, 0xf, 0xf8,
    0x0, 0x0, 0x1, 0xff, 0x80, 0xdf, 0xb0, 0x0,
    0x0, 0x4f, 0xf6, 0x9, 0xff, 0x30, 0x0, 0xa,
    0xff, 0x20, 0x2f, 0xfe, 0x51, 0x29, 0xff, 0xa0,
    0x0, 0x5f, 0xff, 0xff, 0xff, 0xc0, 0x0, 0x0,
    0x29, 0xdf, 0xfc, 0x60, 0x0,

    /* U+0186 "Ɔ" */
    0x4, 0x9c, 0xef, 0xfe, 0xa5, 0x0, 0x0, 0x1f,
    0xff, 0xff, 0xff, 0xff, 0xc1, 0x0, 0x9, 0xd7,
    0x43, 0x47, 0xef, 0xfe, 0x10, 0x0, 0x0, 0x0,
    0x0, 0xb, 0xff, 0xa0, 0x0, 0x0, 0x0, 0x0,
    0x0, 0xdf, 0xf1, 0x0, 0x0, 0x0, 0x0, 0x0,
    0x6f, 0xf6, 0x0, 0x0, 0x0, 0x0, 0x0, 0x2f,
    0xfa, 0x0, 0x0, 0x0, 0x0, 0x0, 0xf, 0xfb,
    0x0, 0x0, 0x0, 0x0, 0x0, 0xe, 0xfc, 0x0,
    0x0, 0x0, 0x0, 0x0, 0xf, 0xfb, 0x0, 0x0,
    0x0, 0x0, 0x0, 0x2f, 0xf9, 0x0, 0x0, 0x0,
    0x0, 0x0, 0x6f, 0xf5, 0x0, 0x0, 0x0, 0x0,
    0x0, 0xef, 0xf0, 0x0, 0x0, 0x0, 0x0, 0xb,
    0xff, 0x70, 0x7, 0xa6, 0x43, 0x48, 0xef, 0xfc,
    0x0, 0x9, 0xff, 0xff, 0xff, 0xff, 0xa0, 0x0,
    0x3, 0x9d, 0xff, 0xfd, 0xa4, 0x0, 0x0,

    /* U+0187 "Ƈ" */
    0x0, 0x0, 0x0, 0x0, 0x0, 0x0, 0x6d, 0xf9,
    0x0, 0x0, 0x0, 0x0, 0x0, 0x4, 0xff, 0xfc,
    0x0, 0x0, 0x0, 0x0, 0x0, 0x9, 0xfb, 0x23,
    0x0, 0x0, 0x0, 0x0, 0x0, 0xb, 0xf6, 0x0,
    0x0, 0x0, 0x18, 0xce, 0xff, 0xde, 0xf6, 0x0,
    0x0, 0x6, 0xff, 0xff, 0xff, 0xff, 0xf2, 0x0,
    0x0, 0x7f, 0xff, 0x95, 0x44, 0x8d, 0xb0, 0x0,
    0x3, 0xff, 0xe2, 0x0, 0x0, 0x0, 0x0, 0x0,
    0xc, 0xff, 0x30, 0x0, 0x0, 0x0, 0x0, 0x0,
    0x1f, 0xfb, 0x0, 0x0, 0x0, 0x0, 0x0, 0x0,
    0x5f, 0xf6, 0x0, 0x0, 0x0, 0x0, 0x0, 0x0,
    0x7f, 0xf3, 0x0, 0x0, 0x0, 0x0, 0x0, 0x0,
    0x8f, 0xf2, 0x0, 0x0, 0x0, 0x0, 0x0, 0x0,
    0x7f, 0xf3, 0x0, 0x0, 0x0, 0x0, 0x0, 0x0,
    0x6f, 0xf6, 0x0, 0x0, 0x0, 0x0, 0x0, 0x0,
    0x2f, 0xfa, 0x0, 0x0, 0x0, 0x0, 0x0, 0x0,
    0xd, 0xff, 0x20, 0x0, 0x0, 0x0, 0x0, 0x0,
    0x6, 0xff, 0xd1, 0x0, 0x0, 0x0, 0x0, 0x0,
    0x0, 0xbf, 0xff, 0x85, 0x34, 0x69, 0xa0, 0x0,
    0x0, 0xa, 0xff, 0xff, 0xff, 0xff, 0xc0, 0x0,
    0x0, 0x0, 0x4a, 0xdf, 0xff, 0xd9, 0x40, 0x0,

    /* U+0188 "ƈ" */
    0x0, 0x0, 0x0, 0x0, 0x2b, 0xfe, 0x40, 0x0,
    0x0, 0x0, 0xc, 0xff, 0xf5, 0x0, 0x0, 0x0,
    0x1, 0xff, 0x53, 0x10, 0x0, 0x0, 0x0, 0x2f,
    0xf0, 0x0, 0x0, 0x0, 0x0, 0x3, 0xff, 0x0,
    0x0, 0x0, 0x6c, 0xef, 0xef, 0xf0, 0x0, 0x1,
    0xcf, 0xff, 0xff, 0xfa, 0x0, 0x0, 0xbf, 0xfa,
    0x43, 0x49, 0x40, 0x0, 0x3f, 0xf9, 0x0, 0x0,
    0x0, 0x0, 0x8, 0xff, 0x20, 0x0, 0x0, 0x0,
    0x0, 0xaf, 0xf0, 0x0, 0x0, 0x0, 0x0, 0xb,
    0xfe, 0x0, 0x0, 0x0, 0x0, 0x0, 0xaf, 0xf0,
    0x0, 0x0, 0x0, 0x0, 0x8, 0xff, 0x20, 0x0,
    0x0, 0x0, 0x0, 0x4f, 0xf9, 0x0, 0x0, 0x0,
    0x0, 0x0, 0xcf, 0xf9, 0x32, 0x47, 0x90, 0x0,
    0x2, 0xdf, 0xff, 0xff, 0xfb, 0x0, 0x0, 0x0,
    0x7c, 0xef, 0xeb, 0x40, 0x0,

    /* U+0189 "Ɖ" */
    0x0, 0xaf, 0xff, 0xff, 0xed, 0x94, 0x0, 0x0,
    0x0, 0xa, 0xff, 0xff, 0xff, 0xff, 0xfc, 0x20,
    0x0, 0x0, 0xaf, 0xf2, 0x22, 0x36, 0xcf, 0xff,
    0x20, 0x0, 0xa, 0xff, 0x0, 0x0, 0x0, 0x7f,
    0xfd, 0x0, 0x0, 0xaf, 0xf0, 0x0, 0x0, 0x0,
    0x9f, 0xf6, 0x0, 0xa, 0xff, 0x0, 0x0, 0x0,
    0x1, 0xff, 0xc0, 0x0, 0xaf, 0xf0, 0x0, 0x0,
    0x0, 0xc, 0xff, 0x1, 0x3b, 0xff, 0x33, 0x32,
    0x0, 0x0, 0xaf, 0xf1, 0x5f, 0xff, 0xff, 0xff,
    0xe0, 0x0, 0xa, 0xff, 0x15, 0xff, 0xff, 0xff,
    0xfe, 0x0, 0x0, 0xaf, 0xf0, 0x0, 0xaf, 0xf0,
    0x0, 0x0, 0x0, 0xd, 0xfe, 0x0, 0xa, 0xff,
    0x0, 0x0, 0x0, 0x2, 0xff, 0xa0, 0x0, 0xaf,
    0xf0, 0x0, 0x0, 0x0, 0xaf, 0xf5, 0x0, 0xa,
    0xff, 0x0, 0x0, 0x0, 0x9f, 0xfc, 0x0, 0x0,
    0xaf, 0xf2, 0x23, 0x48, 0xef, 0xfe, 0x10, 0x0,
    0xa, 0xff, 0xff, 0xff, 0xff, 0xfb, 0x10, 0x0,
    0x0, 0xaf, 0xff, 0xff, 0xec, 0x82, 0x0, 0x0,
    0x0,

    /* U+018A "Ɗ" */
    0x6, 0xdf, 0xff, 0xff, 0xff, 0xed, 0xa5, 0x0,
    0x0, 0x5, 0xff, 0xff, 0xff, 0xff, 0xff, 0xff,
    0xfe, 0x40, 0x0, 0xaf, 0xc3, 0x9f, 0xf3, 0x22,
    0x36, 0xbf, 0xff, 0x50, 0xb, 0xf7, 0x8, 0xff,
    0x10, 0x0, 0x0, 0x4e, 0xff, 0x20, 0x59, 0x50,
    0x8f, 0xf1, 0x0, 0x0, 0x0, 0x5f, 0xfa, 0x0,
    0x0, 0x8, 0xff, 0x10, 0x0, 0x0, 0x0, 0xdf,
    0xf0, 0x0, 0x0, 0x8f, 0xf1, 0x0, 0x0, 0x0,
    0x9, 0xff, 0x30, 0x0, 0x8, 0xff, 0x10, 0x0,
    0x0, 0x0, 0x6f, 0xf5, 0x0, 0x0, 0x8f, 0xf1,
    0x0, 0x0, 0x0, 0x6, 0xff, 0x50, 0x0, 0x8,
    0xff, 0x10, 0x0, 0x0, 0x0, 0x7f, 0xf4, 0x0,
    0x0, 0x8f, 0xf1, 0x0, 0x0, 0x0, 0x9, 0xff,
    0x30, 0x0, 0x8, 0xff, 0x10, 0x0, 0x0, 0x0,
    0xef, 0xe0, 0x0, 0x0, 0x8f, 0xf1, 0x0, 0x0,
    0x0, 0x7f, 0xf9, 0x0, 0x0, 0x8, 0xff, 0x10,
    0x0, 0x0, 0x6f, 0xff, 0x10, 0x0, 0x0, 0x8f,
    0xf3, 0x23, 0x47, 0xcf, 0xff, 0x40, 0x0, 0x0,
    0x8, 0xff, 0xff, 0xff, 0xff, 0xfd, 0x30, 0x0,
    0x0, 0x0, 0x8f, 0xff, 0xff, 0xed, 0x94, 0x0,
    0x0, 0x0,

    /* U+018B "Ƌ" */
    0xb, 0xff, 0xff, 0xff, 0xff, 0xfa, 0xb, 0xff,
    0xff, 0xff, 0xff, 0xfa, 0x2, 0x33, 0x33, 0x33,
    0x3f, 0xfa, 0x0, 0x0, 0x0, 0x0, 0xf, 0xfa,
    0x0, 0x0, 0x0, 0x0, 0xf, 0xfa, 0x0, 0x0,
    0x0, 0x0, 0xf, 0xfa, 0x0, 0x0, 0x0, 0x0,
    0xf, 0xfa, 0x0, 0x7, 0xbe, 0xff, 0xff, 0xfa,
    0x3, 0xef, 0xff, 0xff, 0xff, 0xfa, 0x1e, 0xff,
    0x95, 0x32, 0x2f, 0xfa, 0x8f, 0xf4, 0x0, 0x0,
    0xf, 0xfa, 0xbf, 0xe0, 0x0, 0x0, 0xf, 0xfa,
    0xcf, 0xe0, 0x0, 0x0, 0xf, 0xfa, 0xaf, 0xf4,
    0x0, 0x0, 0xf, 0xfa, 0x4f, 0xff, 0x84, 0x22,
    0x2f, 0xfa, 0x7, 0xff, 0xff, 0xff, 0xff, 0xfa,
    0x0, 0x39, 0xdf, 0xff, 0xff, 0xfa,

    /* U+018C "ƌ" */
    0x7, 0xff, 0xff, 0xff, 0xff, 0xfe, 0x7, 0xff,
    0xff, 0xff, 0xff, 0xfe, 0x0, 0x11, 0x11, 0x11,
    0x1a, 0xfe, 0x0, 0x0, 0x0, 0x0, 0xa, 0xfe,
    0x0, 0x0, 0x0, 0x0, 0xa, 0xfe, 0x0, 0x19,
    0xef, 0xe9, 0x19, 0xfe, 0x2, 0xef, 0xff, 0xff,
    0xea, 0xfe, 0xd, 0xff, 0x82, 0x15, 0xef, 0xfe,
    0x4f, 0xf9, 0x0, 0x0, 0x3f, 0xfe, 0x8f, 0xf2,
    0x0, 0x0, 0xd, 0xfe, 0xbf, 0xf0, 0x0, 0x0,
    0xa, 0xfe, 0xbf, 0xe0, 0x0, 0x0, 0x9, 0xfe,
    0xbf, 0xf0, 0x0, 0x0, 0x9, 0xfe, 0x9f, 0xf2,
    0x0, 0x0, 0xb, 0xfe, 0x5f, 0xf8, 0x0, 0x0,
    0x1f, 0xfe, 0xd, 0xff, 0x71, 0x14, 0xdf, 0xfe,
    0x3, 0xff, 0xff, 0xff, 0xd8, 0xfe, 0x0, 0x2a,
    0xef, 0xe9, 0x13, 0xfe,

    /* U+018D "ƍ" */
    0x0, 0x4, 0xae, 0xfe, 0xb5, 0x0, 0x0, 0x9,
    0xff, 0xff, 0xff, 0xfb, 0x0, 0x7, 0xff, 0xb3,
    0x2, 0xaf, 0xfa, 0x0, 0xef, 0xd0, 0x0, 0x0,
    0xbf, 0xf2, 0x3f, 0xf5, 0x0, 0x0, 0x3, 0xff,
    0x75, 0xff, 0x30, 0x0, 0x0, 0xf, 0xf9, 0x5f,
    0xf3, 0x0, 0x0, 0x0, 0xff, 0x93, 0xff, 0x60,
    0x0, 0x0, 0x3f, 0xf6, 0xe, 0xfd, 0x0, 0x0,
    0xa, 0xff, 0x10, 0x5f, 0xfa, 0x0, 0x8, 0xff,
    0x70, 0x0, 0x8f, 0xfd, 0x7d, 0xff, 0x70, 0x0,
    0x0, 0x6f, 0xff, 0xfc, 0x20, 0x0, 0x0, 0x0,
    0x1a, 0xff, 0xf5, 0x0, 0x0, 0x0, 0x0, 0x3,
    0xef, 0xf2, 0x0, 0x0, 0x0, 0x0, 0x2, 0xff,
    0x80, 0x0, 0x3, 0x0, 0x0, 0xe, 0xf9, 0x0,
    0x5, 0xfa, 0x20, 0x7, 0xff, 0x50, 0x0, 0x9f,
    0xff, 0xff, 0xff, 0xb0, 0x0, 0x0, 0x4a, 0xef,
    0xfc, 0x60, 0x0, 0x0,

    /* U+018E "Ǝ" */
    0x9f, 0xff, 0xff, 0xff, 0xff, 0x19, 0xff, 0xff,
    0xff, 0xff, 0xf1, 0x12, 0x22, 0x22, 0x29, 0xff,
    0x10, 0x0, 0x0, 0x0, 0x8f, 0xf1, 0x0, 0x0,
    0x0, 0x8, 0xff, 0x10, 0x0, 0x0, 0x0, 0x8f,
    0xf1, 0x0, 0x0, 0x0, 0x8, 0xff, 0x12, 0xff,
    0xff, 0xff, 0xff, 0xf1, 0x2f, 0xff, 0xff, 0xff,
    0xff, 0x10, 0x22, 0x22, 0x22, 0x9f, 0xf1, 0x0,
    0x0, 0x0, 0x8, 0xff, 0x10, 0x0, 0x0, 0x0,
    0x8f, 0xf1, 0x0, 0x0, 0x0, 0x8, 0xff, 0x10,
    0x0, 0x0, 0x0, 0x8f, 0xf1, 0x13, 0x33, 0x33,
    0x39, 0xff, 0x19, 0xff, 0xff, 0xff, 0xff, 0xf1,
    0x9f, 0xff, 0xff, 0xff, 0xff, 0x10,

    /* U+018F "Ə" */
    0x0, 0x27, 0xbe, 0xff, 0xfd, 0x93, 0x0, 0x0,
    0x5, 0xff, 0xff, 0xff, 0xff, 0xff, 0x90, 0x0,
    0x6, 0xfb, 0x75, 0x43, 0x47, 0xcf, 0xfc, 0x0,
    0x1, 0x0, 0x0, 0x0, 0x0, 0x7, 0xff, 0x70,
    0x0, 0x0, 0x0, 0x0, 0x0, 0x0, 0xaf, 0xf0,
    0x0, 0x0, 0x0, 0x0, 0x0, 0x0, 0x3f, 0xf5,
    0x0, 0x0, 0x0, 0x0, 0x0, 0x0, 0xf, 0xf9,
    0x6f, 0xff, 0xff, 0xff, 0xff, 0xff, 0xff, 0xfb,
    0x6f, 0xff, 0xff, 0xff, 0xff, 0xff, 0xff, 0xfc,
    0x5f, 0xf7, 0x33, 0x33, 0x33, 0x33, 0x3f, 0xfb,
    0x3f, 0xf6, 0x0, 0x0, 0x0, 0x0, 0x1f, 0xfa,
    0xf, 0xf9, 0x0, 0x0, 0x0, 0x0, 0x5f, 0xf6,
    0xb, 0xfe, 0x0, 0x0, 0x0, 0x0, 0xdf, 0xf1,
    0x4, 0xff, 0x80, 0x0, 0x0, 0xa, 0xff, 0x90,
    0x0, 0xaf, 0xfb, 0x53, 0x36, 0xdf, 0xfd, 0x0,
    0x0, 0xa, 0xff, 0xff, 0xff, 0xff, 0xc1, 0x0,
    0x0, 0x0, 0x5a, 0xef, 0xfe, 0xa5, 0x0, 0x0,

    /* U+0190 "Ɛ" */
    0x0, 0x7, 0xce, 0xfe, 0xd9, 0x40, 0x0, 0x1d,
    0xff, 0xff, 0xff, 0xff, 0xc2, 0xa, 0xff, 0xb4,
    0x22, 0x49, 0xfe, 0x10, 0xff, 0xc0, 0x0, 0x0,
    0x1, 0x20, 0xf, 0xf9, 0x0, 0x0, 0x0, 0x0,
    0x0, 0xcf, 0xd0, 0x0, 0x0, 0x0, 0x0, 0x3,
    0xef, 0xd5, 0x20, 0x0, 0x0, 0x0, 0x1, 0x8d,
    0xff, 0xff, 0xf6, 0x0, 0x0, 0x6b, 0xff, 0xff,
    0xff, 0x60, 0x0, 0xbf, 0xfb, 0x53, 0x11, 0x10,
    0x0, 0x7f, 0xf6, 0x0, 0x0, 0x0, 0x0, 0xb,
    0xfe, 0x0, 0x0, 0x0, 0x0, 0x0, 0xbf, 0xe0,
    0x0, 0x0, 0x0, 0x0, 0x9, 0xff, 0x50, 0x0,
    0x0, 0x0, 0x1, 0x2f, 0xff, 0x94, 0x11, 0x24,
    0x8d, 0x80, 0x5f, 0xff, 0xff, 0xff, 0xff, 0xf8,
    0x0, 0x17, 0xce, 0xff, 0xed, 0xa5, 0x0,

    /* U+0191 "Ƒ" */
    0x0, 0x0, 0x2, 0xff, 0xff, 0xff, 0xff, 0xf0,
    0x0, 0x0, 0x2, 0xff, 0xff, 0xff, 0xff, 0xf0,
    0x0, 0x0, 0x2, 0xff, 0x82, 0x22, 0x22, 0x20,
    0x0, 0x0, 0x2, 0xff, 0x70, 0x0, 0x0, 0x0,
    0x0, 0x0, 0x2, 0xff, 0x70, 0x0, 0x0, 0x0,
    0x0, 0x0, 0x2, 0xff, 0x70, 0x0, 0x0, 0x0,
    0x0, 0x0, 0x2, 0xff, 0x70, 0x0, 0x0, 0x0,
    0x0, 0x0, 0x2, 0xff, 0xff, 0xff, 0xff, 0x90,
    0x0, 0x0, 0x2, 0xff, 0xff, 0xff, 0xff, 0x90,
    0x0, 0x0, 0x2, 0xff, 0x83, 0x33, 0x33, 0x10,
    0x0, 0x0, 0x2, 0xff, 0x70, 0x0, 0x0, 0x0,
    0x0, 0x0, 0x2, 0xff, 0x70, 0x0, 0x0, 0x0,
    0x0, 0x0, 0x2, 0xff, 0x70, 0x0, 0x0, 0x0,
    0x0, 0x0, 0x2, 0xff, 0x70, 0x0, 0x0, 0x0,
    0x0, 0x0, 0x2, 0xff, 0x70, 0x0, 0x0, 0x0,
    0x0, 0x0, 0x2, 0xff, 0x70, 0x0, 0x0, 0x0,
    0x0, 0x0, 0x2, 0xff, 0x70, 0x0, 0x0, 0x0,
    0x0, 0x0, 0x2, 0xff, 0x70, 0x0, 0x0, 0x0,
    0x4f, 0xa0, 0x2, 0xff, 0x60, 0x0, 0x0, 0x0,
    0x5f, 0xf0, 0x4, 0xff, 0x50, 0x0, 0x0, 0x0,
    0x3f, 0xf6, 0x2c, 0xff, 0x20, 0x0, 0x0, 0x0,
    0xc, 0xff, 0xff, 0xf9, 0x0, 0x0, 0x0, 0x0,
    0x1, 0x9e, 0xfd, 0x70, 0x0, 0x0, 0x0, 0x0,

    /* U+0192 "ƒ" */
    0x0, 0x0, 0x0, 0x6, 0xce, 0xfd, 0x60, 0x0,
    0x0, 0x9, 0xff, 0xff, 0xf5, 0x0, 0x0, 0x1,
    0xff, 0xc2, 0x13, 0x0, 0x0, 0x0, 0x4f, 0xf5,
    0x0, 0x0, 0x0, 0x0, 0x5, 0xff, 0x30, 0x0,
    0x0, 0x0, 0x29, 0xff, 0xff, 0xff, 0x60, 0x0,
    0x7, 0xef, 0xff, 0xfe, 0xe6, 0x0, 0x0, 0x0,
    0x5f, 0xf3, 0x0, 0x0, 0x0, 0x0, 0x5, 0xff,
    0x30, 0x0, 0x0, 0x0, 0x0, 0x5f, 0xf3, 0x0,
    0x0, 0x0, 0x0, 0x5, 0xff, 0x30, 0x0, 0x0,
    0x0, 0x0, 0x5f, 0xf3, 0x0, 0x0, 0x0, 0x0,
    0x5, 0xff, 0x30, 0x0, 0x0, 0x0, 0x0, 0x5f,
    0xf3, 0x0, 0x0, 0x0, 0x0, 0x5, 0xff, 0x30,
    0x0, 0x0, 0x0, 0x0, 0x5f, 0xf3, 0x0, 0x0,
    0x0, 0x0, 0x5, 0xff, 0x30, 0x0, 0x0, 0x0,
    0x0, 0x5f, 0xf3, 0x0, 0x0, 0x0, 0x0, 0x5,
    0xff, 0x30, 0x0, 0x0, 0x95, 0x0, 0x5f, 0xf3,
    0x0, 0x0, 0x2f, 0xf1, 0x5, 0xff, 0x20, 0x0,
    0x0, 0xff, 0x60, 0xbf, 0xf0, 0x0, 0x0, 0x9,
    0xff, 0xff, 0xf7, 0x0, 0x0, 0x0, 0x7, 0xdf,
    0xe8, 0x0, 0x0, 0x0,

    /* U+0193 "Ɠ" */
    0x0, 0x0, 0x0, 0x0, 0x0, 0x0, 0x5, 0xdf,
    0xb0, 0x0, 0x0, 0x0, 0x0, 0x0, 0x2, 0xff,
    0xfd, 0x0, 0x0, 0x0, 0x0, 0x0, 0x0, 0x8f,
    0xc2, 0x40, 0x0, 0x0, 0x0, 0x0, 0x0, 0xa,
    0xf8, 0x0, 0x0, 0x0, 0x5, 0xad, 0xff, 0xec,
    0xef, 0x70, 0x0, 0x0, 0x3d, 0xff, 0xff, 0xff,
    0xff, 0xf4, 0x0, 0x0, 0x5f, 0xff, 0xc7, 0x44,
    0x58, 0xdc, 0x0, 0x0, 0x2f, 0xff, 0x50, 0x0,
    0x0, 0x0, 0x0, 0x0, 0xb, 0xff, 0x50, 0x0,
    0x0, 0x0, 0x0, 0x0, 0x2, 0xff, 0xc0, 0x0,
    0x0, 0x0, 0x0, 0x0, 0x0, 0x5f, 0xf6, 0x0,
    0x0, 0x0, 0x0, 0x0, 0x0, 0x8, 0xff, 0x30,
    0x0, 0x1, 0x44, 0x44, 0x42, 0x0, 0x8f, 0xf3,
    0x0, 0x0, 0x7f, 0xff, 0xff, 0xa0, 0x7, 0xff,
    0x40, 0x0, 0x7, 0xff, 0xff, 0xfa, 0x0, 0x6f,
    0xf6, 0x0, 0x0, 0x0, 0x0, 0xff, 0xa0, 0x2,
    0xff, 0xa0, 0x0, 0x0, 0x0, 0xf, 0xfa, 0x0,
    0xd, 0xff, 0x30, 0x0, 0x0, 0x0, 0xff, 0xa0,
    0x0, 0x5f, 0xfe, 0x20, 0x0, 0x0, 0xf, 0xfa,
    0x0, 0x0, 0xaf, 0xff, 0xa5, 0x43, 0x47, 0xff,
    0xa0, 0x0, 0x0, 0x8f, 0xff, 0xff, 0xff, 0xff,
    0xfa, 0x0, 0x0, 0x0, 0x28, 0xce, 0xff, 0xec,
    0x95, 0x10, 0x0,

    /* U+0194 "Ɣ" */
    0xcf, 0xd0, 0x0, 0x0, 0x0, 0xa, 0xff, 0x16,
    0xff, 0x40, 0x0, 0x0, 0x1, 0xff, 0xa0, 0xf,
    0xfa, 0x0, 0x0, 0x0, 0x6f, 0xf3, 0x0, 0x9f,
    0xf0, 0x0, 0x0, 0xc, 0xfd, 0x0, 0x3, 0xff,
    0x60, 0x0, 0x3, 0xff, 0x70, 0x0, 0xd, 0xfc,
    0x0, 0x0, 0x9f, 0xf1, 0x0, 0x0, 0x7f, 0xf2,
    0x0, 0xe, 0xfa, 0x0, 0x0, 0x1, 0xff, 0x80,
    0x5, 0xff, 0x30, 0x0, 0x0, 0xa, 0xfe, 0x0,
    0xbf, 0xd0, 0x0, 0x0, 0x0, 0x4f, 0xf3, 0x1f,
    0xf6, 0x0, 0x0, 0x0, 0x0, 0xdf, 0x97, 0xff,
    0x10, 0x0, 0x0, 0x0, 0x7, 0xfd, 0xbf, 0xa0,
    0x0, 0x0, 0x0, 0x0, 0x1f, 0xff, 0xf3, 0x0,
    0x0, 0x0, 0x0, 0x0, 0xaf, 0xfd, 0x0, 0x0,
    0x0, 0x0, 0x0, 0x6, 0xff, 0x80, 0x0, 0x0,
    0x0, 0x0, 0x0, 0xbf, 0xfd, 0x0, 0x0, 0x0,
    0x0, 0x0, 0x1f, 0xff, 0xf4, 0x0, 0x0, 0x0,
    0x0, 0x7, 0xfc, 0x9f, 0xa0, 0x0, 0x0, 0x0,
    0x0, 0xbf, 0x64, 0xfe, 0x0, 0x0, 0x0, 0x0,
    0xd, 0xf4, 0x2f, 0xf0, 0x0, 0x0, 0x0, 0x0,
    0xcf, 0x64, 0xff, 0x0, 0x0, 0x0, 0x0, 0x6,
    0xff, 0xff, 0x90, 0x0, 0x0, 0x0, 0x0, 0x8,
    0xee, 0x90, 0x0, 0x0, 0x0,

    /* U+0195 "ƕ" */
    0xf, 0xf9, 0x0, 0x0, 0x0, 0x0, 0x0, 0x0,
    0x0, 0x0, 0xf, 0xf9, 0x0, 0x0, 0x0, 0x0,
    0x0, 0x0, 0x0, 0x0, 0xf, 0xf9, 0x0, 0x0,
    0x0, 0x0, 0x0, 0x0, 0x0, 0x0, 0xf, 0xf9,
    0x0, 0x0, 0x0, 0x0, 0x0, 0x0, 0x0, 0x0,
    0xf, 0xf8, 0x0, 0x0, 0x0, 0x0, 0x0, 0x0,
    0x0, 0x0, 0xf, 0xf8, 0x2a, 0xef, 0xd9, 0x10,
    0x0, 0x0, 0xb, 0xfe, 0xf, 0xf9, 0xef, 0xff,
    0xff, 0xd0, 0x0, 0x0, 0xb, 0xfe, 0xf, 0xff,
    0xd4, 0x13, 0xcf, 0xf6, 0x0, 0x0, 0xb, 0xfe,
    0xf, 0xff, 0x20, 0x0, 0x1f, 0xfa, 0x0, 0x0,
    0xb, 0xfe, 0xf, 0xfc, 0x0, 0x0, 0xe, 0xfb,
    0x0, 0x0, 0xb, 0xfe, 0xf, 0xfa, 0x0, 0x0,
    0xd, 0xfb, 0x0, 0x0, 0xb, 0xfe, 0xf, 0xf9,
    0x0, 0x0, 0xd, 0xfb, 0x0, 0x0, 0xb, 0xfe,
    0xf, 0xf9, 0x0, 0x0, 0xd, 0xfb, 0x0, 0x0,
    0xb, 0xfe, 0xf, 0xf9, 0x0, 0x0, 0xd, 0xfc,
    0x0, 0x0, 0xc, 0xfd, 0xf, 0xf9, 0x0, 0x0,
    0xb, 0xff, 0x10, 0x0, 0x1f, 0xfb, 0xf, 0xf9,
    0x0, 0x0, 0x7, 0xff, 0xc4, 0x24, 0xcf, 0xf6,
    0xf, 0xf9, 0x0, 0x0, 0x0, 0xcf, 0xff, 0xff,
    0xff, 0xb0, 0xf, 0xf9, 0x0, 0x0, 0x0, 0x7,
    0xcf, 0xff, 0xc6, 0x0,

    /* U+0196 "Ɩ" */
    0xdf, 0xc0, 0x0, 0xd, 0xfc, 0x0, 0x0, 0xdf,
    0xc0, 0x0, 0xd, 0xfc, 0x0, 0x0, 0xdf, 0xc0,
    0x0, 0xd, 0xfc, 0x0, 0x0, 0xdf, 0xc0, 0x0,
    0xd, 0xfc, 0x0, 0x0, 0xdf, 0xc0, 0x0, 0xd,
    0xfc, 0x0, 0x0, 0xdf, 0xc0, 0x0, 0xd, 0xfc,
    0x0, 0x0, 0xdf, 0xc0, 0x0, 0xc, 0xfe, 0x0,
    0x0, 0xaf, 0xf9, 0x44, 0x34, 0xff, 0xff, 0xf8,
    0x5, 0xcf, 0xfd, 0x50,

    /* U+0197 "Ɨ" */
    0x1f, 0xff, 0xff, 0xf9, 0x9, 0xef, 0xff, 0xc5,
    0x0, 0x1f, 0xf9, 0x0, 0x0, 0x1f, 0xf9, 0x0,
    0x0, 0x1f, 0xf9, 0x0, 0x0, 0x1f, 0xf9, 0x0,
    0x0, 0x1f, 0xf9, 0x0, 0x3f, 0xff, 0xff, 0xfb,
    0x3f, 0xff, 0xff, 0xfb, 0x3, 0x4f, 0xfa, 0x32,
    0x0, 0x1f, 0xf9, 0x0, 0x0, 0x1f, 0xf9, 0x0,
    0x0, 0x1f, 0xf9, 0x0, 0x0, 0x1f, 0xf9, 0x0,
    0x0, 0x2f, 0xf9, 0x0, 0xb, 0xff, 0xff, 0xd6,
    0x1f, 0xff, 0xff, 0xf9,

    /* U+0198 "Ƙ" */
    0xbf, 0xe0, 0x0, 0x0, 0x5, 0xdf, 0xb0, 0xbf,
    0xe0, 0x0, 0x0, 0x6f, 0xff, 0xd0, 0xbf, 0xe0,
    0x0, 0x4, 0xff, 0xb3, 0x20, 0xbf, 0xe0, 0x0,
    0x2f, 0xfc, 0x0, 0x0, 0xbf, 0xe0, 0x0, 0xdf,
    0xe1, 0x0, 0x0, 0xbf, 0xe0, 0xb, 0xff, 0x20,
    0x0, 0x0, 0xbf, 0xe0, 0x8f, 0xf4, 0x0, 0x0,
    0x0, 0xbf, 0xe5, 0xff, 0xa0, 0x0, 0x0, 0x0,
    0xbf, 0xff, 0xff, 0xf2, 0x0, 0x0, 0x0, 0xbf,
    0xff, 0x7f, 0xfd, 0x0, 0x0, 0x0, 0xbf, 0xf4,
    0x6, 0xff, 0x90, 0x0, 0x0, 0xbf, 0xe0, 0x0,
    0xbf, 0xf4, 0x0, 0x0, 0xbf, 0xe0, 0x0, 0x1e,
    0xfe, 0x10, 0x0, 0xbf, 0xe0, 0x0, 0x4, 0xff,
    0xb0, 0x0, 0xbf, 0xe0, 0x0, 0x0, 0x9f, 0xf6,
    0x0, 0xbf, 0xe0, 0x0, 0x0, 0xd, 0xff, 0x20,
    0xbf, 0xe0, 0x0, 0x0, 0x3, 0xff, 0xc0,

    /* U+0199 "ƙ" */
    0x0, 0x9e, 0xfb, 0x0, 0x0, 0x0, 0x0, 0x8f,
    0xff, 0xe0, 0x0, 0x0, 0x0, 0xe, 0xfc, 0x23,
    0x0, 0x0, 0x0, 0x0, 0xff, 0x80, 0x0, 0x0,
    0x0, 0x0, 0xf, 0xf8, 0x0, 0x0, 0x0, 0x0,
    0x0, 0xff, 0x80, 0x0, 0x8, 0xff, 0x70, 0xf,
    0xf8, 0x0, 0x7, 0xff, 0x80, 0x0, 0xff, 0x80,
    0x6, 0xff, 0x90, 0x0, 0xf, 0xf8, 0x5, 0xff,
    0xa0, 0x0, 0x0, 0xff, 0x84, 0xff, 0xb0, 0x0,
    0x0, 0xf, 0xf9, 0xef, 0xe0, 0x0, 0x0, 0x0,
    0xff, 0xff, 0xff, 0x60, 0x0, 0x0, 0xf, 0xff,
    0x9c, 0xff, 0x20, 0x0, 0x0, 0xff, 0x90, 0x2f,
    0xfd, 0x0, 0x0, 0xf, 0xf8, 0x0, 0x5f, 0xfa,
    0x0, 0x0, 0xff, 0x80, 0x0, 0x9f, 0xf6, 0x0,
    0xf, 0xf8, 0x0, 0x0, 0xdf, 0xf2, 0x0, 0xff,
    0x80, 0x0, 0x2, 0xff, 0xd0,

    /* U+019A "ƚ" */
    0x0, 0xff, 0x90, 0x0, 0xf, 0xf9, 0x0, 0x0,
    0xff, 0x90, 0x0, 0xf, 0xf9, 0x0, 0x0, 0xff,
    0x90, 0x0, 0xf, 0xf9, 0x0, 0x0, 0xff, 0x90,
    0x0, 0xf, 0xf9, 0x0, 0xaf, 0xff, 0xff, 0x69,
    0xef, 0xff, 0xe5, 0x0, 0xff, 0x90, 0x0, 0xf,
    0xf9, 0x0, 0x0, 0xff, 0x90, 0x0, 0xf, 0xf9,
    0x0, 0x0, 0xff, 0x90, 0x0, 0xf, 0xf9, 0x0,
    0x0, 0xff, 0x90, 0x0, 0xf, 0xf9, 0x0,

    /* U+019B "ƛ" */
    0x0, 0xbf, 0xeb, 0x30, 0x0, 0x0, 0x0, 0x0,
    0xd, 0xff, 0xff, 0x21, 0x51, 0x0, 0x0, 0x0,
    0x21, 0x4f, 0xff, 0xff, 0x70, 0x0, 0x0, 0x0,
    0x8d, 0xff, 0xfc, 0x61, 0x0, 0x0, 0x0, 0xb,
    0xd9, 0xff, 0x90, 0x0, 0x0, 0x0, 0x0, 0x0,
    0xa, 0xfe, 0x0, 0x0, 0x0, 0x0, 0x0, 0x0,
    0xef, 0xf5, 0x0, 0x0, 0x0, 0x0, 0x0, 0x5f,
    0xff, 0xb0, 0x0, 0x0, 0x0, 0x0, 0xc, 0xfc,
    0xff, 0x10, 0x0, 0x0, 0x0, 0x4, 0xff, 0x3f,
    0xf7, 0x0, 0x0, 0x0, 0x0, 0xbf, 0xc0, 0xbf,
    0xd0, 0x0, 0x0, 0x0, 0x2f, 0xf6, 0x5, 0xff,
    0x30, 0x0, 0x0, 0x9, 0xfe, 0x0, 0xe, 0xf9,
    0x0, 0x0, 0x1, 0xff, 0x80, 0x0, 0x9f, 0xe0,
    0x0, 0x0, 0x8f, 0xf1, 0x0, 0x3, 0xff, 0x50,
    0x0, 0xe, 0xfa, 0x0, 0x0, 0xd, 0xfd, 0x10,
    0x6, 0xff, 0x30, 0x0, 0x0, 0x7f, 0xff, 0x70,
    0xdf, 0xc0, 0x0, 0x0, 0x0, 0x9f, 0xf6,

    /* U+019C "Ɯ" */
    0xdf, 0xb0, 0x0, 0x0, 0xf, 0xf9, 0x0, 0x0,
    0x2, 0xff, 0x7d, 0xfb, 0x0, 0x0, 0x0, 0xff,
    0x90, 0x0, 0x0, 0x2f, 0xf7, 0xdf, 0xb0, 0x0,
    0x0, 0xf, 0xf9, 0x0, 0x0, 0x2, 0xff, 0x7d,
    0xfb, 0x0, 0x0, 0x0, 0xff, 0x90, 0x0, 0x0,
    0x2f, 0xf7, 0xdf, 0xb0, 0x0, 0x0, 0xf, 0xf9,
    0x0, 0x0, 0x2, 0xff, 0x7d, 0xfb, 0x0, 0x0,
    0x0, 0xff, 0x90, 0x0, 0x0, 0x2f, 0xf7, 0xdf,
    0xb0, 0x0, 0x0, 0xf, 0xf9, 0x0, 0x0, 0x2,
    0xff, 0x7d, 0xfb, 0x0, 0x0, 0x0, 0xff, 0x90,
    0x0, 0x0, 0x2f, 0xf7, 0xdf, 0xb0, 0x0, 0x0,
    0xf, 0xf9, 0x0, 0x0, 0x2, 0xff, 0x7d, 0xfb,
    0x0, 0x0, 0x0, 0xff, 0x90, 0x0, 0x0, 0x2f,
    0xf7, 0xdf, 0xb0, 0x0, 0x0, 0xf, 0xf9, 0x0,
    0x0, 0x2, 0xff, 0x7d, 0xfb, 0x0, 0x0, 0x2,
    0xff, 0x90, 0x0, 0x0, 0x3f, 0xf7, 0xdf, 0xd0,
    0x0, 0x0, 0x5f, 0xfa, 0x0, 0x0, 0x7, 0xff,
    0x7b, 0xff, 0x10, 0x0, 0xc, 0xff, 0xe0, 0x0,
    0x0, 0xdf, 0xf7, 0x7f, 0xfd, 0x53, 0x4b, 0xfe,
    0xff, 0xc4, 0x35, 0xcf, 0xff, 0x70, 0xdf, 0xff,
    0xff, 0xfb, 0x1e, 0xff, 0xff, 0xff, 0x5d, 0xf7,
    0x1, 0x8d, 0xff, 0xc6, 0x0, 0x19, 0xef, 0xea,
    0x30, 0xaf, 0x70,

    /* U+019D "Ɲ" */
    0x0, 0xb, 0xff, 0xb0, 0x0, 0x0, 0x0, 0x1f,
    0xf5, 0x0, 0xb, 0xff, 0xf5, 0x0, 0x0, 0x0,
    0x1f, 0xf5, 0x0, 0xb, 0xff, 0xfe, 0x10, 0x0,
    0x0, 0x1f, 0xf5, 0x0, 0xb, 0xfc, 0xff, 0xa0,
    0x0, 0x0, 0x1f, 0xf5, 0x0, 0xb, 0xf7, 0xbf,
    0xf4, 0x0, 0x0, 0x1f, 0xf5, 0x0, 0xb, 0xf8,
    0x1f, 0xfd, 0x0, 0x0, 0x1f, 0xf5, 0x0, 0xb,
    0xf9, 0x6, 0xff, 0x80, 0x0, 0x1f, 0xf5, 0x0,
    0xb, 0xf9, 0x0, 0xcf, 0xf3, 0x0, 0x1f, 0xf5,
    0x0, 0xb, 0xf9, 0x0, 0x2f, 0xfc, 0x0, 0x1f,
    0xf5, 0x0, 0xb, 0xfa, 0x0, 0x8, 0xff, 0x70,
    0xf, 0xf5, 0x0, 0xb, 0xfa, 0x0, 0x0, 0xdf,
    0xf1, 0xf, 0xf5, 0x0, 0xb, 0xfa, 0x0, 0x0,
    0x4f, 0xfb, 0xf, 0xf5, 0x0, 0xb, 0xfa, 0x0,
    0x0, 0xa, 0xff, 0x5f, 0xf5, 0x0, 0xb, 0xfa,
    0x0, 0x0, 0x1, 0xef, 0xef, 0xf5, 0x0, 0xb,
    0xfa, 0x0, 0x0, 0x0, 0x6f, 0xff, 0xf5, 0x0,
    0xb, 0xfa, 0x0, 0x0, 0x0, 0xb, 0xff, 0xf5,
    0x0, 0xb, 0xfa, 0x0, 0x0, 0x0, 0x2, 0xff,
    0xf5, 0x0, 0xb, 0xfa, 0x0, 0x0, 0x0, 0x0,
    0x0, 0x0, 0x0, 0xb, 0xfa, 0x0, 0x0, 0x0,
    0x0, 0x0, 0x0, 0x0, 0xc, 0xf9, 0x0, 0x0,
    0x0, 0x0, 0x0, 0x0, 0x13, 0x5f, 0xf7, 0x0,
    0x0, 0x0, 0x0, 0x0, 0x0, 0x5f, 0xff, 0xf2,
    0x0, 0x0, 0x0, 0x0, 0x0, 0x0, 0x3e, 0xfc,
    0x30, 0x0, 0x0, 0x0, 0x0, 0x0, 0x0,

    /* U+019E "ƞ" */
    0xf, 0xf1, 0x3a, 0xef, 0xea, 0x20, 0xf, 0xf9,
    0xff, 0xef, 0xff, 0xe2, 0xf, 0xff, 0xb1, 0x0,
    0x6f, 0xf9, 0xf, 0xff, 0x10, 0x0, 0xc, 0xfd,
    0xf, 0xfb, 0x0, 0x0, 0x9, 0xfe, 0xf, 0xf8,
    0x0, 0x0, 0x9, 0xff, 0xf, 0xf8, 0x0, 0x0,
    0x9, 0xff, 0xf, 0xf8, 0x0, 0x0, 0x9, 0xff,
    0xf, 0xf8, 0x0, 0x0, 0x9, 0xff, 0xf, 0xf8,
    0x0, 0x0, 0x9, 0xff, 0xf, 0xf8, 0x0, 0x0,
    0x9, 0xff, 0xf, 0xf8, 0x0, 0x0, 0x9, 0xff,
    0xf, 0xf8, 0x0, 0x0, 0x9, 0xff, 0x0, 0x0,
    0x0, 0x0, 0x9, 0xff, 0x0, 0x0, 0x0, 0x0,
    0x9, 0xff, 0x0, 0x0, 0x0, 0x0, 0x9, 0xff,
    0x0, 0x0, 0x0, 0x0, 0x9, 0xff, 0x0, 0x0,
    0x0, 0x0, 0x9, 0xff, 0x0, 0x0, 0x0, 0x0,
    0x9, 0xff,

    /* U+019F "Ɵ" */
    0x0, 0x0, 0x39, 0xdf, 0xff, 0xc8, 0x10, 0x0,
    0x0, 0x0, 0x9f, 0xff, 0xff, 0xff, 0xff, 0x60,
    0x0, 0x0, 0xaf, 0xfd, 0x63, 0x23, 0x7e, 0xff,
    0x70, 0x0, 0x5f, 0xf9, 0x0, 0x0, 0x0, 0xc,
    0xff, 0x20, 0xd, 0xfd, 0x0, 0x0, 0x0, 0x0,
    0x1f, 0xfa, 0x2, 0xff, 0x70, 0x0, 0x0, 0x0,
    0x0, 0xaf, 0xf0, 0x6f, 0xf3, 0x0, 0x0, 0x0,
    0x0, 0x6, 0xff, 0x37, 0xff, 0xff, 0xff, 0xff,
    0xff, 0xff, 0xff, 0xf5, 0x8f, 0xff, 0xff, 0xff,
    0xff, 0xff, 0xff, 0xff, 0x67, 0xff, 0x41, 0x11,
    0x11, 0x11, 0x11, 0x6f, 0xf4, 0x6f, 0xf4, 0x0,
    0x0, 0x0, 0x0, 0x7, 0xff, 0x32, 0xff, 0x90,
    0x0, 0x0, 0x0, 0x0, 0xcf, 0xf0, 0xd, 0xfe,
    0x10, 0x0, 0x0, 0x0, 0x3f, 0xfa, 0x0, 0x5f,
    0xfb, 0x0, 0x0, 0x0, 0x1d, 0xff, 0x20, 0x0,
    0xaf, 0xfd, 0x73, 0x24, 0x8e, 0xff, 0x70, 0x0,
    0x0, 0x9f, 0xff, 0xff, 0xff, 0xff, 0x60, 0x0,
    0x0, 0x0, 0x39, 0xdf, 0xff, 0xc8, 0x10, 0x0,
    0x0,

    /* U+01A0 "Ơ" */
    0x0, 0x0, 0x0, 0x0, 0x0, 0x0, 0x0, 0x3,
    0xff, 0x80, 0x0, 0x3, 0x9d, 0xff, 0xec, 0x71,
    0x0, 0x4f, 0xf5, 0x0, 0x9, 0xff, 0xff, 0xff,
    0xff, 0xf6, 0x9, 0xfe, 0x0, 0xb, 0xff, 0xe7,
    0x43, 0x48, 0xff, 0xfc, 0xff, 0x40, 0x6, 0xff,
    0xc0, 0x0, 0x0, 0x1, 0xdf, 0xfd, 0x40, 0x0,
    0xdf, 0xf1, 0x0, 0x0, 0x0, 0x4, 0xff, 0xa0,
    0x0, 0x2f, 0xf9, 0x0, 0x0, 0x0, 0x0, 0xd,
    0xff, 0x0, 0x6, 0xff, 0x50, 0x0, 0x0, 0x0,
    0x0, 0x9f, 0xf2, 0x0, 0x7f, 0xf3, 0x0, 0x0,
    0x0, 0x0, 0x7, 0xff, 0x40, 0x8, 0xff, 0x20,
    0x0, 0x0, 0x0, 0x0, 0x6f, 0xf5, 0x0, 0x7f,
    0xf3, 0x0, 0x0, 0x0, 0x0, 0x7, 0xff, 0x40,
    0x6, 0xff, 0x50, 0x0, 0x0, 0x0, 0x0, 0x9f,
    0xf3, 0x0, 0x2f, 0xfa, 0x0, 0x0, 0x0, 0x0,
    0xd, 0xff, 0x0, 0x0, 0xdf, 0xf1, 0x0, 0x0,
    0x0, 0x4, 0xff, 0xa0, 0x0, 0x5, 0xff, 0xc0,
    0x0, 0x0, 0x1, 0xdf, 0xf2, 0x0, 0x0, 0xb,
    0xff, 0xe7, 0x43, 0x48, 0xff, 0xf7, 0x0, 0x0,
    0x0, 0x9, 0xff, 0xff, 0xff, 0xff, 0xf6, 0x0,
    0x0, 0x0, 0x0, 0x3, 0x9d, 0xff, 0xfc, 0x82,
    0x0, 0x0, 0x0,

    /* U+01A1 "ơ" */
    0x0, 0x0, 0x0, 0x0, 0x0, 0x0, 0xdf, 0xe0,
    0x0, 0x0, 0x0, 0x0, 0x0, 0xf, 0xfa, 0x0,
    0x6, 0xce, 0xfe, 0xa3, 0x3, 0xff, 0x40, 0x1c,
    0xff, 0xff, 0xff, 0xf9, 0xef, 0xb0, 0xb, 0xff,
    0x82, 0x14, 0xcf, 0xff, 0x90, 0x3, 0xff, 0x80,
    0x0, 0x0, 0xdf, 0xd0, 0x0, 0x8f, 0xf1, 0x0,
    0x0, 0x7, 0xff, 0x20, 0xa, 0xff, 0x0, 0x0,
    0x0, 0x4f, 0xf5, 0x0, 0xbf, 0xe0, 0x0, 0x0,
    0x3, 0xff, 0x60, 0xa, 0xff, 0x0, 0x0, 0x0,
    0x4f, 0xf5, 0x0, 0x7f, 0xf2, 0x0, 0x0, 0x7,
    0xff, 0x20, 0x2, 0xff, 0x80, 0x0, 0x0, 0xdf,
    0xe0, 0x0, 0x9, 0xff, 0x82, 0x13, 0xbf, 0xf5,
    0x0, 0x0, 0xb, 0xff, 0xff, 0xff, 0xf8, 0x0,
    0x0, 0x0, 0x5, 0xbe, 0xfe, 0xa3, 0x0, 0x0,
    0x0,

    /* U+01A2 "Ƣ" */
    0x0, 0x0, 0x4a, 0xdf, 0xfe, 0xa4, 0x0, 0x6,
    0xce, 0xfd, 0x91, 0x0, 0x0, 0xa, 0xff, 0xff,
    0xff, 0xff, 0xb2, 0xcf, 0xff, 0xff, 0xfe, 0x10,
    0x0, 0xcf, 0xfd, 0x74, 0x36, 0xcf, 0xff, 0xfa,
    0x53, 0x5c, 0xff, 0x90, 0x6, 0xff, 0xb0, 0x0,
    0x0, 0x8, 0xff, 0xb0, 0x0, 0x0, 0xef, 0xd0,
    0xd, 0xff, 0x10, 0x0, 0x0, 0x0, 0xdf, 0xf1,
    0x0, 0x0, 0xaf, 0xf0, 0x2f, 0xf9, 0x0, 0x0,
    0x0, 0x0, 0x7f, 0xf5, 0x0, 0x0, 0x9f, 0xf0,
    0x6f, 0xf6, 0x0, 0x0, 0x0, 0x0, 0x3f, 0xf9,
    0x0, 0x0, 0x9f, 0xf0, 0x7f, 0xf4, 0x0, 0x0,
    0x0, 0x0, 0x1f, 0xfa, 0x0, 0x0, 0x9f, 0xf0,
    0x8f, 0xf3, 0x0, 0x0, 0x0, 0x0, 0xf, 0xfb,
    0x0, 0x0, 0x9f, 0xf0, 0x7f, 0xf4, 0x0, 0x0,
    0x0, 0x0, 0x1f, 0xfa, 0x0, 0x0, 0x9f, 0xf0,
    0x6f, 0xf6, 0x0, 0x0, 0x0, 0x0, 0x3f, 0xf8,
    0x0, 0x0, 0x9f, 0xf0, 0x2f, 0xfa, 0x0, 0x0,
    0x0, 0x0, 0x7f, 0xf5, 0x0, 0x0, 0x9f, 0xf0,
    0xd, 0xff, 0x10, 0x0, 0x0, 0x0, 0xdf, 0xf0,
    0x0, 0x0, 0x9f, 0xf0, 0x6, 0xff, 0xb0, 0x0,
    0x0, 0x9, 0xff, 0x80, 0x0, 0x0, 0x9f, 0xf0,
    0x0, 0xbf, 0xfd, 0x74, 0x36, 0xcf, 0xfd, 0x0,
    0x0, 0x0, 0x9f, 0xf0, 0x0, 0xa, 0xff, 0xff,
    0xff, 0xff, 0xc1, 0x0, 0x0, 0x0, 0x9f, 0xf0,
    0x0, 0x0, 0x4a, 0xdf, 0xfe, 0xb5, 0x0, 0x0,
    0x0, 0x0, 0x9f, 0xf0,

    /* U+01A3 "ƣ" */
    0x0, 0x7, 0xcf, 0xfd, 0x70, 0x5, 0xcf, 0xfb,
    0x30, 0x1, 0xdf, 0xff, 0xff, 0xfd, 0x9f, 0xff,
    0xff, 0xf3, 0xc, 0xff, 0x71, 0x16, 0xff, 0xfa,
    0x32, 0x8f, 0xfa, 0x4f, 0xf7, 0x0, 0x0, 0x7f,
    0xf3, 0x0, 0xd, 0xfe, 0x8f, 0xf1, 0x0, 0x0,
    0x1f, 0xf9, 0x0, 0xa, 0xff, 0xaf, 0xf0, 0x0,
    0x0, 0xe, 0xfb, 0x0, 0x9, 0xff, 0xbf, 0xe0,
    0x0, 0x0, 0xd, 0xfc, 0x0, 0x9, 0xff, 0xaf,
    0xf0, 0x0, 0x0, 0xe, 0xfb, 0x0, 0x9, 0xff,
    0x8f, 0xf1, 0x0, 0x0, 0x1f, 0xf9, 0x0, 0x9,
    0xff, 0x3f, 0xf8, 0x0, 0x0, 0x7f, 0xf4, 0x0,
    0x9, 0xff, 0xb, 0xff, 0x71, 0x16, 0xff, 0xc0,
    0x0, 0x9, 0xff, 0x1, 0xcf, 0xff, 0xff, 0xfd,
    0x20, 0x0, 0x9, 0xff, 0x0, 0x7, 0xcf, 0xfd,
    0x80, 0x0, 0x0, 0x9, 0xff, 0x0, 0x0, 0x0,
    0x0, 0x0, 0x0, 0x0, 0x9, 0xff, 0x0, 0x0,
    0x0, 0x0, 0x0, 0x0, 0x0, 0x9, 0xff, 0x0,
    0x0, 0x0, 0x0, 0x0, 0x0, 0x0, 0x9, 0xff,
    0x0, 0x0, 0x0, 0x0, 0x0, 0x0, 0x0, 0x9,
    0xff, 0x0, 0x0, 0x0, 0x0, 0x0, 0x0, 0x0,
    0x9, 0xff, 0x0, 0x0, 0x0, 0x0, 0x0, 0x0,
    0x0, 0x9, 0xff,

    /* U+01A4 "Ƥ" */
    0x6, 0xdf, 0xff, 0xff, 0xff, 0xec, 0x81, 0x0,
    0x4f, 0xff, 0xff, 0xff, 0xff, 0xff, 0xff, 0x40,
    0xaf, 0xc3, 0x9f, 0xf3, 0x23, 0x5a, 0xff, 0xf1,
    0xcf, 0x70, 0x8f, 0xf1, 0x0, 0x0, 0x9f, 0xf7,
    0x7c, 0x60, 0x8f, 0xf1, 0x0, 0x0, 0x2f, 0xfa,
    0x0, 0x0, 0x8f, 0xf1, 0x0, 0x0, 0xf, 0xfb,
    0x0, 0x0, 0x8f, 0xf1, 0x0, 0x0, 0x1f, 0xf9,
    0x0, 0x0, 0x8f, 0xf1, 0x0, 0x0, 0x9f, 0xf4,
    0x0, 0x0, 0x8f, 0xf4, 0x33, 0x6b, 0xff, 0xc0,
    0x0, 0x0, 0x8f, 0xff, 0xff, 0xff, 0xfc, 0x10,
    0x0, 0x0, 0x8f, 0xff, 0xff, 0xea, 0x50, 0x0,
    0x0, 0x0, 0x8f, 0xf1, 0x0, 0x0, 0x0, 0x0,
    0x0, 0x0, 0x8f, 0xf1, 0x0, 0x0, 0x0, 0x0,
    0x0, 0x0, 0x8f, 0xf1, 0x0, 0x0, 0x0, 0x0,
    0x0, 0x0, 0x8f, 0xf1, 0x0, 0x0, 0x0, 0x0,
    0x0, 0x0, 0x8f, 0xf1, 0x0, 0x0, 0x0, 0x0,
    0x0, 0x0, 0x8f, 0xf1, 0x0, 0x0, 0x0, 0x0,

    /* U+01A5 "ƥ" */
    0x0, 0x8e, 0xfb, 0x0, 0x0, 0x0, 0x0, 0x8f,
    0xff, 0xe0, 0x0, 0x0, 0x0, 0xe, 0xfd, 0x33,
    0x0, 0x0, 0x0, 0x0, 0xff, 0x90, 0x0, 0x0,
    0x0, 0x0, 0xf, 0xf8, 0x0, 0x0, 0x0, 0x0,
    0x0, 0xff, 0x81, 0x9e, 0xfe, 0x91, 0x0, 0xf,
    0xf9, 0xef, 0xff, 0xff, 0xe2, 0x0, 0xff, 0xfd,
    0x41, 0x28, 0xff, 0xc0, 0xf, 0xff, 0x20, 0x0,
    0xa, 0xff, 0x30, 0xff, 0xc0, 0x0, 0x0, 0x4f,
    0xf7, 0xf, 0xfa, 0x0, 0x0, 0x1, 0xff, 0x90,
    0xff, 0x90, 0x0, 0x0, 0xf, 0xfa, 0xf, 0xfa,
    0x0, 0x0, 0x1, 0xff, 0x90, 0xff, 0xd0, 0x0,
    0x0, 0x4f, 0xf7, 0xf, 0xff, 0x30, 0x0, 0xb,
    0xff, 0x30, 0xff, 0xfd, 0x51, 0x29, 0xff, 0xc0,
    0xf, 0xfb, 0xff, 0xff, 0xff, 0xe2, 0x0, 0xff,
    0x82, 0xae, 0xfe, 0x91, 0x0, 0xf, 0xf8, 0x0,
    0x0, 0x0, 0x0, 0x0, 0xff, 0x90, 0x0, 0x0,
    0x0, 0x0, 0xf, 0xf9, 0x0, 0x0, 0x0, 0x0,
    0x0, 0xff, 0x90, 0x0, 0x0, 0x0, 0x0, 0xf,
    0xf9, 0x0, 0x0, 0x0, 0x0, 0x0, 0xff, 0x90,
    0x0, 0x0, 0x0, 0x0,

    /* U+01A6 "Ʀ" */
    0xbf, 0xe0, 0x0, 0x0, 0x0, 0x0, 0xb, 0xfe,
    0x0, 0x0, 0x0, 0x0, 0x0, 0xbf, 0xe3, 0x32,
    0x20, 0x0, 0x0, 0xb, 0xff, 0xff, 0xff, 0xfc,
    0x50, 0x0, 0xbf, 0xff, 0xff, 0xff, 0xff, 0x80,
    0xb, 0xfe, 0x0, 0x1, 0x6f, 0xff, 0x20, 0xbf,
    0xe0, 0x0, 0x0, 0x6f, 0xf6, 0xb, 0xfe, 0x0,
    0x0, 0x3, 0xff, 0x70, 0xbf, 0xe0, 0x0, 0x0,
    0x7f, 0xf5, 0xb, 0xfe, 0x0, 0x1, 0x6f, 0xfd,
    0x0, 0xbf, 0xff, 0xff, 0xff, 0xfc, 0x20, 0xb,
    0xff, 0xff, 0xff, 0xf7, 0x0, 0x0, 0xbf, 0xe2,
    0x22, 0xef, 0xc0, 0x0, 0xb, 0xfe, 0x0, 0x6,
    0xff, 0x60, 0x0, 0xbf, 0xe0, 0x0, 0xd, 0xfe,
    0x10, 0xb, 0xfe, 0x0, 0x0, 0x4f, 0xf9, 0x0,
    0xbf, 0xe0, 0x0, 0x0, 0xbf, 0xf2, 0x0, 0x0,
    0x0, 0x0, 0x2, 0xff, 0xc0, 0x0, 0x0, 0x0,
    0x0, 0x9, 0xff, 0x50, 0x0, 0x0, 0x0, 0x0,
    0x18, 0x86,

    /* U+01A7 "Ƨ" */
    0x2, 0x8c, 0xff, 0xec, 0x60, 0x0, 0xd, 0xff,
    0xff, 0xff, 0xfc, 0x10, 0x7, 0xe8, 0x54, 0x5b,
    0xff, 0xa0, 0x0, 0x0, 0x0, 0x0, 0xcf, 0xf0,
    0x0, 0x0, 0x0, 0x0, 0x9f, 0xf0, 0x0, 0x0,
    0x0, 0x0, 0xdf, 0xe0, 0x0, 0x0, 0x0, 0x3c,
    0xff, 0x80, 0x0, 0x0, 0x5c, 0xff, 0xfb, 0x0,
    0x0, 0x6e, 0xff, 0xfd, 0x60, 0x0, 0xb, 0xff,
    0xfb, 0x40, 0x0, 0x0, 0x7f, 0xfc, 0x20, 0x0,
    0x0, 0x0, 0xcf, 0xe0, 0x0, 0x0, 0x0, 0x0,
    0xdf, 0xc0, 0x0, 0x0, 0x0, 0x0, 0xbf, 0xf1,
    0x0, 0x0, 0x0, 0x10, 0x5f, 0xfd, 0x64, 0x34,
    0x8c, 0xf0, 0x8, 0xff, 0xff, 0xff, 0xff, 0xf0,
    0x0, 0x3a, 0xdf, 0xfe, 0xc9, 0x30,

    /* U+01A8 "ƨ" */
    0x16, 0xbd, 0xff, 0xc7, 0x0, 0x2f, 0xff, 0xff,
    0xff, 0xc0, 0x8, 0x62, 0x1, 0x7f, 0xf5, 0x0,
    0x0, 0x0, 0xf, 0xf7, 0x0, 0x0, 0x2, 0xbf,
    0xf4, 0x0, 0x5, 0xcf, 0xff, 0x90, 0x5, 0xef,
    0xff, 0xc4, 0x0, 0x5f, 0xff, 0x93, 0x0, 0x0,
    0xcf, 0xe2, 0x0, 0x0, 0x0, 0xef, 0x90, 0x0,
    0x0, 0x0, 0xbf, 0xe4, 0x0, 0x14, 0xa5, 0x3f,
    0xff, 0xff, 0xff, 0xf6, 0x2, 0x9d, 0xff, 0xfc,
    0x71,

    /* U+01A9 "Ʃ" */
    0xf, 0xff, 0xff, 0xff, 0xff, 0xff, 0xa0, 0xff,
    0xff, 0xff, 0xff, 0xff, 0xfa, 0x8, 0xff, 0xb2,
    0x22, 0x22, 0x22, 0x10, 0xa, 0xff, 0x60, 0x0,
    0x0, 0x0, 0x0, 0xc, 0xff, 0x40, 0x0, 0x0,
    0x0, 0x0, 0x1d, 0xff, 0x30, 0x0, 0x0, 0x0,
    0x0, 0x2e, 0xfe, 0x10, 0x0, 0x0, 0x0, 0x0,
    0x4f, 0xfd, 0x0, 0x0, 0x0, 0x0, 0x0, 0xdf,
    0xd0, 0x0, 0x0, 0x0, 0x0, 0xbf, 0xe2, 0x0,
    0x0, 0x0, 0x0, 0x8f, 0xf4, 0x0, 0x0, 0x0,
    0x0, 0x5f, 0xf6, 0x0, 0x0, 0x0, 0x0, 0x3f,
    0xf9, 0x0, 0x0, 0x0, 0x0, 0x1e, 0xfb, 0x0,
    0x0, 0x0, 0x0, 0xc, 0xff, 0x43, 0x33, 0x33,
    0x33, 0x33, 0xff, 0xff, 0xff, 0xff, 0xff, 0xff,
    0x3f, 0xff, 0xff, 0xff, 0xff, 0xff, 0xf0,

    /* U+01AA "ƪ" */
    0x2, 0xbf, 0xeb, 0x20, 0x0, 0x0, 0xd, 0xfd,
    0xff, 0xd0, 0x0, 0x0, 0x2f, 0xe0, 0x5f, 0xf3,
    0x0, 0x0, 0x1f, 0xf2, 0x2f, 0xf5, 0x0, 0x0,
    0xb, 0xff, 0xff, 0xf6, 0x0, 0x0, 0x0, 0x7b,
    0xcf, 0xf6, 0x0, 0x0, 0x0, 0x0, 0x2f, 0xf6,
    0x0, 0x0, 0x0, 0x0, 0x2f, 0xf6, 0x0, 0x0,
    0x0, 0x0, 0x2f, 0xf6, 0x0, 0x0, 0x0, 0x0,
    0x2f, 0xf6, 0x0, 0x0, 0x0, 0x0, 0x2f, 0xf6,
    0x0, 0x0, 0x0, 0x0, 0x2f, 0xf6, 0x0, 0x0,
    0x0, 0x0, 0x2f, 0xf6, 0x0, 0x0, 0x0, 0x0,
    0x2f, 0xf6, 0x0, 0x0, 0x0, 0x0, 0x2f, 0xf6,
    0x0, 0x0, 0x0, 0x0, 0x2f, 0xf6, 0x0, 0x0,
    0x0, 0x0, 0x2f, 0xf6, 0x0, 0x0, 0x0, 0x0,
    0x2f, 0xf6, 0x0, 0x0, 0x0, 0x0, 0x2f, 0xf6,
    0x0, 0x0, 0x0, 0x0, 0x2f, 0xf6, 0x0, 0x0,
    0x0, 0x0, 0x1f, 0xf7, 0x0, 0x0, 0x0, 0x0,
    0xf, 0xfd, 0x31, 0x31, 0x0, 0x0, 0x8, 0xff,
    0xff, 0xf3, 0x0, 0x0, 0x0, 0x7d, 0xfe, 0xc1,

    /* U+01AB "ƫ" */
    0x0, 0x7, 0x60, 0x0, 0x0, 0x2, 0xfc, 0x0,
    0x0, 0x0, 0x8f, 0xc0, 0x0, 0x3, 0xbf, 0xff,
    0xff, 0xf8, 0x8f, 0xff, 0xff, 0xff, 0x70, 0xc,
    0xfc, 0x0, 0x0, 0x0, 0xcf, 0xc0, 0x0, 0x0,
    0xc, 0xfc, 0x0, 0x0, 0x0, 0xcf, 0xc0, 0x0,
    0x0, 0xc, 0xfc, 0x0, 0x0, 0x0, 0xcf, 0xc0,
    0x0, 0x0, 0xc, 0xfc, 0x0, 0x0, 0x0, 0xbf,
    0xe0, 0x0, 0x0, 0x9, 0xff, 0x71, 0x22, 0x0,
    0x2f, 0xff, 0xff, 0x90, 0x0, 0x4c, 0xff, 0xf9,
    0x0, 0x0, 0x0, 0xaf, 0x90, 0x0, 0x0, 0xa,
    0xf9, 0x0, 0x0, 0x0, 0xaf, 0x90, 0x0, 0x2,
    0x2e, 0xf7, 0x0, 0x0, 0xff, 0xff, 0x20, 0x0,
    0xd, 0xfd, 0x50,

    /* U+01AC "Ƭ" */
    0x6, 0xdf, 0xff, 0xff, 0xff, 0xff, 0xfc, 0x5f,
    0xff, 0xff, 0xff, 0xff, 0xff, 0xfc, 0xaf, 0xc4,
    0x33, 0xff, 0xb3, 0x33, 0x32, 0xbf, 0x70, 0x0,
    0xef, 0xa0, 0x0, 0x0, 0x6a, 0x50, 0x0, 0xef,
    0xa0, 0x0, 0x0, 0x0, 0x0, 0x0, 0xef, 0xa0,
    0x0, 0x0, 0x0, 0x0, 0x0, 0xef, 0xa0, 0x0,
    0x0, 0x0, 0x0, 0x0, 0xef, 0xa0, 0x0, 0x0,
    0x0, 0x0, 0x0, 0xef, 0xa0, 0x0, 0x0, 0x0,
    0x0, 0x0, 0xef, 0xa0, 0x0, 0x0, 0x0, 0x0,
    0x0, 0xef, 0xa0, 0x0, 0x0, 0x0, 0x0, 0x0,
    0xef, 0xa0, 0x0, 0x0, 0x0, 0x0, 0x0, 0xef,
    0xa0, 0x0, 0x0, 0x0, 0x0, 0x0, 0xef, 0xa0,
    0x0, 0x0, 0x0, 0x0, 0x0, 0xef, 0xa0, 0x0,
    0x0, 0x0, 0x0, 0x0, 0xef, 0xa0, 0x0, 0x0,
    0x0, 0x0, 0x0, 0xef, 0xa0, 0x0, 0x0,

    /* U+01AD "ƭ" */
    0x0, 0x4, 0xce, 0xfc, 0x0, 0x3, 0xff, 0xff,
    0xf0, 0x0, 0x9f, 0xf5, 0x24, 0x0, 0xb, 0xfc,
    0x0, 0x0, 0x0, 0xcf, 0xc0, 0x0, 0x3, 0xbf,
    0xff, 0xff, 0xf8, 0x8f, 0xff, 0xff, 0xff, 0x70,
    0xc, 0xfc, 0x0, 0x0, 0x0, 0xcf, 0xc0, 0x0,
    0x0, 0xc, 0xfc, 0x0, 0x0, 0x0, 0xcf, 0xc0,
    0x0, 0x0, 0xc, 0xfc, 0x0, 0x0, 0x0, 0xcf,
    0xc0, 0x0, 0x0, 0xc, 0xfc, 0x0, 0x0, 0x0,
    0xbf, 0xe0, 0x0, 0x0, 0x9, 0xff, 0x71, 0x22,
    0x0, 0x2f, 0xff, 0xff, 0x90, 0x0, 0x3b, 0xff,
    0xd6,

    /* U+01AE "Ʈ" */
    0xbf, 0xff, 0xff, 0xff, 0xff, 0xff, 0xf2, 0xbf,
    0xff, 0xff, 0xff, 0xff, 0xff, 0xf2, 0x23, 0x33,
    0x3a, 0xff, 0x33, 0x33, 0x30, 0x0, 0x0, 0x8,
    0xff, 0x0, 0x0, 0x0, 0x0, 0x0, 0x8, 0xff,
    0x0, 0x0, 0x0, 0x0, 0x0, 0x8, 0xff, 0x0,
    0x0, 0x0, 0x0, 0x0, 0x8, 0xff, 0x0, 0x0,
    0x0, 0x0, 0x0, 0x8, 0xff, 0x0, 0x0, 0x0,
    0x0, 0x0, 0x8, 0xff, 0x0, 0x0, 0x0, 0x0,
    0x0, 0x8, 0xff, 0x0, 0x0, 0x0, 0x0, 0x0,
    0x8, 0xff, 0x0, 0x0, 0x0, 0x0, 0x0, 0x8,
    0xff, 0x0, 0x0, 0x0, 0x0, 0x0, 0x8, 0xff,
    0x0, 0x0, 0x0, 0x0, 0x0, 0x8, 0xff, 0x0,
    0x0, 0x0, 0x0, 0x0, 0x8, 0xff, 0x0, 0x0,
    0x0, 0x0, 0x0, 0x8, 0xff, 0x0, 0x0, 0x0,
    0x0, 0x0, 0x8, 0xff, 0x0, 0x0, 0x0, 0x0,
    0x0, 0x8, 0xff, 0x0, 0x0, 0x0, 0x0, 0x0,
    0x8, 0xff, 0x0, 0x0, 0x0, 0x0, 0x0, 0x8,
    0xff, 0x10, 0x0, 0x0, 0x0, 0x0, 0x6, 0xff,
    0x92, 0x20, 0x0, 0x0, 0x0, 0x1, 0xff, 0xff,
    0xa0, 0x0, 0x0, 0x0, 0x0, 0x3b, 0xef, 0x70,
    0x0,

    /* U+01AF "Ư" */
    0x0, 0x0, 0x0, 0x0, 0x0, 0x0, 0x0, 0xa,
    0xff, 0x1d, 0xfb, 0x0, 0x0, 0x0, 0x0, 0xff,
    0x90, 0xcf, 0xc0, 0xdf, 0xb0, 0x0, 0x0, 0x0,
    0xf, 0xf9, 0x4f, 0xf5, 0xd, 0xfb, 0x0, 0x0,
    0x0, 0x0, 0xff, 0xef, 0xf9, 0x0, 0xdf, 0xb0,
    0x0, 0x0, 0x0, 0xf, 0xfe, 0xa4, 0x0, 0xd,
    0xfb, 0x0, 0x0, 0x0, 0x0, 0xff, 0x90, 0x0,
    0x0, 0xdf, 0xb0, 0x0, 0x0, 0x0, 0xf, 0xf9,
    0x0, 0x0, 0xd, 0xfb, 0x0, 0x0, 0x0, 0x0,
    0xff, 0x90, 0x0, 0x0, 0xdf, 0xb0, 0x0, 0x0,
    0x0, 0xf, 0xf9, 0x0, 0x0, 0xd, 0xfb, 0x0,
    0x0, 0x0, 0x0, 0xff, 0x90, 0x0, 0x0, 0xdf,
    0xb0, 0x0, 0x0, 0x0, 0xf, 0xf9, 0x0, 0x0,
    0xd, 0xfb, 0x0, 0x0, 0x0, 0x0, 0xff, 0x90,
    0x0, 0x0, 0xcf, 0xc0, 0x0, 0x0, 0x0, 0x1f,
    0xf8, 0x0, 0x0, 0xa, 0xff, 0x0, 0x0, 0x0,
    0x4, 0xff, 0x50, 0x0, 0x0, 0x5f, 0xf8, 0x0,
    0x0, 0x0, 0xcf, 0xf1, 0x0, 0x0, 0x0, 0xcf,
    0xfb, 0x53, 0x35, 0xcf, 0xf8, 0x0, 0x0, 0x0,
    0x1, 0xcf, 0xff, 0xff, 0xff, 0xf9, 0x0, 0x0,
    0x0, 0x0, 0x0, 0x5b, 0xef, 0xfd, 0xa4, 0x0,
    0x0, 0x0, 0x0,

    /* U+01B0 "ư" */
    0x0, 0x0, 0x0, 0x0, 0x0, 0x0, 0x1, 0x88,
    0x40, 0x0, 0x0, 0x0, 0x0, 0x0, 0x0, 0x4f,
    0xf5, 0x2f, 0xf6, 0x0, 0x0, 0x7, 0xff, 0x19,
    0xff, 0x2, 0xff, 0x60, 0x0, 0x0, 0x7f, 0xfb,
    0xff, 0x60, 0x2f, 0xf6, 0x0, 0x0, 0x7, 0xff,
    0xfd, 0x50, 0x2, 0xff, 0x60, 0x0, 0x0, 0x7f,
    0xf2, 0x0, 0x0, 0x2f, 0xf6, 0x0, 0x0, 0x7,
    0xff, 0x10, 0x0, 0x2, 0xff, 0x60, 0x0, 0x0,
    0x7f, 0xf1, 0x0, 0x0, 0x2f, 0xf6, 0x0, 0x0,
    0x7, 0xff, 0x10, 0x0, 0x2, 0xff, 0x60, 0x0,
    0x0, 0x8f, 0xf1, 0x0, 0x0, 0x2f, 0xf7, 0x0,
    0x0, 0xa, 0xff, 0x10, 0x0, 0x1, 0xff, 0xa0,
    0x0, 0x0, 0xef, 0xf1, 0x0, 0x0, 0xd, 0xff,
    0x40, 0x1, 0xaf, 0xff, 0x10, 0x0, 0x0, 0x4f,
    0xff, 0xed, 0xff, 0xaf, 0xf1, 0x0, 0x0, 0x0,
    0x3b, 0xef, 0xea, 0x30, 0xff, 0x10, 0x0, 0x0,

    /* U+01B1 "Ʊ" */
    0x3f, 0xff, 0xff, 0xfe, 0x0, 0x2f, 0xff, 0xff,
    0xff, 0x3f, 0xff, 0xff, 0xfe, 0x0, 0x2f, 0xff,
    0xff, 0xff, 0x3, 0x33, 0x8f, 0xf7, 0x0, 0xa,
    0xff, 0x63, 0x33, 0x0, 0x5, 0xff, 0x50, 0x0,
    0x0, 0x8f, 0xe2, 0x0, 0x0, 0x1f, 0xf7, 0x0,
    0x0, 0x0, 0xb, 0xfc, 0x0, 0x0, 0xaf, 0xe0,
    0x0, 0x0, 0x0, 0x2, 0xff, 0x70, 0x1, 0xff,
    0x90, 0x0, 0x0, 0x0, 0x0, 0xdf, 0xd0, 0x5,
    0xff, 0x50, 0x0, 0x0, 0x0, 0x0, 0x9f, 0xf2,
    0x7, 0xff, 0x40, 0x0, 0x0, 0x0, 0x0, 0x7f,
    0xf4, 0x8, 0xff, 0x30, 0x0, 0x0, 0x0, 0x0,
    0x6f, 0xf5, 0x7, 0xff, 0x40, 0x0, 0x0, 0x0,
    0x0, 0x8f, 0xf4, 0x5, 0xff, 0x70, 0x0, 0x0,
    0x0, 0x0, 0xbf, 0xf2, 0x0, 0xff, 0xd0, 0x0,
    0x0, 0x0, 0x2, 0xff, 0xd0, 0x0, 0x9f, 0xfa,
    0x0, 0x0, 0x0, 0x1c, 0xff, 0x60, 0x0, 0xd,
    0xff, 0xd7, 0x44, 0x58, 0xef, 0xfa, 0x0, 0x0,
    0x1, 0xaf, 0xff, 0xff, 0xff, 0xff, 0x80, 0x0,
    0x0, 0x0, 0x3, 0x9d, 0xef, 0xec, 0x82, 0x0,
    0x0,

    /* U+01B2 "Ʋ" */
    0xff, 0xa0, 0x0, 0x1, 0xdf, 0xfc, 0x40, 0xff,
    0xa0, 0x0, 0x1, 0xff, 0xff, 0xf2, 0xff, 0xa0,
    0x0, 0x0, 0x10, 0x5f, 0xf7, 0xff, 0xa0, 0x0,
    0x0, 0x0, 0xf, 0xf9, 0xff, 0xa0, 0x0, 0x0,
    0x0, 0xf, 0xf8, 0xff, 0xa0, 0x0, 0x0, 0x0,
    0x1f, 0xf7, 0xff, 0xa0, 0x0, 0x0, 0x0, 0x3f,
    0xf4, 0xff, 0xa0, 0x0, 0x0, 0x0, 0x6f, 0xf2,
    0xff, 0xa0, 0x0, 0x0, 0x0, 0xaf, 0xe0, 0xff,
    0xa0, 0x0, 0x0, 0x0, 0xff, 0x90, 0xff, 0xa0,
    0x0, 0x0, 0x6, 0xff, 0x30, 0xef, 0xa0, 0x0,
    0x0, 0xd, 0xfc, 0x0, 0xdf, 0xb0, 0x0, 0x0,
    0x8f, 0xf4, 0x0, 0xaf, 0xe0, 0x0, 0x6, 0xff,
    0x90, 0x0, 0x6f, 0xfa, 0x34, 0xaf, 0xfb, 0x0,
    0x0, 0xc, 0xff, 0xff, 0xff, 0xa0, 0x0, 0x0,
    0x1, 0x9e, 0xfe, 0xa4, 0x0, 0x0, 0x0,

    /* U+01B3 "Ƴ" */
    0xbf, 0xf1, 0x0, 0x0, 0x0, 0x2c, 0xff, 0x13,
    0xff, 0x90, 0x0, 0x0, 0xe, 0xff, 0xf1, 0xa,
    0xff, 0x20, 0x0, 0x6, 0xff, 0x83, 0x0, 0x2f,
    0xf9, 0x0, 0x0, 0xdf, 0xc0, 0x0, 0x0, 0x9f,
    0xf2, 0x0, 0x5f, 0xf4, 0x0, 0x0, 0x1, 0xff,
    0xa0, 0xc, 0xfc, 0x0, 0x0, 0x0, 0x8, 0xff,
    0x23, 0xff, 0x40, 0x0, 0x0, 0x0, 0xe, 0xfa,
    0xbf, 0xc0, 0x0, 0x0, 0x0, 0x0, 0x7f, 0xff,
    0xf4, 0x0, 0x0, 0x0, 0x0, 0x0, 0xef, 0xfc,
    0x0, 0x0, 0x0, 0x0, 0x0, 0x6, 0xff, 0x50,
    0x0, 0x0, 0x0, 0x0, 0x0, 0x5f, 0xf4, 0x0,
    0x0, 0x0, 0x0, 0x0, 0x5, 0xff, 0x40, 0x0,
    0x0, 0x0, 0x0, 0x0, 0x5f, 0xf4, 0x0, 0x0,
    0x0, 0x0, 0x0, 0x5, 0xff, 0x40, 0x0, 0x0,
    0x0, 0x0, 0x0, 0x5f, 0xf4, 0x0, 0x0, 0x0,
    0x0, 0x0, 0x5, 0xff, 0x40, 0x0, 0x0, 0x0,

    /* U+01B4 "ƴ" */
    0xbf, 0xf1, 0x0, 0x0, 0x0, 0x8e, 0xe6, 0x5f,
    0xf6, 0x0, 0x0, 0x5, 0xff, 0xf8, 0xe, 0xfc,
    0x0, 0x0, 0xc, 0xfe, 0x31, 0x8, 0xff, 0x10,
    0x0, 0x2f, 0xf7, 0x0, 0x2, 0xff, 0x70, 0x0,
    0x7f, 0xf1, 0x0, 0x0, 0xcf, 0xd0, 0x0, 0xdf,
    0xb0, 0x0, 0x0, 0x5f, 0xf3, 0x3, 0xff, 0x50,
    0x0, 0x0, 0xe, 0xf8, 0x8, 0xff, 0x0, 0x0,
    0x0, 0x9, 0xfe, 0xd, 0xf9, 0x0, 0x0, 0x0,
    0x2, 0xff, 0x5f, 0xf3, 0x0, 0x0, 0x0, 0x0,
    0xcf, 0xdf, 0xd0, 0x0, 0x0, 0x0, 0x0, 0x6f,
    0xff, 0x80, 0x0, 0x0, 0x0, 0x0, 0xf, 0xff,
    0x20, 0x0, 0x0, 0x0, 0x0, 0xd, 0xfc, 0x0,
    0x0, 0x0, 0x0, 0x0, 0x2f, 0xf6, 0x0, 0x0,
    0x0, 0x0, 0x0, 0xaf, 0xe0, 0x0, 0x0, 0x0,
    0x11, 0x29, 0xff, 0x70, 0x0, 0x0, 0x0, 0x8f,
    0xff, 0xfb, 0x0, 0x0, 0x0, 0x0, 0x7f, 0xfd,
    0x70, 0x0, 0x0, 0x0, 0x0,

    /* U+01B5 "Ƶ" */
    0xe, 0xff, 0xff, 0xff, 0xff, 0xff, 0xb0, 0xef,
    0xff, 0xff, 0xff, 0xff, 0xfb, 0x3, 0x33, 0x33,
    0x33, 0x3c, 0xff, 0x30, 0x0, 0x0, 0x0, 0x5,
    0xff, 0x80, 0x0, 0x0, 0x0, 0x1, 0xff, 0xc0,
    0x0, 0x0, 0x0, 0x0, 0xcf, 0xf2, 0x0, 0x0,
    0x0, 0x0, 0x7f, 0xf6, 0x0, 0x0, 0x3f, 0xff,
    0xff, 0xff, 0xff, 0xc0, 0x3, 0xff, 0xff, 0xff,
    0xff, 0xfc, 0x0, 0x1, 0x18, 0xff, 0x61, 0x11,
    0x0, 0x0, 0x2, 0xff, 0xb0, 0x0, 0x0, 0x0,
    0x0, 0xcf, 0xf1, 0x0, 0x0, 0x0, 0x0, 0x7f,
    0xf6, 0x0, 0x0, 0x0, 0x0, 0x2f, 0xfc, 0x0,
    0x0, 0x0, 0x0, 0xc, 0xff, 0x63, 0x33, 0x33,
    0x33, 0x32, 0xff, 0xff, 0xff, 0xff, 0xff, 0xff,
    0x3f, 0xff, 0xff, 0xff, 0xff, 0xff, 0xf0,

    /* U+01B6 "ƶ" */
    0xb, 0xff, 0xff, 0xff, 0xff, 0x60, 0xbf, 0xff,
    0xff, 0xff, 0xf5, 0x0, 0x0, 0x0, 0xd, 0xfc,
    0x0, 0x0, 0x0, 0xa, 0xff, 0x20, 0x0, 0x0,
    0x6, 0xff, 0x50, 0x0, 0xae, 0xee, 0xff, 0xfe,
    0xe2, 0xb, 0xff, 0xff, 0xff, 0xff, 0x20, 0x0,
    0x8f, 0xf3, 0x0, 0x0, 0x0, 0x3f, 0xf8, 0x0,
    0x0, 0x0, 0xd, 0xfd, 0x0, 0x0, 0x0, 0x8,
    0xff, 0x30, 0x0, 0x0, 0x1, 0xff, 0xff, 0xff,
    0xff, 0xf8, 0x2f, 0xff, 0xff, 0xff, 0xff, 0x90,

    /* U+01B7 "Ʒ" */
    0xb, 0xff, 0xff, 0xff, 0xff, 0xff, 0x20, 0xbf,
    0xff, 0xff, 0xff, 0xff, 0xf1, 0x2, 0x33, 0x33,
    0x33, 0xcf, 0xf7, 0x0, 0x0, 0x0, 0x0, 0xaf,
    0xf6, 0x0, 0x0, 0x0, 0x0, 0xbf, 0xf5, 0x0,
    0x0, 0x0, 0x1, 0xcf, 0xf4, 0x0, 0x0, 0x0,
    0x1, 0xdf, 0xe3, 0x0, 0x0, 0x0, 0x0, 0x7f,
    0xfe, 0xdb, 0x71, 0x0, 0x0, 0x8, 0xff, 0xff,
    0xff, 0xf5, 0x0, 0x0, 0x0, 0x1, 0x38, 0xff,
    0xf3, 0x0, 0x0, 0x0, 0x0, 0x3, 0xff, 0xa0,
    0x0, 0x0, 0x0, 0x0, 0xd, 0xfd, 0x0, 0x0,
    0x0, 0x0, 0x0, 0xef, 0xc0, 0x0, 0x0, 0x0,
    0x0, 0x5f, 0xf8, 0x3e, 0x95, 0x21, 0x13, 0x8f,
    0xfe, 0x13, 0xff, 0xff, 0xff, 0xff, 0xfe, 0x30,
    0x5, 0xad, 0xef, 0xfe, 0xb6, 0x0, 0x0,

    /* U+01B8 "Ƹ" */
    0x1f, 0xff, 0xff, 0xff, 0xff, 0xfc, 0x0, 0xff,
    0xff, 0xff, 0xff, 0xff, 0xc0, 0x7, 0xff, 0xc3,
    0x33, 0x33, 0x32, 0x0, 0x7, 0xff, 0x90, 0x0,
    0x0, 0x0, 0x0, 0x7, 0xff, 0x80, 0x0, 0x0,
    0x0, 0x0, 0x8, 0xff, 0x80, 0x0, 0x0, 0x0,
    0x0, 0x8, 0xff, 0x70, 0x0, 0x0, 0x2, 0x9d,
    0xff, 0xff, 0x0, 0x0, 0x5, 0xff, 0xff, 0xfe,
    0xe0, 0x0, 0x2, 0xff, 0xe7, 0x10, 0x0, 0x0,
    0x0, 0x8f, 0xf3, 0x0, 0x0, 0x0, 0x0, 0xb,
    0xfe, 0x0, 0x0, 0x0, 0x0, 0x0, 0xbf, 0xe0,
    0x0, 0x0, 0x0, 0x0, 0x8, 0xff, 0x50, 0x0,
    0x0, 0x0, 0x0, 0x1f, 0xff, 0x94, 0x11, 0x24,
    0x8d, 0x40, 0x3e, 0xff, 0xff, 0xff, 0xff, 0xf4,
    0x0, 0x7, 0xbe, 0xff, 0xfd, 0xa5, 0x0,

    /* U+01B9 "ƹ" */
    0x8, 0xff, 0xff, 0xff, 0xff, 0xfc, 0x0, 0x7f,
    0xff, 0xff, 0xff, 0xff, 0xc0, 0x0, 0xcf, 0xe2,
    0x11, 0x11, 0x10, 0x0, 0x1, 0xdf, 0xc0, 0x0,
    0x0, 0x0, 0x0, 0x2, 0xef, 0xb0, 0x0, 0x0,
    0x0, 0x0, 0x2, 0xef, 0xa0, 0x0, 0x0, 0x0,
    0x0, 0x3, 0xff, 0x90, 0x0, 0x0, 0x0, 0x1,
    0x5c, 0xff, 0x60, 0x0, 0x0, 0x9, 0xff, 0xff,
    0xf9, 0x0, 0x0, 0xc, 0xff, 0xe9, 0x77, 0x40,
    0x0, 0x8, 0xff, 0x80, 0x0, 0x0, 0x0, 0x0,
    0xef, 0xc0, 0x0, 0x0, 0x0, 0x0, 0x1f, 0xf8,
    0x0, 0x0, 0x0, 0x0, 0x1, 0xff, 0x70, 0x0,
    0x0, 0x0, 0x0, 0xf, 0xfa, 0x0, 0x0, 0x0,
    0x0, 0x0, 0xbf, 0xf3, 0x0, 0x0, 0x0, 0x0,
    0x3, 0xff, 0xf7, 0x21, 0x25, 0x9e, 0x0, 0x5,
    0xff, 0xff, 0xff, 0xff, 0xf0, 0x0, 0x1, 0x8d,
    0xef, 0xfd, 0xa5, 0x0,

    /* U+01BA "ƺ" */
    0x1f, 0xff, 0xff, 0xff, 0xff, 0xb0, 0x1f, 0xff,
    0xff, 0xff, 0xff, 0xa0, 0x0, 0x0, 0x0, 0x5f,
    0xfd, 0x10, 0x0, 0x0, 0x4, 0xff, 0xd1, 0x0,
    0x0, 0x0, 0x4f, 0xfd, 0x10, 0x0, 0x0, 0x3,
    0xff, 0xd1, 0x0, 0x0, 0x0, 0xe, 0xff, 0xeb,
    0x81, 0x0, 0x0, 0xf, 0xff, 0xff, 0xff, 0x30,
    0x0, 0x0, 0x0, 0x27, 0xff, 0xe0, 0x0, 0x0,
    0x0, 0x0, 0x7f, 0xf3, 0x0, 0x0, 0x0, 0x0,
    0x4f, 0xf4, 0x0, 0x0, 0x0, 0x0, 0x8f, 0xf2,
    0x0, 0x0, 0x1, 0x26, 0xff, 0xc0, 0x0, 0x8e,
    0xff, 0xff, 0xfe, 0x20, 0xb, 0xff, 0xff, 0xec,
    0x81, 0x0, 0x1f, 0xf7, 0x10, 0x0, 0x0, 0x0,
    0x1f, 0xf8, 0x10, 0x2, 0x68, 0x0, 0xb, 0xff,
    0xff, 0xff, 0xfc, 0x0, 0x0, 0x6c, 0xef, 0xed,
    0xa4, 0x0,

    /* U+01BB "ƻ" */
    0x0, 0x6c, 0xef, 0xe9, 0x20, 0x0, 0x3d, 0xff,
    0xff, 0xff, 0xf3, 0x0, 0x7f, 0xe7, 0x32, 0x7f,
    0xfd, 0x0, 0x7, 0x10, 0x0, 0x9, 0xff, 0x20,
    0x0, 0x0, 0x0, 0x6, 0xff, 0x30, 0x0, 0x0,
    0x0, 0x8, 0xff, 0x10, 0x0, 0x0, 0x0, 0xb,
    0xfe, 0x0, 0x0, 0x0, 0x0, 0x3f, 0xf8, 0x0,
    0x6f, 0xff, 0xff, 0xff, 0xff, 0xf7, 0x5e, 0xee,
    0xef, 0xff, 0xee, 0xe6, 0x0, 0x0, 0x6f, 0xf8,
    0x0, 0x0, 0x0, 0x4, 0xff, 0xa0, 0x0, 0x0,
    0x0, 0x2e, 0xfc, 0x0, 0x0, 0x0, 0x1, 0xdf,
    0xe1, 0x0, 0x0, 0x0, 0xb, 0xff, 0x30, 0x0,
    0x0, 0x0, 0x9f, 0xf5, 0x0, 0x0, 0x0, 0x0,
    0xff, 0xff, 0xff, 0xff, 0xff, 0xf8, 0xff, 0xff,
    0xff, 0xff, 0xff, 0xf8,

    /* U+01BC "Ƽ" */
    0x2f, 0xff, 0xff, 0xff, 0xff, 0xff, 0x22, 0xff,
    0xff, 0xff, 0xff, 0xff, 0xf2, 0x3, 0x3f, 0xfb,
    0x33, 0x33, 0x33, 0x0, 0x0, 0xef, 0xa0, 0x0,
    0x0, 0x0, 0x0, 0xe, 0xfa, 0x0, 0x0, 0x0,
    0x0, 0x0, 0xef, 0xa0, 0x0, 0x0, 0x0, 0x0,
    0xe, 0xff, 0xfe, 0xc6, 0x0, 0x0, 0x0, 0xef,
    0xff, 0xff, 0xfd, 0x20, 0x0, 0x1, 0x11, 0x24,
    0xbf, 0xfe, 0x0, 0x0, 0x0, 0x0, 0x0, 0x7f,
    0xf6, 0x0, 0x0, 0x0, 0x0, 0x0, 0xff, 0xa0,
    0x0, 0x0, 0x0, 0x0, 0xe, 0xfb, 0x0, 0x0,
    0x0, 0x0, 0x1, 0xff, 0xa0, 0x0, 0x0, 0x0,
    0x0, 0x9f, 0xf5, 0x3e, 0x95, 0x21, 0x25, 0xbf,
    0xfc, 0x3, 0xff, 0xff, 0xff, 0xff, 0xfc, 0x10,
    0x5, 0xad, 0xef, 0xfd, 0xa5, 0x0, 0x0,

    /* U+01BD "ƽ" */
    0xf, 0xff, 0xff, 0xff, 0xff, 0x70, 0xf, 0xff,
    0xff, 0xff, 0xff, 0x70, 0x0, 0x2f, 0xf3, 0x0,
    0x0, 0x0, 0x0, 0x2f, 0xf3, 0x0, 0x0, 0x0,
    0x0, 0x2f, 0xf3, 0x0, 0x0, 0x0, 0x0, 0x2f,
    0xff, 0xfd, 0xa3, 0x0, 0x0, 0x2f, 0xff, 0xff,
    0xff, 0x50, 0x0, 0x0, 0x0, 0x15, 0xef, 0xe0,
    0x0, 0x0, 0x0, 0x0, 0x6f, 0xf2, 0x0, 0x0,
    0x0, 0x0, 0x7f, 0xf1, 0x2a, 0x52, 0x0, 0x26,
    0xff, 0xb0, 0x3f, 0xff, 0xff, 0xff, 0xfd, 0x10,
    0x7, 0xbd, 0xff, 0xec, 0x70, 0x0,

    /* U+01BE "ƾ" */
    0x0, 0x0, 0xfb, 0x0, 0x0, 0x0, 0x0, 0x5f,
    0xb0, 0x0, 0x0, 0x0, 0xa, 0xfb, 0x0, 0x0,
    0x0, 0x6d, 0xff, 0xff, 0xff, 0x50, 0xe, 0xef,
    0xff, 0xee, 0xe4, 0x0, 0x0, 0xcf, 0xb0, 0x0,
    0x0, 0x0, 0xc, 0xfb, 0x0, 0x0, 0x0, 0x0,
    0xbf, 0xd0, 0x0, 0x0, 0x0, 0x7, 0xff, 0xc3,
    0x0, 0x0, 0x0, 0xa, 0xff, 0xfb, 0x10, 0x0,
    0x0, 0x4, 0xcf, 0xfd, 0x0, 0x0, 0x0, 0x0,
    0x8f, 0xf3, 0x0, 0x0, 0x0, 0x3, 0xff, 0x42,
    0xb5, 0x10, 0x2, 0xbf, 0xf1, 0x2f, 0xff, 0xff,
    0xff, 0xf7, 0x0, 0x7b, 0xef, 0xfe, 0xa4, 0x0,

    /* U+01BF "ƿ" */
    0xf, 0xf2, 0x2a, 0xef, 0xd8, 0x0, 0x0, 0xff,
    0x8e, 0xff, 0xff, 0xfd, 0x10, 0xf, 0xff, 0xd5,
    0x24, 0xbf, 0xfa, 0x0, 0xff, 0xf1, 0x0, 0x0,
    0xdf, 0xf0, 0xf, 0xfb, 0x0, 0x0, 0x8, 0xff,
    0x30, 0xff, 0x90, 0x0, 0x0, 0x6f, 0xf3, 0xf,
    0xf9, 0x0, 0x0, 0x7, 0xff, 0x20, 0xff, 0x90,
    0x0, 0x0, 0xcf, 0xf0, 0xf, 0xf9, 0x0, 0x0,
    0x5f, 0xf9, 0x0, 0xff, 0x90, 0x0, 0x5f, 0xfe,
    0x10, 0xf, 0xf9, 0x15, 0xcf, 0xfe, 0x20, 0x0,
    0xff, 0xff, 0xff, 0xfb, 0x10, 0x0, 0xf, 0xff,
    0xfd, 0x94, 0x0, 0x0, 0x0, 0xff, 0x90, 0x0,
    0x0, 0x0, 0x0, 0xf, 0xf9, 0x0, 0x0, 0x0,
    0x0, 0x0, 0xff, 0x90, 0x0, 0x0, 0x0, 0x0,
    0xf, 0xf9, 0x0, 0x0, 0x0, 0x0, 0x0, 0xff,
    0x90, 0x0, 0x0, 0x0, 0x0, 0xf, 0xf9, 0x0,
    0x0, 0x0, 0x0, 0x0,

    /* U+01C0 "ǀ" */
    0x2f, 0xe2, 0xfe, 0x2f, 0xe2, 0xfe, 0x2f, 0xe2,
    0xfe, 0x2f, 0xe2, 0xfe, 0x2f, 0xe2, 0xfe, 0x2f,
    0xe2, 0xfe, 0x2f, 0xe2, 0xfe, 0x2f, 0xe2, 0xfe,
    0x2f, 0xe2, 0xfe,

    /* U+01C1 "ǁ" */
    0x2f, 0xe0, 0x0, 0xaf, 0x72, 0xfe, 0x0, 0xa,
    0xf7, 0x2f, 0xe0, 0x0, 0xaf, 0x72, 0xfe, 0x0,
    0xa, 0xf7, 0x2f, 0xe0, 0x0, 0xaf, 0x72, 0xfe,
    0x0, 0xa, 0xf7, 0x2f, 0xe0, 0x0, 0xaf, 0x72,
    0xfe, 0x0, 0xa, 0xf7, 0x2f, 0xe0, 0x0, 0xaf,
    0x72, 0xfe, 0x0, 0xa, 0xf7, 0x2f, 0xe0, 0x0,
    0xaf, 0x72, 0xfe, 0x0, 0xa, 0xf7, 0x2f, 0xe0,
    0x0, 0xaf, 0x72, 0xfe, 0x0, 0xa, 0xf7, 0x2f,
    0xe0, 0x0, 0xaf, 0x72, 0xfe, 0x0, 0xa, 0xf7,
    0x2f, 0xe0, 0x0, 0xaf, 0x72, 0xfe, 0x0, 0xa,
    0xf7,

    /* U+01C2 "ǂ" */
    0x0, 0x0, 0xdf, 0x30, 0x0, 0x0, 0x0, 0xdf,
    0x30, 0x0, 0x0, 0x0, 0xdf, 0x30, 0x0, 0x0,
    0x0, 0xdf, 0x30, 0x0, 0x0, 0x0, 0xdf, 0x30,
    0x0, 0x0, 0x0, 0xdf, 0x30, 0x0, 0x8f, 0xff,
    0xff, 0xff, 0xfe, 0x7e, 0xee, 0xff, 0xee, 0xec,
    0x0, 0x0, 0xdf, 0x30, 0x0, 0x0, 0x0, 0xdf,
    0x30, 0x0, 0x8f, 0xff, 0xff, 0xff, 0xfe, 0x7e,
    0xee, 0xff, 0xee, 0xed, 0x0, 0x0, 0xdf, 0x30,
    0x0, 0x0, 0x0, 0xdf, 0x30, 0x0, 0x0, 0x0,
    0xdf, 0x30, 0x0, 0x0, 0x0, 0xdf, 0x30, 0x0,
    0x0, 0x0, 0xdf, 0x30, 0x0, 0x0, 0x0, 0xdf,
    0x30, 0x0,

    /* U+01C3 "ǃ" */
    0x3f, 0xfc, 0x2f, 0xfb, 0x1f, 0xfa, 0xf, 0xf9,
    0xf, 0xf8, 0xf, 0xf7, 0xe, 0xf7, 0xd, 0xf6,
    0xc, 0xf5, 0xb, 0xf4, 0xb, 0xf3, 0x9, 0xf2,
    0x0, 0x0, 0x3, 0x61, 0x3f, 0xfb, 0x5f, 0xfd,
    0x1c, 0xf6,

    /* U+01C4 "Ǆ" */
    0x0, 0x0, 0x0, 0x0, 0x0, 0x0, 0x0, 0x0,
    0x0, 0x77, 0x0, 0x0, 0x38, 0x50, 0x0, 0x0,
    0x0, 0x0, 0x0, 0x0, 0x0, 0x0, 0x0, 0x6,
    0xfd, 0x20, 0x5f, 0xe2, 0x0, 0x0, 0x0, 0x0,
    0x0, 0x0, 0x0, 0x0, 0x0, 0x0, 0x8, 0xfe,
    0x8f, 0xf3, 0x0, 0x0, 0x0, 0x0, 0x0, 0x0,
    0x0, 0x0, 0x0, 0x0, 0x0, 0xb, 0xff, 0xf6,
    0x0, 0x0, 0x0, 0x0, 0x0, 0x0, 0x0, 0x0,
    0x0, 0x0, 0x0, 0x0, 0x18, 0x86, 0x0, 0x0,
    0x0, 0x0, 0x0, 0x0, 0x0, 0x0, 0x0, 0x0,
    0x0, 0x0, 0x0, 0x0, 0x0, 0x0, 0x0, 0xcf,
    0xff, 0xff, 0xed, 0x94, 0x0, 0x0, 0x0, 0x9f,
    0xff, 0xff, 0xff, 0xff, 0xff, 0x1c, 0xff, 0xff,
    0xff, 0xff, 0xfc, 0x20, 0x0, 0x9, 0xff, 0xff,
    0xff, 0xff, 0xff, 0xf1, 0xcf, 0xd2, 0x22, 0x36,
    0xcf, 0xff, 0x20, 0x0, 0x12, 0x22, 0x22, 0x22,
    0x6f, 0xf9, 0xc, 0xfd, 0x0, 0x0, 0x0, 0x6f,
    0xfd, 0x0, 0x0, 0x0, 0x0, 0x0, 0xe, 0xfe,
    0x0, 0xcf, 0xd0, 0x0, 0x0, 0x0, 0x8f, 0xf6,
    0x0, 0x0, 0x0, 0x0, 0xa, 0xff, 0x40, 0xc,
    0xfd, 0x0, 0x0, 0x0, 0x1, 0xff, 0xc0, 0x0,
    0x0, 0x0, 0x4, 0xff, 0x90, 0x0, 0xcf, 0xd0,
    0x0, 0x0, 0x0, 0xc, 0xff, 0x0, 0x0, 0x0,
    0x1, 0xef, 0xd0, 0x0, 0xc, 0xfd, 0x0, 0x0,
    0x0, 0x0, 0xaf, 0xf1, 0x0, 0x0, 0x0, 0xaf,
    0xf3, 0x0, 0x0, 0xcf, 0xd0, 0x0, 0x0, 0x0,
    0xa, 0xff, 0x10, 0x0, 0x0, 0x5f, 0xf8, 0x0,
    0x0, 0xc, 0xfd, 0x0, 0x0, 0x0, 0x0, 0xaf,
    0xf0, 0x0, 0x0, 0x1e, 0xfd, 0x0, 0x0, 0x0,
    0xcf, 0xd0, 0x0, 0x0, 0x0, 0xd, 0xfe, 0x0,
    0x0, 0xa, 0xff, 0x30, 0x0, 0x0, 0xc, 0xfd,
    0x0, 0x0, 0x0, 0x2, 0xff, 0xa0, 0x0, 0x5,
    0xff, 0x80, 0x0, 0x0, 0x0, 0xcf, 0xd0, 0x0,
    0x0, 0x0, 0xaf, 0xf5, 0x0, 0x1, 0xef, 0xd0,
    0x0, 0x0, 0x0, 0xc, 0xfd, 0x0, 0x0, 0x0,
    0x9f, 0xfc, 0x0, 0x0, 0xbf, 0xf3, 0x0, 0x0,
    0x0, 0x0, 0xcf, 0xd2, 0x23, 0x48, 0xef, 0xfe,
    0x10, 0x0, 0x5f, 0xfa, 0x22, 0x22, 0x22, 0x22,
    0xc, 0xff, 0xff, 0xff, 0xff, 0xfb, 0x10, 0x0,
    0xd, 0xff, 0xff, 0xff, 0xff, 0xff, 0xf4, 0xcf,
    0xff, 0xff, 0xec, 0x82, 0x0, 0x0, 0x0, 0xdf,
    0xff, 0xff, 0xff, 0xff, 0xff, 0x40,

    /* U+01C5 "ǅ" */
    0x0, 0x0, 0x0, 0x0, 0x0, 0x0, 0x0, 0x0,
    0xb, 0xf7, 0x0, 0x1b, 0xf6, 0xc, 0xff, 0xff,
    0xfe, 0xd9, 0x40, 0x0, 0x0, 0x0, 0xb, 0xfb,
    0x5e, 0xf6, 0x0, 0xcf, 0xff, 0xff, 0xff, 0xff,
    0xc2, 0x0, 0x0, 0x0, 0xc, 0xff, 0xf7, 0x0,
    0xc, 0xfd, 0x22, 0x23, 0x6c, 0xff, 0xf2, 0x0,
    0x0, 0x0, 0x28, 0x87, 0x0, 0x0, 0xcf, 0xd0,
    0x0, 0x0, 0x6, 0xff, 0xd0, 0x0, 0x0, 0x0,
    0x0, 0x0, 0x0, 0xc, 0xfd, 0x0, 0x0, 0x0,
    0x8, 0xff, 0x60, 0x3, 0xff, 0xff, 0xff, 0xff,
    0xe0, 0xcf, 0xd0, 0x0, 0x0, 0x0, 0x1f, 0xfc,
    0x0, 0x2f, 0xff, 0xff, 0xff, 0xfe, 0xc, 0xfd,
    0x0, 0x0, 0x0, 0x0, 0xcf, 0xf0, 0x0, 0x0,
    0x0, 0x5, 0xff, 0x60, 0xcf, 0xd0, 0x0, 0x0,
    0x0, 0xa, 0xff, 0x10, 0x0, 0x0, 0x1, 0xef,
    0xa0, 0xc, 0xfd, 0x0, 0x0, 0x0, 0x0, 0xaf,
    0xf1, 0x0, 0x0, 0x0, 0xbf, 0xe0, 0x0, 0xcf,
    0xd0, 0x0, 0x0, 0x0, 0xa, 0xff, 0x0, 0x0,
    0x0, 0x6f, 0xf3, 0x0, 0xc, 0xfd, 0x0, 0x0,
    0x0, 0x0, 0xdf, 0xe0, 0x0, 0x0, 0x2f, 0xf8,
    0x0, 0x0, 0xcf, 0xd0, 0x0, 0x0, 0x0, 0x2f,
    0xfa, 0x0, 0x0, 0xc, 0xfc, 0x0, 0x0, 0xc,
    0xfd, 0x0, 0x0, 0x0, 0xa, 0xff, 0x50, 0x0,
    0x8, 0xff, 0x10, 0x0, 0x0, 0xcf, 0xd0, 0x0,
    0x0, 0x9, 0xff, 0xc0, 0x0, 0x3, 0xff, 0x50,
    0x0, 0x0, 0xc, 0xfd, 0x22, 0x34, 0x8e, 0xff,
    0xe1, 0x0, 0x1, 0xef, 0xb2, 0x22, 0x22, 0x20,
    0xcf, 0xff, 0xff, 0xff, 0xff, 0xb1, 0x0, 0x0,
    0x8f, 0xff, 0xff, 0xff, 0xff, 0x1c, 0xff, 0xff,
    0xfe, 0xc8, 0x20, 0x0, 0x0, 0x9, 0xff, 0xff,
    0xff, 0xff, 0xf1,

    /* U+01C6 "ǆ" */
    0x0, 0x0, 0x0, 0x0, 0xa, 0xfe, 0x0, 0x5,
    0xfb, 0x10, 0x7, 0xfb, 0x0, 0x0, 0x0, 0x0,
    0x0, 0xaf, 0xe0, 0x0, 0x7, 0xfe, 0x3b, 0xfb,
    0x0, 0x0, 0x0, 0x0, 0x0, 0xa, 0xfe, 0x0,
    0x0, 0x9, 0xff, 0xfd, 0x0, 0x0, 0x0, 0x0,
    0x0, 0x0, 0xaf, 0xe0, 0x0, 0x0, 0x9, 0xaa,
    0x20, 0x0, 0x0, 0x0, 0x0, 0x0, 0x9, 0xfe,
    0x0, 0x0, 0x0, 0x0, 0x0, 0x0, 0x0, 0x1,
    0x9e, 0xfe, 0x91, 0x9f, 0xe0, 0x0, 0xdf, 0xff,
    0xff, 0xff, 0xf4, 0x3, 0xef, 0xff, 0xff, 0xea,
    0xfe, 0x0, 0xd, 0xff, 0xff, 0xff, 0xff, 0x40,
    0xdf, 0xf8, 0x21, 0x5d, 0xff, 0xe0, 0x0, 0x11,
    0x11, 0x11, 0xef, 0xd0, 0x4f, 0xf9, 0x0, 0x0,
    0x3f, 0xfe, 0x0, 0x0, 0x0, 0x0, 0x9f, 0xf2,
    0x8, 0xff, 0x20, 0x0, 0x0, 0xdf, 0xe0, 0x0,
    0x0, 0x0, 0x5f, 0xf6, 0x0, 0xaf, 0xf0, 0x0,
    0x0, 0xa, 0xfe, 0x0, 0x0, 0x0, 0x2f, 0xfb,
    0x0, 0xb, 0xfe, 0x0, 0x0, 0x0, 0x9f, 0xe0,
    0x0, 0x0, 0xc, 0xfe, 0x10, 0x0, 0xaf, 0xf0,
    0x0, 0x0, 0xa, 0xfe, 0x0, 0x0, 0x8, 0xff,
    0x30, 0x0, 0x8, 0xff, 0x20, 0x0, 0x0, 0xcf,
    0xe0, 0x0, 0x4, 0xff, 0x70, 0x0, 0x0, 0x4f,
    0xf8, 0x0, 0x0, 0x2f, 0xfe, 0x0, 0x1, 0xef,
    0xc0, 0x0, 0x0, 0x0, 0xdf, 0xf7, 0x21, 0x4d,
    0xff, 0xe0, 0x0, 0xbf, 0xf2, 0x11, 0x11, 0x10,
    0x3, 0xff, 0xff, 0xff, 0xe8, 0xfe, 0x0, 0x3f,
    0xff, 0xff, 0xff, 0xff, 0x70, 0x2, 0xae, 0xfe,
    0x91, 0x3f, 0xe0, 0x4, 0xff, 0xff, 0xff, 0xff,
    0xf7,

    /* U+01C7 "Ǉ" */
    0xcf, 0xd0, 0x0, 0x0, 0x0, 0x0, 0xf, 0xfa,
    0xcf, 0xd0, 0x0, 0x0, 0x0, 0x0, 0xf, 0xfa,
    0xcf, 0xd0, 0x0, 0x0, 0x0, 0x0, 0xf, 0xfa,
    0xcf, 0xd0, 0x0, 0x0, 0x0, 0x0, 0xf, 0xfa,
    0xcf, 0xd0, 0x0, 0x0, 0x0, 0x0, 0xf, 0xfa,
    0xcf, 0xd0, 0x0, 0x0, 0x0, 0x0, 0xf, 0xfa,
    0xcf, 0xd0, 0x0, 0x0, 0x0, 0x0, 0xf, 0xfa,
    0xcf, 0xd0, 0x0, 0x0, 0x0, 0x0, 0xf, 0xfa,
    0xcf, 0xd0, 0x0, 0x0, 0x0, 0x0, 0xf, 0xfa,
    0xcf, 0xd0, 0x0, 0x0, 0x0, 0x0, 0xf, 0xfa,
    0xcf, 0xd0, 0x0, 0x0, 0x0, 0x0, 0xf, 0xfa,
    0xcf, 0xd0, 0x0, 0x0, 0x0, 0x0, 0xf, 0xfa,
    0xcf, 0xd0, 0x0, 0x0, 0x0, 0x0, 0xf, 0xfa,
    0xcf, 0xd0, 0x0, 0x0, 0x0, 0x0, 0xf, 0xfa,
    0xcf, 0xe3, 0x33, 0x33, 0x33, 0x0, 0xf, 0xfa,
    0xcf, 0xff, 0xff, 0xff, 0xff, 0x20, 0xf, 0xfa,
    0xcf, 0xff, 0xff, 0xff, 0xff, 0x20, 0xf, 0xfa,
    0x0, 0x0, 0x0, 0x0, 0x0, 0x0, 0xf, 0xf9,
    0x0, 0x0, 0x0, 0x0, 0x0, 0x0, 0x3f, 0xf7,
    0x0, 0x0, 0x0, 0x0, 0x5, 0x35, 0xdf, 0xf2,
    0x0, 0x0, 0x0, 0x0, 0xf, 0xff, 0xff, 0x80,
    0x0, 0x0, 0x0, 0x0, 0xd, 0xff, 0xc5, 0x0,

    /* U+01C8 "ǈ" */
    0x0, 0x0, 0x0, 0x0, 0x0, 0x0, 0x1d, 0xe3,
    0xcf, 0xd0, 0x0, 0x0, 0x0, 0x0, 0x4f, 0xf8,
    0xcf, 0xd0, 0x0, 0x0, 0x0, 0x0, 0x1b, 0xc2,
    0xcf, 0xd0, 0x0, 0x0, 0x0, 0x0, 0x0, 0x0,
    0xcf, 0xd0, 0x0, 0x0, 0x0, 0x0, 0x0, 0x0,
    0xcf, 0xd0, 0x0, 0x0, 0x0, 0x0, 0x2f, 0xf6,
    0xcf, 0xd0, 0x0, 0x0, 0x0, 0x0, 0x2f, 0xf6,
    0xcf, 0xd0, 0x0, 0x0, 0x0, 0x0, 0x2f, 0xf6,
    0xcf, 0xd0, 0x0, 0x0, 0x0, 0x0, 0x2f, 0xf6,
    0xcf, 0xd0, 0x0, 0x0, 0x0, 0x0, 0x2f, 0xf6,
    0xcf, 0xd0, 0x0, 0x0, 0x0, 0x0, 0x2f, 0xf6,
    0xcf, 0xd0, 0x0, 0x0, 0x0, 0x0, 0x2f, 0xf6,
    0xcf, 0xd0, 0x0, 0x0, 0x0, 0x0, 0x2f, 0xf6,
    0xcf, 0xd0, 0x0, 0x0, 0x0, 0x0, 0x2f, 0xf6,
    0xcf, 0xd0, 0x0, 0x0, 0x0, 0x0, 0x2f, 0xf6,
    0xcf, 0xe3, 0x33, 0x33, 0x33, 0x0, 0x2f, 0xf6,
    0xcf, 0xff, 0xff, 0xff, 0xff, 0x20, 0x2f, 0xf6,
    0xcf, 0xff, 0xff, 0xff, 0xff, 0x20, 0x2f, 0xf6,
    0x0, 0x0, 0x0, 0x0, 0x0, 0x0, 0x2f, 0xf6,
    0x0, 0x0, 0x0, 0x0, 0x0, 0x0, 0x2f, 0xf5,
    0x0, 0x0, 0x0, 0x0, 0x0, 0x0, 0x4f, 0xf4,
    0x0, 0x0, 0x0, 0x0, 0x1, 0x22, 0xbf, 0xf2,
    0x0, 0x0, 0x0, 0x0, 0x7, 0xff, 0xff, 0xa0,
    0x0, 0x0, 0x0, 0x0, 0x5, 0xef, 0xe9, 0x0,

    /* U+01C9 "ǉ" */
    0xf, 0xf8, 0x0, 0x5, 0xfc, 0x0, 0xff, 0x80,
    0x0, 0xaf, 0xf3, 0xf, 0xf8, 0x0, 0x4, 0xda,
    0x0, 0xff, 0x80, 0x0, 0x0, 0x0, 0xf, 0xf8,
    0x0, 0x0, 0x0, 0x0, 0xff, 0x80, 0x0, 0x8f,
    0xf0, 0xf, 0xf8, 0x0, 0x8, 0xff, 0x0, 0xff,
    0x80, 0x0, 0x8f, 0xf0, 0xf, 0xf8, 0x0, 0x8,
    0xff, 0x0, 0xff, 0x80, 0x0, 0x8f, 0xf0, 0xf,
    0xf8, 0x0, 0x8, 0xff, 0x0, 0xff, 0x80, 0x0,
    0x8f, 0xf0, 0xf, 0xf8, 0x0, 0x8, 0xff, 0x0,
    0xff, 0x80, 0x0, 0x8f, 0xf0, 0xf, 0xf8, 0x0,
    0x8, 0xff, 0x0, 0xff, 0x80, 0x0, 0x8f, 0xf0,
    0xf, 0xf8, 0x0, 0x8, 0xff, 0x0, 0xff, 0x80,
    0x0, 0x8f, 0xf0, 0x0, 0x0, 0x0, 0x8, 0xff,
    0x0, 0x0, 0x0, 0x0, 0x8f, 0xf0, 0x0, 0x0,
    0x0, 0x9, 0xff, 0x0, 0x0, 0x2, 0x13, 0xef,
    0xc0, 0x0, 0x0, 0xcf, 0xff, 0xf5, 0x0, 0x0,
    0x9, 0xff, 0xd6, 0x0,

    /* U+01CA "Ǌ" */
    0xbf, 0xfb, 0x0, 0x0, 0x0, 0x1, 0xff, 0x50,
    0x0, 0x3f, 0xf6, 0xbf, 0xff, 0x50, 0x0, 0x0,
    0x1, 0xff, 0x50, 0x0, 0x3f, 0xf6, 0xbf, 0xff,
    0xe1, 0x0, 0x0, 0x1, 0xff, 0x50, 0x0, 0x3f,
    0xf6, 0xbf, 0xcf, 0xfa, 0x0, 0x0, 0x1, 0xff,
    0x50, 0x0, 0x3f, 0xf6, 0xbf, 0x7b, 0xff, 0x40,
    0x0, 0x1, 0xff, 0x50, 0x0, 0x3f, 0xf6, 0xbf,
    0x81, 0xff, 0xd0, 0x0, 0x1, 0xff, 0x50, 0x0,
    0x3f, 0xf6, 0xbf, 0x90, 0x6f, 0xf8, 0x0, 0x1,
    0xff, 0x50, 0x0, 0x3f, 0xf6, 0xbf, 0x90, 0xc,
    0xff, 0x30, 0x1, 0xff, 0x50, 0x0, 0x3f, 0xf6,
    0xbf, 0xa0, 0x2, 0xff, 0xc0, 0x1, 0xff, 0x50,
    0x0, 0x3f, 0xf6, 0xbf, 0xa0, 0x0, 0x8f, 0xf7,
    0x0, 0xff, 0x50, 0x0, 0x3f, 0xf6, 0xbf, 0xa0,
    0x0, 0xd, 0xff, 0x10, 0xff, 0x50, 0x0, 0x3f,
    0xf6, 0xbf, 0xa0, 0x0, 0x4, 0xff, 0xb0, 0xff,
    0x50, 0x0, 0x3f, 0xf6, 0xbf, 0xa0, 0x0, 0x0,
    0xaf, 0xf5, 0xff, 0x50, 0x0, 0x3f, 0xf6, 0xbf,
    0xa0, 0x0, 0x0, 0x1e, 0xfe, 0xff, 0x50, 0x0,
    0x3f, 0xf6, 0xbf, 0xa0, 0x0, 0x0, 0x6, 0xff,
    0xff, 0x50, 0x0, 0x3f, 0xf6, 0xbf, 0xa0, 0x0,
    0x0, 0x0, 0xbf, 0xff, 0x50, 0x0, 0x3f, 0xf6,
    0xbf, 0xa0, 0x0, 0x0, 0x0, 0x2f, 0xff, 0x50,
    0x0, 0x3f, 0xf6, 0x0, 0x0, 0x0, 0x0, 0x0,
    0x0, 0x0, 0x0, 0x0, 0x3f, 0xf5, 0x0, 0x0,
    0x0, 0x0, 0x0, 0x0, 0x0, 0x0, 0x0, 0x7f,
    0xf3, 0x0, 0x0, 0x0, 0x0, 0x0, 0x0, 0x0,
    0x15, 0x37, 0xff, 0xe0, 0x0, 0x0, 0x0, 0x0,
    0x0, 0x0, 0x0, 0x3f, 0xff, 0xff, 0x40, 0x0,
    0x0, 0x0, 0x0, 0x0, 0x0, 0x0, 0x2e, 0xfe,
    0xb3, 0x0,

    /* U+01CB "ǋ" */
    0x0, 0x0, 0x0, 0x0, 0x0, 0x0, 0x0, 0x0,
    0x0, 0x4e, 0xd1, 0xbf, 0xfb, 0x0, 0x0, 0x0,
    0x1, 0xff, 0x50, 0x0, 0x8f, 0xf4, 0xbf, 0xff,
    0x50, 0x0, 0x0, 0x1, 0xff, 0x50, 0x0, 0x3c,
    0xb0, 0xbf, 0xff, 0xe1, 0x0, 0x0, 0x1, 0xff,
    0x50, 0x0, 0x0, 0x0, 0xbf, 0xaf, 0xfa, 0x0,
    0x0, 0x1, 0xff, 0x50, 0x0, 0x0, 0x0, 0xbf,
    0x88, 0xff, 0x40, 0x0, 0x1, 0xff, 0x50, 0x0,
    0x6f, 0xf2, 0xbf, 0x80, 0xef, 0xd0, 0x0, 0x1,
    0xff, 0x50, 0x0, 0x6f, 0xf2, 0xbf, 0x90, 0x5f,
    0xf8, 0x0, 0x1, 0xff, 0x50, 0x0, 0x6f, 0xf2,
    0xbf, 0x90, 0xb, 0xff, 0x30, 0x1, 0xff, 0x50,
    0x0, 0x6f, 0xf2, 0xbf, 0xa0, 0x1, 0xff, 0xc0,
    0x1, 0xff, 0x50, 0x0, 0x6f, 0xf2, 0xbf, 0xa0,
    0x0, 0x7f, 0xf7, 0x0, 0xff, 0x50, 0x0, 0x6f,
    0xf2, 0xbf, 0xa0, 0x0, 0xd, 0xff, 0x10, 0xff,
    0x50, 0x0, 0x6f, 0xf2, 0xbf, 0xa0, 0x0, 0x3,
    0xff, 0xb0, 0xff, 0x50, 0x0, 0x6f, 0xf2, 0xbf,
    0xa0, 0x0, 0x0, 0x9f, 0xf5, 0xff, 0x50, 0x0,
    0x6f, 0xf2, 0xbf, 0xa0, 0x0, 0x0, 0x1e, 0xfe,
    0xff, 0x50, 0x0, 0x6f, 0xf2, 0xbf, 0xa0, 0x0,
    0x0, 0x5, 0xff, 0xff, 0x50, 0x0, 0x6f, 0xf2,
    0xbf, 0xa0, 0x0, 0x0, 0x0, 0xbf, 0xff, 0x50,
    0x0, 0x6f, 0xf2, 0xbf, 0xa0, 0x0, 0x0, 0x0,
    0x2f, 0xff, 0x50, 0x0, 0x6f, 0xf2, 0x0, 0x0,
    0x0, 0x0, 0x0, 0x0, 0x0, 0x0, 0x0, 0x6f,
    0xf2, 0x0, 0x0, 0x0, 0x0, 0x0, 0x0, 0x0,
    0x0, 0x0, 0x6f, 0xf2, 0x0, 0x0, 0x0, 0x0,
    0x0, 0x0, 0x0, 0x0, 0x0, 0x7f, 0xf1, 0x0,
    0x0, 0x0, 0x0, 0x0, 0x0, 0x0, 0x2, 0x13,
    0xdf, 0xe0, 0x0, 0x0, 0x0, 0x0, 0x0, 0x0,
    0x0, 0xa, 0xff, 0xff, 0x60, 0x0, 0x0, 0x0,
    0x0, 0x0, 0x0, 0x0, 0x8, 0xff, 0xd7, 0x0,

    /* U+01CC "ǌ" */
    0x0, 0x0, 0x0, 0x0, 0x0, 0x0, 0x0, 0x0,
    0xaf, 0x70, 0x0, 0x0, 0x0, 0x0, 0x0, 0x0,
    0x0, 0xf, 0xfc, 0x0, 0x0, 0x0, 0x0, 0x0,
    0x0, 0x0, 0x0, 0x9d, 0x50, 0x0, 0x0, 0x0,
    0x0, 0x0, 0x0, 0x0, 0x0, 0x0, 0x0, 0x0,
    0x0, 0x0, 0x0, 0x0, 0x0, 0x0, 0x0, 0x0,
    0xff, 0x11, 0x9e, 0xfe, 0xb3, 0x0, 0x0, 0xe,
    0xfa, 0xf, 0xf7, 0xff, 0xff, 0xff, 0xf4, 0x0,
    0x0, 0xef, 0xa0, 0xff, 0xfd, 0x51, 0x28, 0xff,
    0xd0, 0x0, 0xe, 0xfa, 0xf, 0xff, 0x20, 0x0,
    0xa, 0xff, 0x10, 0x0, 0xef, 0xa0, 0xff, 0xc0,
    0x0, 0x0, 0x6f, 0xf2, 0x0, 0xe, 0xfa, 0xf,
    0xf9, 0x0, 0x0, 0x5, 0xff, 0x20, 0x0, 0xef,
    0xa0, 0xff, 0x80, 0x0, 0x0, 0x5f, 0xf2, 0x0,
    0xe, 0xfa, 0xf, 0xf8, 0x0, 0x0, 0x5, 0xff,
    0x20, 0x0, 0xef, 0xa0, 0xff, 0x80, 0x0, 0x0,
    0x5f, 0xf2, 0x0, 0xe, 0xfa, 0xf, 0xf8, 0x0,
    0x0, 0x5, 0xff, 0x20, 0x0, 0xef, 0xa0, 0xff,
    0x80, 0x0, 0x0, 0x5f, 0xf2, 0x0, 0xe, 0xfa,
    0xf, 0xf8, 0x0, 0x0, 0x5, 0xff, 0x20, 0x0,
    0xef, 0xa0, 0xff, 0x80, 0x0, 0x0, 0x5f, 0xf2,
    0x0, 0xe, 0xfa, 0x0, 0x0, 0x0, 0x0, 0x0,
    0x0, 0x0, 0x0, 0xef, 0xa0, 0x0, 0x0, 0x0,
    0x0, 0x0, 0x0, 0x0, 0xe, 0xf9, 0x0, 0x0,
    0x0, 0x0, 0x0, 0x0, 0x0, 0x0, 0xff, 0x80,
    0x0, 0x0, 0x0, 0x0, 0x0, 0x0, 0x21, 0x8f,
    0xf6, 0x0, 0x0, 0x0, 0x0, 0x0, 0x0, 0x2f,
    0xff, 0xfe, 0x0, 0x0, 0x0, 0x0, 0x0, 0x0,
    0x2, 0xdf, 0xfb, 0x20,

    /* U+01CD "Ǎ" */
    0x0, 0x3, 0x84, 0x0, 0x0, 0x68, 0x10, 0x0,
    0x0, 0x0, 0xcf, 0x80, 0xb, 0xfa, 0x0, 0x0,
    0x0, 0x0, 0x1e, 0xf9, 0xcf, 0xb0, 0x0, 0x0,
    0x0, 0x0, 0x3, 0xff, 0xfe, 0x10, 0x0, 0x0,
    0x0, 0x0, 0x0, 0x58, 0x83, 0x0, 0x0, 0x0,
    0x0, 0x0, 0x0, 0x0, 0x0, 0x0, 0x0, 0x0,
    0x0, 0x0, 0x0, 0xbf, 0xf6, 0x0, 0x0, 0x0,
    0x0, 0x0, 0x1, 0xff, 0xfc, 0x0, 0x0, 0x0,
    0x0, 0x0, 0x7, 0xfe, 0xff, 0x20, 0x0, 0x0,
    0x0, 0x0, 0xd, 0xf8, 0xdf, 0x80, 0x0, 0x0,
    0x0, 0x0, 0x3f, 0xf3, 0x8f, 0xe0, 0x0, 0x0,
    0x0, 0x0, 0x9f, 0xe0, 0x3f, 0xf4, 0x0, 0x0,
    0x0, 0x0, 0xff, 0x90, 0xd, 0xfa, 0x0, 0x0,
    0x0, 0x5, 0xff, 0x30, 0x8, 0xff, 0x10, 0x0,
    0x0, 0xc, 0xfd, 0x0, 0x2, 0xff, 0x70, 0x0,
    0x0, 0x2f, 0xf7, 0x0, 0x0, 0xcf, 0xd0, 0x0,
    0x0, 0x8f, 0xff, 0xff, 0xff, 0xff, 0xf3, 0x0,
    0x0, 0xef, 0xff, 0xff, 0xff, 0xff, 0xf9, 0x0,
    0x4, 0xff, 0x83, 0x33, 0x33, 0x3c, 0xff, 0x0,
    0xa, 0xff, 0x10, 0x0, 0x0, 0x6, 0xff, 0x50,
    0x1f, 0xfa, 0x0, 0x0, 0x0, 0x0, 0xff, 0xb0,
    0x6f, 0xf4, 0x0, 0x0, 0x0, 0x0, 0xaf, 0xf2,
    0xcf, 0xe0, 0x0, 0x0, 0x0, 0x0, 0x3f, 0xf8,

    /* U+01CE "ǎ" */
    0x3, 0xfd, 0x30, 0x4, 0xee, 0x20, 0x4, 0xff,
    0x47, 0xfe, 0x30, 0x0, 0x5, 0xff, 0xff, 0x30,
    0x0, 0x0, 0x7, 0xaa, 0x50, 0x0, 0x0, 0x0,
    0x0, 0x0, 0x0, 0x0, 0x5, 0xad, 0xff, 0xd9,
    0x10, 0x5, 0xff, 0xff, 0xff, 0xfe, 0x10, 0xc,
    0x72, 0x0, 0x8f, 0xf9, 0x0, 0x0, 0x0, 0x0,
    0xdf, 0xc0, 0x0, 0x0, 0x0, 0xa, 0xfd, 0x0,
    0x15, 0x89, 0x99, 0xdf, 0xd0, 0x8f, 0xff, 0xff,
    0xff, 0xfd, 0x7f, 0xfb, 0x30, 0x0, 0xaf, 0xdd,
    0xfe, 0x0, 0x0, 0xb, 0xfd, 0xef, 0xc0, 0x0,
    0x0, 0xef, 0xdc, 0xff, 0x20, 0x1, 0xbf, 0xfd,
    0x4f, 0xff, 0xcd, 0xfe, 0x9f, 0xd0, 0x3b, 0xef,
    0xe9, 0x11, 0xfd,

    /* U+01CF "Ǐ" */
    0x7, 0x70, 0x0, 0x3, 0x84, 0x7, 0xfc, 0x10,
    0x7f, 0xe1, 0x0, 0xaf, 0xd8, 0xff, 0x20, 0x0,
    0xc, 0xff, 0xf4, 0x0, 0x0, 0x2, 0x88, 0x60,
    0x0, 0x0, 0x0, 0x0, 0x0, 0x0, 0x1, 0xff,
    0xff, 0xff, 0x90, 0x0, 0xae, 0xff, 0xfc, 0x50,
    0x0, 0x0, 0xff, 0x80, 0x0, 0x0, 0x0, 0xff,
    0x80, 0x0, 0x0, 0x0, 0xff, 0x80, 0x0, 0x0,
    0x0, 0xff, 0x80, 0x0, 0x0, 0x0, 0xff, 0x80,
    0x0, 0x0, 0x0, 0xff, 0x80, 0x0, 0x0, 0x0,
    0xff, 0x80, 0x0, 0x0, 0x0, 0xff, 0x80, 0x0,
    0x0, 0x0, 0xff, 0x80, 0x0, 0x0, 0x0, 0xff,
    0x80, 0x0, 0x0, 0x0, 0xff, 0x80, 0x0, 0x0,
    0x0, 0xff, 0x80, 0x0, 0x0, 0x0, 0xff, 0x80,
    0x0, 0x0, 0xae, 0xff, 0xfc, 0x40, 0x1, 0xff,
    0xff, 0xff, 0x90,

    /* U+01D0 "ǐ" */
    0xc, 0xf7, 0x0, 0x1b, 0xf6, 0x0, 0xcf, 0xa4,
    0xef, 0x60, 0x0, 0xd, 0xff, 0xf7, 0x0, 0x0,
    0x2, 0x88, 0x70, 0x0, 0x0, 0x0, 0x0, 0x0,
    0x0, 0x0, 0x0, 0xff, 0x80, 0x0, 0x0, 0x0,
    0xff, 0x80, 0x0, 0x0, 0x0, 0xff, 0x80, 0x0,
    0x0, 0x0, 0xff, 0x80, 0x0, 0x0, 0x0, 0xff,
    0x80, 0x0, 0x0, 0x0, 0xff, 0x80, 0x0, 0x0,
    0x0, 0xff, 0x80, 0x0, 0x0, 0x0, 0xff, 0x80,
    0x0, 0x0, 0x0, 0xff, 0x80, 0x0, 0x0, 0x0,
    0xff, 0x80, 0x0, 0x0, 0x0, 0xff, 0x80, 0x0,
    0x0, 0x0, 0xff, 0x80, 0x0, 0x0, 0x0, 0xff,
    0x80, 0x0,

    /* U+01D1 "Ǒ" */
    0x0, 0x0, 0x67, 0x10, 0x0, 0x17, 0x60, 0x0,
    0x0, 0x0, 0x4, 0xfe, 0x30, 0x4e, 0xf4, 0x0,
    0x0, 0x0, 0x0, 0x6, 0xff, 0x7f, 0xf5, 0x0,
    0x0, 0x0, 0x0, 0x0, 0x9, 0xff, 0xf8, 0x0,
    0x0, 0x0, 0x0, 0x0, 0x0, 0x7, 0x87, 0x0,
    0x0, 0x0, 0x0, 0x0, 0x0, 0x0, 0x0, 0x0,
    0x0, 0x0, 0x0, 0x0, 0x0, 0x39, 0xdf, 0xff,
    0xc8, 0x10, 0x0, 0x0, 0x0, 0x9f, 0xff, 0xff,
    0xff, 0xff, 0x60, 0x0, 0x0, 0xaf, 0xfe, 0x74,
    0x34, 0x8f, 0xff, 0x70, 0x0, 0x5f, 0xfc, 0x0,
    0x0, 0x0, 0x1d, 0xff, 0x20, 0xd, 0xff, 0x10,
    0x0, 0x0, 0x0, 0x3f, 0xfa, 0x2, 0xff, 0x90,
    0x0, 0x0, 0x0, 0x0, 0xcf, 0xf0, 0x6f, 0xf5,
    0x0, 0x0, 0x0, 0x0, 0x8, 0xff, 0x37, 0xff,
    0x30, 0x0, 0x0, 0x0, 0x0, 0x6f, 0xf5, 0x8f,
    0xf2, 0x0, 0x0, 0x0, 0x0, 0x5, 0xff, 0x67,
    0xff, 0x30, 0x0, 0x0, 0x0, 0x0, 0x6f, 0xf4,
    0x6f, 0xf5, 0x0, 0x0, 0x0, 0x0, 0x8, 0xff,
    0x32, 0xff, 0xa0, 0x0, 0x0, 0x0, 0x0, 0xdf,
    0xf0, 0xd, 0xff, 0x10, 0x0, 0x0, 0x0, 0x4f,
    0xfa, 0x0, 0x5f, 0xfc, 0x0, 0x0, 0x0, 0x2e,
    0xff, 0x20, 0x0, 0xaf, 0xfe, 0x74, 0x34, 0x8f,
    0xff, 0x70, 0x0, 0x0, 0x9f, 0xff, 0xff, 0xff,
    0xff, 0x60, 0x0, 0x0, 0x0, 0x39, 0xdf, 0xff,
    0xc8, 0x10, 0x0, 0x0,

    /* U+01D2 "ǒ" */
    0x0, 0xaf, 0x80, 0x0, 0xaf, 0x80, 0x0, 0x0,
    0xbf, 0xb2, 0xdf, 0x90, 0x0, 0x0, 0x0, 0xcf,
    0xff, 0xa0, 0x0, 0x0, 0x0, 0x2, 0xaa, 0xa0,
    0x0, 0x0, 0x0, 0x0, 0x0, 0x0, 0x0, 0x0,
    0x0, 0x0, 0x6c, 0xef, 0xda, 0x30, 0x0, 0x1,
    0xcf, 0xff, 0xff, 0xff, 0x70, 0x0, 0xbf, 0xf8,
    0x20, 0x3b, 0xff, 0x50, 0x3f, 0xf9, 0x0, 0x0,
    0xe, 0xfd, 0x8, 0xff, 0x20, 0x0, 0x0, 0x8f,
    0xf2, 0xaf, 0xf0, 0x0, 0x0, 0x5, 0xff, 0x5b,
    0xfe, 0x0, 0x0, 0x0, 0x3f, 0xf6, 0xaf, 0xf0,
    0x0, 0x0, 0x5, 0xff, 0x57, 0xff, 0x20, 0x0,
    0x0, 0x8f, 0xf2, 0x2f, 0xf9, 0x0, 0x0, 0xe,
    0xfe, 0x0, 0x9f, 0xf8, 0x10, 0x3b, 0xff, 0x50,
    0x0, 0xbf, 0xff, 0xff, 0xff, 0x80, 0x0, 0x0,
    0x5b, 0xef, 0xea, 0x30, 0x0,

    /* U+01D3 "Ǔ" */
    0x0, 0x38, 0x40, 0x0, 0x6, 0x81, 0x0, 0x0,
    0xd, 0xf8, 0x1, 0xbf, 0x90, 0x0, 0x0, 0x1,
    0xef, 0x9d, 0xfb, 0x0, 0x0, 0x0, 0x0, 0x3f,
    0xff, 0xd0, 0x0, 0x0, 0x0, 0x0, 0x5, 0x88,
    0x30, 0x0, 0x0, 0x0, 0x0, 0x0, 0x0, 0x0,
    0x0, 0x0, 0xdf, 0xb0, 0x0, 0x0, 0x0, 0xf,
    0xf9, 0xdf, 0xb0, 0x0, 0x0, 0x0, 0xf, 0xf9,
    0xdf, 0xb0, 0x0, 0x0, 0x0, 0xf, 0xf9, 0xdf,
    0xb0, 0x0, 0x0, 0x0, 0xf, 0xf9, 0xdf, 0xb0,
    0x0, 0x0, 0x0, 0xf, 0xf9, 0xdf, 0xb0, 0x0,
    0x0, 0x0, 0xf, 0xf9, 0xdf, 0xb0, 0x0, 0x0,
    0x0, 0xf, 0xf9, 0xdf, 0xb0, 0x0, 0x0, 0x0,
    0xf, 0xf9, 0xdf, 0xb0, 0x0, 0x0, 0x0, 0xf,
    0xf9, 0xdf, 0xb0, 0x0, 0x0, 0x0, 0xf, 0xf9,
    0xdf, 0xb0, 0x0, 0x0, 0x0, 0xf, 0xf9, 0xcf,
    0xc0, 0x0, 0x0, 0x0, 0x1f, 0xf8, 0xaf, 0xf0,
    0x0, 0x0, 0x0, 0x5f, 0xf5, 0x5f, 0xf9, 0x0,
    0x0, 0x0, 0xdf, 0xf0, 0xc, 0xff, 0xb5, 0x33,
    0x6d, 0xff, 0x70, 0x1, 0xcf, 0xff, 0xff, 0xff,
    0xf8, 0x0, 0x0, 0x6, 0xbe, 0xfe, 0xd9, 0x30,
    0x0,

    /* U+01D4 "ǔ" */
    0x0, 0x7f, 0xa1, 0x0, 0x8f, 0xb0, 0x0, 0x0,
    0x8f, 0xd3, 0xcf, 0xb0, 0x0, 0x0, 0x0, 0x9f,
    0xff, 0xc0, 0x0, 0x0, 0x0, 0x0, 0x78, 0x81,
    0x0, 0x0, 0x0, 0x0, 0x0, 0x0, 0x0, 0x0,
    0x2, 0xff, 0x60, 0x0, 0x0, 0x7f, 0xf1, 0x2f,
    0xf6, 0x0, 0x0, 0x7, 0xff, 0x12, 0xff, 0x60,
    0x0, 0x0, 0x7f, 0xf1, 0x2f, 0xf6, 0x0, 0x0,
    0x7, 0xff, 0x12, 0xff, 0x60, 0x0, 0x0, 0x7f,
    0xf1, 0x2f, 0xf6, 0x0, 0x0, 0x7, 0xff, 0x12,
    0xff, 0x60, 0x0, 0x0, 0x7f, 0xf1, 0x2f, 0xf6,
    0x0, 0x0, 0x8, 0xff, 0x12, 0xff, 0x70, 0x0,
    0x0, 0xaf, 0xf1, 0x1f, 0xfa, 0x0, 0x0, 0xe,
    0xff, 0x10, 0xdf, 0xf4, 0x0, 0x1a, 0xff, 0xf1,
    0x4, 0xff, 0xfe, 0xdf, 0xfa, 0xff, 0x10, 0x3,
    0xbe, 0xfe, 0xa3, 0xf, 0xf1,

    /* U+01D5 "Ǖ" */
    0x0, 0xd, 0xff, 0xff, 0xff, 0x80, 0x0, 0x0,
    0xb, 0xdd, 0xdd, 0xdd, 0x70, 0x0, 0x0, 0x0,
    0x0, 0x0, 0x0, 0x0, 0x0, 0x0, 0x6, 0xf8,
    0x0, 0xce, 0x20, 0x0, 0x0, 0x9, 0xfb, 0x0,
    0xff, 0x50, 0x0, 0x0, 0x1, 0x72, 0x0, 0x46,
    0x0, 0x0, 0x0, 0x0, 0x0, 0x0, 0x0, 0x0,
    0x0, 0xdf, 0xb0, 0x0, 0x0, 0x0, 0xf, 0xf9,
    0xdf, 0xb0, 0x0, 0x0, 0x0, 0xf, 0xf9, 0xdf,
    0xb0, 0x0, 0x0, 0x0, 0xf, 0xf9, 0xdf, 0xb0,
    0x0, 0x0, 0x0, 0xf, 0xf9, 0xdf, 0xb0, 0x0,
    0x0, 0x0, 0xf, 0xf9, 0xdf, 0xb0, 0x0, 0x0,
    0x0, 0xf, 0xf9, 0xdf, 0xb0, 0x0, 0x0, 0x0,
    0xf, 0xf9, 0xdf, 0xb0, 0x0, 0x0, 0x0, 0xf,
    0xf9, 0xdf, 0xb0, 0x0, 0x0, 0x0, 0xf, 0xf9,
    0xdf, 0xb0, 0x0, 0x0, 0x0, 0xf, 0xf9, 0xdf,
    0xb0, 0x0, 0x0, 0x0, 0xf, 0xf9, 0xcf, 0xc0,
    0x0, 0x0, 0x0, 0x1f, 0xf8, 0xaf, 0xf0, 0x0,
    0x0, 0x0, 0x5f, 0xf5, 0x5f, 0xf9, 0x0, 0x0,
    0x0, 0xdf, 0xf0, 0xc, 0xff, 0xb5, 0x33, 0x6d,
    0xff, 0x70, 0x1, 0xcf, 0xff, 0xff, 0xff, 0xf8,
    0x0, 0x0, 0x6, 0xbe, 0xfe, 0xd9, 0x30, 0x0,

    /* U+01D6 "ǖ" */
    0x0, 0x2f, 0xff, 0xff, 0xff, 0x30, 0x0, 0x2,
    0xdd, 0xdd, 0xdd, 0xd2, 0x0, 0x0, 0x0, 0x0,
    0x0, 0x0, 0x0, 0x0, 0x0, 0xbe, 0x30, 0x3e,
    0xb0, 0x0, 0x0, 0xf, 0xf6, 0x6, 0xff, 0x0,
    0x0, 0x0, 0x36, 0x0, 0x6, 0x40, 0x0, 0x0,
    0x0, 0x0, 0x0, 0x0, 0x0, 0x2, 0xff, 0x60,
    0x0, 0x0, 0x7f, 0xf1, 0x2f, 0xf6, 0x0, 0x0,
    0x7, 0xff, 0x12, 0xff, 0x60, 0x0, 0x0, 0x7f,
    0xf1, 0x2f, 0xf6, 0x0, 0x0, 0x7, 0xff, 0x12,
    0xff, 0x60, 0x0, 0x0, 0x7f, 0xf1, 0x2f, 0xf6,
    0x0, 0x0, 0x7, 0xff, 0x12, 0xff, 0x60, 0x0,
    0x0, 0x7f, 0xf1, 0x2f, 0xf6, 0x0, 0x0, 0x8,
    0xff, 0x12, 0xff, 0x70, 0x0, 0x0, 0xaf, 0xf1,
    0x1f, 0xfa, 0x0, 0x0, 0xe, 0xff, 0x10, 0xdf,
    0xf4, 0x0, 0x1a, 0xff, 0xf1, 0x4, 0xff, 0xfe,
    0xdf, 0xfa, 0xff, 0x10, 0x3, 0xbe, 0xfe, 0xa3,
    0xf, 0xf1,

    /* U+01D7 "Ǘ" */
    0x0, 0x0, 0x0, 0x8, 0xff, 0x70, 0x0, 0x0,
    0x0, 0x0, 0x3f, 0xf8, 0x0, 0x0, 0x0, 0x0,
    0x1, 0xef, 0x60, 0x0, 0x0, 0x0, 0x0, 0x3,
    0x83, 0x0, 0x0, 0x0, 0x0, 0x6, 0xf8, 0x0,
    0xce, 0x20, 0x0, 0x0, 0x9, 0xfb, 0x0, 0xff,
    0x50, 0x0, 0x0, 0x1, 0x72, 0x0, 0x46, 0x0,
    0x0, 0x0, 0x0, 0x0, 0x0, 0x0, 0x0, 0x0,
    0xdf, 0xb0, 0x0, 0x0, 0x0, 0xf, 0xf9, 0xdf,
    0xb0, 0x0, 0x0, 0x0, 0xf, 0xf9, 0xdf, 0xb0,
    0x0, 0x0, 0x0, 0xf, 0xf9, 0xdf, 0xb0, 0x0,
    0x0, 0x0, 0xf, 0xf9, 0xdf, 0xb0, 0x0, 0x0,
    0x0, 0xf, 0xf9, 0xdf, 0xb0, 0x0, 0x0, 0x0,
    0xf, 0xf9, 0xdf, 0xb0, 0x0, 0x0, 0x0, 0xf,
    0xf9, 0xdf, 0xb0, 0x0, 0x0, 0x0, 0xf, 0xf9,
    0xdf, 0xb0, 0x0, 0x0, 0x0, 0xf, 0xf9, 0xdf,
    0xb0, 0x0, 0x0, 0x0, 0xf, 0xf9, 0xdf, 0xb0,
    0x0, 0x0, 0x0, 0xf, 0xf9, 0xcf, 0xc0, 0x0,
    0x0, 0x0, 0x1f, 0xf8, 0xaf, 0xf0, 0x0, 0x0,
    0x0, 0x5f, 0xf5, 0x5f, 0xf9, 0x0, 0x0, 0x0,
    0xdf, 0xf0, 0xc, 0xff, 0xb5, 0x33, 0x6d, 0xff,
    0x70, 0x1, 0xcf, 0xff, 0xff, 0xff, 0xf8, 0x0,
    0x0, 0x6, 0xbe, 0xfe, 0xd9, 0x30, 0x0,

    /* U+01D8 "ǘ" */
    0x0, 0x0, 0x0, 0x6, 0x88, 0x20, 0x0, 0x0,
    0x0, 0x5, 0xff, 0x80, 0x0, 0x0, 0x0, 0x3,
    0xff, 0x50, 0x0, 0x0, 0x0, 0x0, 0x67, 0x10,
    0x0, 0x0, 0x0, 0xb, 0xe3, 0x3, 0xeb, 0x0,
    0x0, 0x0, 0xff, 0x60, 0x6f, 0xf0, 0x0, 0x0,
    0x3, 0x60, 0x0, 0x64, 0x0, 0x0, 0x0, 0x0,
    0x0, 0x0, 0x0, 0x0, 0x2f, 0xf6, 0x0, 0x0,
    0x7, 0xff, 0x12, 0xff, 0x60, 0x0, 0x0, 0x7f,
    0xf1, 0x2f, 0xf6, 0x0, 0x0, 0x7, 0xff, 0x12,
    0xff, 0x60, 0x0, 0x0, 0x7f, 0xf1, 0x2f, 0xf6,
    0x0, 0x0, 0x7, 0xff, 0x12, 0xff, 0x60, 0x0,
    0x0, 0x7f, 0xf1, 0x2f, 0xf6, 0x0, 0x0, 0x7,
    0xff, 0x12, 0xff, 0x60, 0x0, 0x0, 0x8f, 0xf1,
    0x2f, 0xf7, 0x0, 0x0, 0xa, 0xff, 0x11, 0xff,
    0xa0, 0x0, 0x0, 0xef, 0xf1, 0xd, 0xff, 0x40,
    0x1, 0xaf, 0xff, 0x10, 0x4f, 0xff, 0xed, 0xff,
    0xaf, 0xf1, 0x0, 0x3b, 0xef, 0xea, 0x30, 0xff,
    0x10,

    /* U+01D9 "Ǚ" */
    0x0, 0x18, 0x40, 0x0, 0x6, 0x70, 0x0, 0x0,
    0x9, 0xfb, 0x3, 0xdf, 0x50, 0x0, 0x0, 0x0,
    0x9f, 0xdf, 0xf5, 0x0, 0x0, 0x0, 0x0, 0xb,
    0xff, 0x70, 0x0, 0x0, 0x0, 0x0, 0x0, 0x0,
    0x0, 0x0, 0x0, 0x0, 0x6, 0xf8, 0x0, 0xce,
    0x20, 0x0, 0x0, 0x9, 0xfb, 0x0, 0xff, 0x50,
    0x0, 0x0, 0x1, 0x72, 0x0, 0x46, 0x0, 0x0,
    0x0, 0x0, 0x0, 0x0, 0x0, 0x0, 0x0, 0xdf,
    0xb0, 0x0, 0x0, 0x0, 0xf, 0xf9, 0xdf, 0xb0,
    0x0, 0x0, 0x0, 0xf, 0xf9, 0xdf, 0xb0, 0x0,
    0x0, 0x0, 0xf, 0xf9, 0xdf, 0xb0, 0x0, 0x0,
    0x0, 0xf, 0xf9, 0xdf, 0xb0, 0x0, 0x0, 0x0,
    0xf, 0xf9, 0xdf, 0xb0, 0x0, 0x0, 0x0, 0xf,
    0xf9, 0xdf, 0xb0, 0x0, 0x0, 0x0, 0xf, 0xf9,
    0xdf, 0xb0, 0x0, 0x0, 0x0, 0xf, 0xf9, 0xdf,
    0xb0, 0x0, 0x0, 0x0, 0xf, 0xf9, 0xdf, 0xb0,
    0x0, 0x0, 0x0, 0xf, 0xf9, 0xdf, 0xb0, 0x0,
    0x0, 0x0, 0xf, 0xf9, 0xcf, 0xc0, 0x0, 0x0,
    0x0, 0x1f, 0xf8, 0xaf, 0xf0, 0x0, 0x0, 0x0,
    0x5f, 0xf5, 0x5f, 0xf9, 0x0, 0x0, 0x0, 0xdf,
    0xf0, 0xc, 0xff, 0xb5, 0x33, 0x6d, 0xff, 0x70,
    0x1, 0xcf, 0xff, 0xff, 0xff, 0xf8, 0x0, 0x0,
    0x6, 0xbe, 0xfe, 0xd9, 0x30, 0x0,

    /* U+01DA "ǚ" */
    0x0, 0x6f, 0x91, 0x0, 0x9f, 0x60, 0x0, 0x0,
    0x6f, 0xd5, 0xdf, 0x70, 0x0, 0x0, 0x0, 0x8f,
    0xff, 0x80, 0x0, 0x0, 0x0, 0x0, 0x78, 0x70,
    0x0, 0x0, 0x0, 0xb, 0xe3, 0x3, 0xeb, 0x0,
    0x0, 0x0, 0xff, 0x60, 0x6f, 0xf0, 0x0, 0x0,
    0x3, 0x60, 0x0, 0x64, 0x0, 0x0, 0x0, 0x0,
    0x0, 0x0, 0x0, 0x0, 0x2f, 0xf6, 0x0, 0x0,
    0x7, 0xff, 0x12, 0xff, 0x60, 0x0, 0x0, 0x7f,
    0xf1, 0x2f, 0xf6, 0x0, 0x0, 0x7, 0xff, 0x12,
    0xff, 0x60, 0x0, 0x0, 0x7f, 0xf1, 0x2f, 0xf6,
    0x0, 0x0, 0x7, 0xff, 0x12, 0xff, 0x60, 0x0,
    0x0, 0x7f, 0xf1, 0x2f, 0xf6, 0x0, 0x0, 0x7,
    0xff, 0x12, 0xff, 0x60, 0x0, 0x0, 0x8f, 0xf1,
    0x2f, 0xf7, 0x0, 0x0, 0xa, 0xff, 0x11, 0xff,
    0xa0, 0x0, 0x0, 0xef, 0xf1, 0xd, 0xff, 0x40,
    0x1, 0xaf, 0xff, 0x10, 0x4f, 0xff, 0xed, 0xff,
    0xaf, 0xf1, 0x0, 0x3b, 0xef, 0xea, 0x30, 0xff,
    0x10,

    /* U+01DB "Ǜ" */
    0x0, 0xb, 0xff, 0x40, 0x0, 0x0, 0x0, 0x0,
    0x0, 0xcf, 0xd0, 0x0, 0x0, 0x0, 0x0, 0x0,
    0xa, 0xfa, 0x0, 0x0, 0x0, 0x0, 0x0, 0x0,
    0x68, 0x10, 0x0, 0x0, 0x0, 0x6, 0xf8, 0x0,
    0xce, 0x20, 0x0, 0x0, 0x9, 0xfb, 0x0, 0xff,
    0x50, 0x0, 0x0, 0x1, 0x72, 0x0, 0x46, 0x0,
    0x0, 0x0, 0x0, 0x0, 0x0, 0x0, 0x0, 0x0,
    0xdf, 0xb0, 0x0, 0x0, 0x0, 0xf, 0xf9, 0xdf,
    0xb0, 0x0, 0x0, 0x0, 0xf, 0xf9, 0xdf, 0xb0,
    0x0, 0x0, 0x0, 0xf, 0xf9, 0xdf, 0xb0, 0x0,
    0x0, 0x0, 0xf, 0xf9, 0xdf, 0xb0, 0x0, 0x0,
    0x0, 0xf, 0xf9, 0xdf, 0xb0, 0x0, 0x0, 0x0,
    0xf, 0xf9, 0xdf, 0xb0, 0x0, 0x0, 0x0, 0xf,
    0xf9, 0xdf, 0xb0, 0x0, 0x0, 0x0, 0xf, 0xf9,
    0xdf, 0xb0, 0x0, 0x0, 0x0, 0xf, 0xf9, 0xdf,
    0xb0, 0x0, 0x0, 0x0, 0xf, 0xf9, 0xdf, 0xb0,
    0x0, 0x0, 0x0, 0xf, 0xf9, 0xcf, 0xc0, 0x0,
    0x0, 0x0, 0x1f, 0xf8, 0xaf, 0xf0, 0x0, 0x0,
    0x0, 0x5f, 0xf5, 0x5f, 0xf9, 0x0, 0x0, 0x0,
    0xdf, 0xf0, 0xc, 0xff, 0xb5, 0x33, 0x6d, 0xff,
    0x70, 0x1, 0xcf, 0xff, 0xff, 0xff, 0xf8, 0x0,
    0x0, 0x6, 0xbe, 0xfe, 0xd9, 0x30, 0x0,

    /* U+01DC "ǜ" */
    0x0, 0x18, 0x86, 0x0, 0x0, 0x0, 0x0, 0x0,
    0x7f, 0xf5, 0x0, 0x0, 0x0, 0x0, 0x0, 0x4e,
    0xf3, 0x0, 0x0, 0x0, 0x0, 0x0, 0x17, 0x60,
    0x0, 0x0, 0x0, 0xb, 0xe3, 0x3, 0xeb, 0x0,
    0x0, 0x0, 0xff, 0x60, 0x6f, 0xf0, 0x0, 0x0,
    0x3, 0x60, 0x0, 0x64, 0x0, 0x0, 0x0, 0x0,
    0x0, 0x0, 0x0, 0x0, 0x2f, 0xf6, 0x0, 0x0,
    0x7, 0xff, 0x12, 0xff, 0x60, 0x0, 0x0, 0x7f,
    0xf1, 0x2f, 0xf6, 0x0, 0x0, 0x7, 0xff, 0x12,
    0xff, 0x60, 0x0, 0x0, 0x7f, 0xf1, 0x2f, 0xf6,
    0x0, 0x0, 0x7, 0xff, 0x12, 0xff, 0x60, 0x0,
    0x0, 0x7f, 0xf1, 0x2f, 0xf6, 0x0, 0x0, 0x7,
    0xff, 0x12, 0xff, 0x60, 0x0, 0x0, 0x8f, 0xf1,
    0x2f, 0xf7, 0x0, 0x0, 0xa, 0xff, 0x11, 0xff,
    0xa0, 0x0, 0x0, 0xef, 0xf1, 0xd, 0xff, 0x40,
    0x1, 0xaf, 0xff, 0x10, 0x4f, 0xff, 0xed, 0xff,
    0xaf, 0xf1, 0x0, 0x3b, 0xef, 0xea, 0x30, 0xff,
    0x10,

    /* U+01DD "ǝ" */
    0x5, 0xae, 0xff, 0xd9, 0x30, 0x0, 0x2f, 0xff,
    0xff, 0xff, 0xf8, 0x0, 0x2b, 0x53, 0x11, 0x4c,
    0xff, 0x60, 0x0, 0x0, 0x0, 0x0, 0xef, 0xe0,
    0x0, 0x0, 0x0, 0x0, 0x6f, 0xf4, 0x0, 0x0,
    0x0, 0x0, 0x3f, 0xf6, 0xdf, 0xff, 0xff, 0xff,
    0xff, 0xf7, 0xdf, 0xfe, 0xee, 0xee, 0xef, 0xf6,
    0xbf, 0xd0, 0x0, 0x0, 0x5f, 0xf4, 0x8f, 0xf2,
    0x0, 0x0, 0xaf, 0xe0, 0x1f, 0xfc, 0x20, 0x18,
    0xff, 0x60, 0x5, 0xff, 0xff, 0xff, 0xf9, 0x0,
    0x0, 0x2a, 0xef, 0xeb, 0x40, 0x0,

    /* U+01DE "Ǟ" */
    0x0, 0x0, 0xef, 0xff, 0xff, 0xf8, 0x0, 0x0,
    0x0, 0x0, 0xcd, 0xdd, 0xdd, 0xd7, 0x0, 0x0,
    0x0, 0x0, 0x0, 0x0, 0x0, 0x0, 0x0, 0x0,
    0x0, 0x0, 0x6f, 0x70, 0xc, 0xe2, 0x0, 0x0,
    0x0, 0x0, 0xaf, 0xb0, 0x1f, 0xf4, 0x0, 0x0,
    0x0, 0x0, 0x27, 0x20, 0x5, 0x60, 0x0, 0x0,
    0x0, 0x0, 0x0, 0x0, 0x0, 0x0, 0x0, 0x0,
    0x0, 0x0, 0x0, 0xbf, 0xf6, 0x0, 0x0, 0x0,
    0x0, 0x0, 0x1, 0xff, 0xfc, 0x0, 0x0, 0x0,
    0x0, 0x0, 0x7, 0xfe, 0xff, 0x20, 0x0, 0x0,
    0x0, 0x0, 0xd, 0xf8, 0xdf, 0x80, 0x0, 0x0,
    0x0, 0x0, 0x3f, 0xf3, 0x8f, 0xe0, 0x0, 0x0,
    0x0, 0x0, 0x9f, 0xe0, 0x3f, 0xf4, 0x0, 0x0,
    0x0, 0x0, 0xff, 0x90, 0xd, 0xfa, 0x0, 0x0,
    0x0, 0x5, 0xff, 0x30, 0x8, 0xff, 0x10, 0x0,
    0x0, 0xc, 0xfd, 0x0, 0x2, 0xff, 0x70, 0x0,
    0x0, 0x2f, 0xf7, 0x0, 0x0, 0xcf, 0xd0, 0x0,
    0x0, 0x8f, 0xff, 0xff, 0xff, 0xff, 0xf3, 0x0,
    0x0, 0xef, 0xff, 0xff, 0xff, 0xff, 0xf9, 0x0,
    0x4, 0xff, 0x83, 0x33, 0x33, 0x3c, 0xff, 0x0,
    0xa, 0xff, 0x10, 0x0, 0x0, 0x6, 0xff, 0x50,
    0x1f, 0xfa, 0x0, 0x0, 0x0, 0x0, 0xff, 0xb0,
    0x6f, 0xf4, 0x0, 0x0, 0x0, 0x0, 0xaf, 0xf2,
    0xcf, 0xe0, 0x0, 0x0, 0x0, 0x0, 0x3f, 0xf8,

    /* U+01DF "ǟ" */
    0x0, 0xdf, 0xff, 0xff, 0xf9, 0x0, 0xa, 0xdd,
    0xdd, 0xdd, 0x70, 0x0, 0x0, 0x0, 0x0, 0x0,
    0x0, 0x5, 0xf8, 0x0, 0xce, 0x20, 0x0, 0x9f,
    0xc0, 0xf, 0xf5, 0x0, 0x1, 0x72, 0x0, 0x46,
    0x0, 0x0, 0x0, 0x0, 0x0, 0x0, 0x0, 0x5,
    0xad, 0xff, 0xd9, 0x10, 0x5, 0xff, 0xff, 0xff,
    0xfe, 0x10, 0xc, 0x72, 0x0, 0x8f, 0xf9, 0x0,
    0x0, 0x0, 0x0, 0xdf, 0xc0, 0x0, 0x0, 0x0,
    0xa, 0xfd, 0x0, 0x15, 0x89, 0x99, 0xdf, 0xd0,
    0x8f, 0xff, 0xff, 0xff, 0xfd, 0x7f, 0xfb, 0x30,
    0x0, 0xaf, 0xdd, 0xfe, 0x0, 0x0, 0xb, 0xfd,
    0xef, 0xc0, 0x0, 0x0, 0xef, 0xdc, 0xff, 0x20,
    0x1, 0xbf, 0xfd, 0x4f, 0xff, 0xcd, 0xfe, 0x9f,
    0xd0, 0x3b, 0xef, 0xe9, 0x11, 0xfd,

    /* U+01E0 "Ǡ" */
    0x0, 0x0, 0xcd, 0xdd, 0xdd, 0xd6, 0x0, 0x0,
    0x0, 0x0, 0xef, 0xff, 0xff, 0xf8, 0x0, 0x0,
    0x0, 0x0, 0x0, 0x0, 0x0, 0x0, 0x0, 0x0,
    0x0, 0x0, 0x0, 0x3e, 0xc0, 0x0, 0x0, 0x0,
    0x0, 0x0, 0x0, 0x7f, 0xf2, 0x0, 0x0, 0x0,
    0x0, 0x0, 0x0, 0x1a, 0x80, 0x0, 0x0, 0x0,
    0x0, 0x0, 0x0, 0x0, 0x0, 0x0, 0x0, 0x0,
    0x0, 0x0, 0x0, 0xbf, 0xf6, 0x0, 0x0, 0x0,
    0x0, 0x0, 0x1, 0xff, 0xfc, 0x0, 0x0, 0x0,
    0x0, 0x0, 0x7, 0xfe, 0xff, 0x20, 0x0, 0x0,
    0x0, 0x0, 0xd, 0xf8, 0xdf, 0x80, 0x0, 0x0,
    0x0, 0x0, 0x3f, 0xf3, 0x8f, 0xe0, 0x0, 0x0,
    0x0, 0x0, 0x9f, 0xe0, 0x3f, 0xf4, 0x0, 0x0,
    0x0, 0x0, 0xff, 0x90, 0xd, 0xfa, 0x0, 0x0,
    0x0, 0x5, 0xff, 0x30, 0x8, 0xff, 0x10, 0x0,
    0x0, 0xc, 0xfd, 0x0, 0x2, 0xff, 0x70, 0x0,
    0x0, 0x2f, 0xf7, 0x0, 0x0, 0xcf, 0xd0, 0x0,
    0x0, 0x8f, 0xff, 0xff, 0xff, 0xff, 0xf3, 0x0,
    0x0, 0xef, 0xff, 0xff, 0xff, 0xff, 0xf9, 0x0,
    0x4, 0xff, 0x83, 0x33, 0x33, 0x3c, 0xff, 0x0,
    0xa, 0xff, 0x10, 0x0, 0x0, 0x6, 0xff, 0x50,
    0x1f, 0xfa, 0x0, 0x0, 0x0, 0x0, 0xff, 0xb0,
    0x6f, 0xf4, 0x0, 0x0, 0x0, 0x0, 0xaf, 0xf2,
    0xcf, 0xe0, 0x0, 0x0, 0x0, 0x0, 0x3f, 0xf8,

    /* U+01E1 "ǡ" */
    0x0, 0xdf, 0xff, 0xff, 0xf9, 0x0, 0xa, 0xdd,
    0xdd, 0xdd, 0x70, 0x0, 0x0, 0x0, 0x0, 0x0,
    0x0, 0x0, 0x3, 0xec, 0x0, 0x0, 0x0, 0x0,
    0x7f, 0xf2, 0x0, 0x0, 0x0, 0x1, 0xa8, 0x0,
    0x0, 0x0, 0x0, 0x0, 0x0, 0x0, 0x0, 0x5,
    0xad, 0xff, 0xd9, 0x10, 0x5, 0xff, 0xff, 0xff,
    0xfe, 0x10, 0xc, 0x72, 0x0, 0x8f, 0xf9, 0x0,
    0x0, 0x0, 0x0, 0xdf, 0xc0, 0x0, 0x0, 0x0,
    0xa, 0xfd, 0x0, 0x15, 0x89, 0x99, 0xdf, 0xd0,
    0x8f, 0xff, 0xff, 0xff, 0xfd, 0x7f, 0xfb, 0x30,
    0x0, 0xaf, 0xdd, 0xfe, 0x0, 0x0, 0xb, 0xfd,
    0xef, 0xc0, 0x0, 0x0, 0xef, 0xdc, 0xff, 0x20,
    0x1, 0xbf, 0xfd, 0x4f, 0xff, 0xcd, 0xfe, 0x9f,
    0xd0, 0x3b, 0xef, 0xe9, 0x11, 0xfd,

    /* U+01E2 "Ǣ" */
    0x0, 0x0, 0x0, 0x0, 0xc, 0xff, 0xff, 0xff,
    0x90, 0x0, 0x0, 0x0, 0x0, 0x0, 0x0, 0xb,
    0xee, 0xee, 0xee, 0x80, 0x0, 0x0, 0x0, 0x0,
    0x0, 0x0, 0x0, 0x0, 0x0, 0x0, 0x0, 0x0,
    0x0, 0x0, 0x0, 0x0, 0x0, 0x4f, 0xff, 0xff,
    0xff, 0xff, 0xff, 0xf3, 0x0, 0x0, 0x0, 0x0,
    0xbf, 0xff, 0xff, 0xff, 0xff, 0xff, 0xf3, 0x0,
    0x0, 0x0, 0x3, 0xff, 0x64, 0xff, 0x92, 0x22,
    0x22, 0x20, 0x0, 0x0, 0x0, 0xa, 0xfd, 0x1,
    0xff, 0x70, 0x0, 0x0, 0x0, 0x0, 0x0, 0x0,
    0x2f, 0xf6, 0x1, 0xff, 0x70, 0x0, 0x0, 0x0,
    0x0, 0x0, 0x0, 0x9f, 0xe0, 0x1, 0xff, 0x70,
    0x0, 0x0, 0x0, 0x0, 0x0, 0x1, 0xff, 0x80,
    0x1, 0xff, 0x70, 0x0, 0x0, 0x0, 0x0, 0x0,
    0x8, 0xff, 0x10, 0x1, 0xff, 0xff, 0xff, 0xff,
    0xc0, 0x0, 0x0, 0x1f, 0xfa, 0x0, 0x1, 0xff,
    0xff, 0xff, 0xff, 0xc0, 0x0, 0x0, 0x7f, 0xf2,
    0x0, 0x1, 0xff, 0x92, 0x22, 0x22, 0x10, 0x0,
    0x0, 0xef, 0xff, 0xff, 0xff, 0xff, 0x70, 0x0,
    0x0, 0x0, 0x0, 0x7, 0xff, 0xff, 0xff, 0xff,
    0xff, 0x70, 0x0, 0x0, 0x0, 0x0, 0xe, 0xfd,
    0x33, 0x33, 0x35, 0xff, 0x70, 0x0, 0x0, 0x0,
    0x0, 0x6f, 0xf5, 0x0, 0x0, 0x1, 0xff, 0x70,
    0x0, 0x0, 0x0, 0x0, 0xdf, 0xd0, 0x0, 0x0,
    0x1, 0xff, 0x93, 0x33, 0x33, 0x30, 0x5, 0xff,
    0x50, 0x0, 0x0, 0x1, 0xff, 0xff, 0xff, 0xff,
    0xf3, 0xc, 0xfd, 0x0, 0x0, 0x0, 0x1, 0xff,
    0xff, 0xff, 0xff, 0xf3,

    /* U+01E3 "ǣ" */
    0x0, 0x0, 0x0, 0xdd, 0xdd, 0xdd, 0xd5, 0x0,
    0x0, 0x0, 0x0, 0x0, 0xf, 0xff, 0xff, 0xff,
    0x60, 0x0, 0x0, 0x0, 0x0, 0x0, 0x0, 0x0,
    0x0, 0x0, 0x0, 0x0, 0x0, 0x0, 0x0, 0x0,
    0x0, 0x0, 0x0, 0x0, 0x0, 0x0, 0x1, 0x6b,
    0xef, 0xeb, 0x50, 0x8, 0xdf, 0xeb, 0x30, 0x0,
    0x9f, 0xff, 0xff, 0xff, 0x7d, 0xff, 0xff, 0xff,
    0x60, 0x2, 0xb5, 0x10, 0x1b, 0xff, 0xfd, 0x30,
    0x1b, 0xff, 0x20, 0x0, 0x0, 0x0, 0x1f, 0xff,
    0x20, 0x0, 0xe, 0xf9, 0x0, 0x0, 0x0, 0x0,
    0xff, 0xd0, 0x0, 0x0, 0xbf, 0xd0, 0x4, 0x8b,
    0xcc, 0xcf, 0xfe, 0xcc, 0xcc, 0xce, 0xfe, 0xb,
    0xff, 0xff, 0xff, 0xff, 0xff, 0xff, 0xff, 0xff,
    0xf8, 0xff, 0xa3, 0x0, 0xf, 0xfb, 0x0, 0x0,
    0x0, 0x0, 0xdf, 0xd0, 0x0, 0x1, 0xff, 0xe0,
    0x0, 0x0, 0x0, 0xe, 0xfc, 0x0, 0x0, 0x6f,
    0xff, 0x50, 0x0, 0x0, 0x0, 0xbf, 0xf5, 0x12,
    0x7f, 0xfc, 0xff, 0x62, 0x12, 0x4a, 0x43, 0xff,
    0xff, 0xff, 0xf4, 0x1d, 0xff, 0xff, 0xff, 0xf5,
    0x3, 0xbe, 0xfd, 0x92, 0x0, 0x7, 0xcf, 0xfe,
    0xb6, 0x10,

    /* U+01E4 "Ǥ" */
    0x0, 0x0, 0x5, 0xad, 0xff, 0xfd, 0x94, 0x0,
    0x0, 0x0, 0x3d, 0xff, 0xff, 0xff, 0xff, 0xf3,
    0x0, 0x0, 0x5f, 0xff, 0xb6, 0x43, 0x57, 0xbb,
    0x0, 0x0, 0x2f, 0xfe, 0x30, 0x0, 0x0, 0x0,
    0x0, 0x0, 0xb, 0xff, 0x30, 0x0, 0x0, 0x0,
    0x0, 0x0, 0x1, 0xff, 0xb0, 0x0, 0x0, 0x0,
    0x0, 0x0, 0x0, 0x5f, 0xf5, 0x0, 0x0, 0x0,
    0x0, 0x0, 0x0, 0x8, 0xff, 0x30, 0x0, 0x9,
    0xff, 0xff, 0xfa, 0x0, 0x8f, 0xf2, 0x0, 0x0,
    0x9f, 0xff, 0xff, 0xa0, 0x8, 0xff, 0x20, 0x0,
    0x1, 0x22, 0x2f, 0xfa, 0x0, 0x6f, 0xf5, 0x0,
    0x0, 0x0, 0x0, 0xff, 0xa0, 0x3, 0xff, 0x90,
    0x0, 0x4, 0xdd, 0xdf, 0xff, 0xd2, 0xd, 0xff,
    0x10, 0x0, 0x5f, 0xff, 0xff, 0xff, 0x20, 0x6f,
    0xfc, 0x10, 0x0, 0x0, 0xf, 0xfa, 0x0, 0x0,
    0xaf, 0xfe, 0x83, 0x21, 0x35, 0xff, 0xa0, 0x0,
    0x0, 0x9f, 0xff, 0xff, 0xff, 0xff, 0xfa, 0x0,
    0x0, 0x0, 0x28, 0xce, 0xff, 0xec, 0x95, 0x10,
    0x0,

    /* U+01E5 "ǥ" */
    0x0, 0x19, 0xef, 0xe9, 0x13, 0xfe, 0x0, 0x2,
    0xef, 0xff, 0xff, 0xe9, 0xfe, 0x0, 0xc, 0xff,
    0x82, 0x26, 0xef, 0xfe, 0x0, 0x4f, 0xf9, 0x0,
    0x0, 0x3f, 0xfe, 0x0, 0x8f, 0xf2, 0x0, 0x0,
    0xc, 0xfe, 0x0, 0xbf, 0xf0, 0x0, 0x0, 0x9,
    0xfe, 0x0, 0xbf, 0xe0, 0x0, 0x0, 0x8, 0xfe,
    0x0, 0xbf, 0xf0, 0x0, 0x0, 0x8, 0xfe, 0x0,
    0x8f, 0xf1, 0x0, 0x0, 0xa, 0xfe, 0x0, 0x4f,
    0xf7, 0x0, 0x0, 0x1f, 0xfe, 0x0, 0xd, 0xff,
    0x60, 0x14, 0xdf, 0xfe, 0x0, 0x3, 0xff, 0xff,
    0xff, 0xeb, 0xfe, 0x0, 0x0, 0x29, 0xef, 0xe9,
    0x19, 0xfe, 0x0, 0x0, 0x0, 0x0, 0x0, 0xa,
    0xfe, 0x0, 0x0, 0x0, 0xd, 0xff, 0xff, 0xff,
    0xf3, 0x0, 0x0, 0xa, 0xcc, 0xcf, 0xfe, 0xc2,
    0x9, 0x73, 0x10, 0x2, 0x9f, 0xf5, 0x0, 0xc,
    0xff, 0xff, 0xff, 0xff, 0x90, 0x0, 0x4, 0x9c,
    0xef, 0xfe, 0xb5, 0x0, 0x0,

    /* U+01E6 "Ǧ" */
    0x0, 0x0, 0x58, 0x30, 0x0, 0x7, 0x70, 0x0,
    0x0, 0x2, 0xef, 0x50, 0x2d, 0xf6, 0x0, 0x0,
    0x0, 0x3, 0xff, 0x8e, 0xf8, 0x0, 0x0, 0x0,
    0x0, 0x6, 0xff, 0xfb, 0x0, 0x0, 0x0, 0x0,
    0x0, 0x6, 0x88, 0x10, 0x0, 0x0, 0x0, 0x0,
    0x0, 0x0, 0x0, 0x0, 0x0, 0x0, 0x0, 0x5,
    0xad, 0xff, 0xfd, 0x94, 0x0, 0x0, 0x3e, 0xff,
    0xff, 0xff, 0xff, 0xf3, 0x0, 0x5f, 0xff, 0xb6,
    0x43, 0x47, 0xcc, 0x0, 0x2f, 0xff, 0x40, 0x0,
    0x0, 0x0, 0x0, 0xb, 0xff, 0x40, 0x0, 0x0,
    0x0, 0x0, 0x2, 0xff, 0xb0, 0x0, 0x0, 0x0,
    0x0, 0x0, 0x5f, 0xf6, 0x0, 0x0, 0x0, 0x0,
    0x0, 0x8, 0xff, 0x30, 0x0, 0x1, 0x33, 0x33,
    0x32, 0x8f, 0xf2, 0x0, 0x0, 0x9f, 0xff, 0xff,
    0xa7, 0xff, 0x30, 0x0, 0x9, 0xff, 0xff, 0xfa,
    0x6f, 0xf5, 0x0, 0x0, 0x0, 0x0, 0xff, 0xa2,
    0xff, 0xa0, 0x0, 0x0, 0x0, 0xf, 0xfa, 0xd,
    0xff, 0x20, 0x0, 0x0, 0x0, 0xff, 0xa0, 0x5f,
    0xfd, 0x20, 0x0, 0x0, 0xf, 0xfa, 0x0, 0xaf,
    0xff, 0x95, 0x32, 0x36, 0xff, 0xa0, 0x0, 0x8f,
    0xff, 0xff, 0xff, 0xff, 0xfa, 0x0, 0x0, 0x28,
    0xce, 0xff, 0xed, 0x96, 0x10,

    /* U+01E7 "ǧ" */
    0x0, 0xcf, 0x60, 0x1, 0xbf, 0x60, 0x0, 0x1d,
    0xf9, 0x3e, 0xf7, 0x0, 0x0, 0x1, 0xef, 0xff,
    0x80, 0x0, 0x0, 0x0, 0x3a, 0xa9, 0x0, 0x0,
    0x0, 0x0, 0x0, 0x0, 0x0, 0x0, 0x0, 0x19,
    0xef, 0xe9, 0x14, 0xfe, 0x2, 0xef, 0xff, 0xff,
    0xe8, 0xfe, 0xd, 0xff, 0x82, 0x15, 0xdf, 0xfe,
    0x4f, 0xf9, 0x0, 0x0, 0x2f, 0xfe, 0x8f, 0xf2,
    0x0, 0x0, 0xc, 0xfe, 0xaf, 0xf0, 0x0, 0x0,
    0x9, 0xfe, 0xbf, 0xe0, 0x0, 0x0, 0x8, 0xfe,
    0xaf, 0xf0, 0x0, 0x0, 0x8, 0xfe, 0x8f, 0xf1,
    0x0, 0x0, 0xa, 0xfe, 0x4f, 0xf7, 0x0, 0x0,
    0x1f, 0xfe, 0xd, 0xff, 0x61, 0x14, 0xdf, 0xfe,
    0x3, 0xff, 0xff, 0xff, 0xeb, 0xfe, 0x0, 0x2a,
    0xef, 0xe9, 0x19, 0xfe, 0x0, 0x0, 0x0, 0x0,
    0xa, 0xfe, 0x0, 0x0, 0x0, 0x0, 0xc, 0xfd,
    0x0, 0x0, 0x0, 0x0, 0x3f, 0xf9, 0xc, 0x95,
    0x21, 0x26, 0xef, 0xf3, 0xd, 0xff, 0xff, 0xff,
    0xff, 0x70, 0x3, 0x9c, 0xef, 0xfd, 0xa3, 0x0,

    /* U+01E8 "Ǩ" */
    0x0, 0x77, 0x0, 0x0, 0x38, 0x50, 0x0, 0x0,
    0x6f, 0xd2, 0x5, 0xfe, 0x20, 0x0, 0x0, 0x8,
    0xfe, 0x8f, 0xf3, 0x0, 0x0, 0x0, 0x0, 0xbf,
    0xff, 0x60, 0x0, 0x0, 0x0, 0x0, 0x18, 0x86,
    0x0, 0x0, 0x0, 0x0, 0x0, 0x0, 0x0, 0x0,
    0x0, 0x0, 0xbf, 0xe0, 0x0, 0x0, 0x6, 0xff,
    0x80, 0xbf, 0xe0, 0x0, 0x0, 0x5f, 0xfa, 0x0,
    0xbf, 0xe0, 0x0, 0x3, 0xff, 0xb0, 0x0, 0xbf,
    0xe0, 0x0, 0x2e, 0xfd, 0x0, 0x0, 0xbf, 0xe0,
    0x1, 0xdf, 0xe1, 0x0, 0x0, 0xbf, 0xe0, 0xb,
    0xff, 0x20, 0x0, 0x0, 0xbf, 0xe0, 0xaf, 0xf4,
    0x0, 0x0, 0x0, 0xbf, 0xe8, 0xff, 0x90, 0x0,
    0x0, 0x0, 0xbf, 0xff, 0xff, 0xf3, 0x0, 0x0,
    0x0, 0xbf, 0xfe, 0x7f, 0xfd, 0x0, 0x0, 0x0,
    0xbf, 0xe1, 0x8, 0xff, 0x90, 0x0, 0x0, 0xbf,
    0xe0, 0x0, 0xcf, 0xf4, 0x0, 0x0, 0xbf, 0xe0,
    0x0, 0x1f, 0xfe, 0x10, 0x0, 0xbf, 0xe0, 0x0,
    0x5, 0xff, 0xb0, 0x0, 0xbf, 0xe0, 0x0, 0x0,
    0xaf, 0xf6, 0x0, 0xbf, 0xe0, 0x0, 0x0, 0xd,
    0xff, 0x20, 0xbf, 0xe0, 0x0, 0x0, 0x3, 0xff,
    0xc0,

    /* U+01E9 "ǩ" */
    0x7, 0x70, 0x0, 0x3, 0x85, 0x0, 0x0, 0x0,
    0x6, 0xfd, 0x10, 0x5f, 0xe2, 0x0, 0x0, 0x0,
    0x0, 0x9f, 0xe8, 0xff, 0x30, 0x0, 0x0, 0x0,
    0x0, 0xc, 0xff, 0xf6, 0x0, 0x0, 0x0, 0x0,
    0x0, 0x1, 0x88, 0x60, 0x0, 0x0, 0x0, 0x0,
    0x0, 0x0, 0x0, 0x0, 0x0, 0x0, 0x0, 0x0,
    0x0, 0x0, 0xff, 0x80, 0x0, 0x0, 0x0, 0x0,
    0x0, 0x0, 0xff, 0x80, 0x0, 0x0, 0x0, 0x0,
    0x0, 0x0, 0xff, 0x80, 0x0, 0x0, 0x0, 0x0,
    0x0, 0x0, 0xff, 0x80, 0x0, 0x0, 0x0, 0x0,
    0x0, 0x0, 0xff, 0x80, 0x0, 0x0, 0x0, 0x0,
    0x0, 0x0, 0xff, 0x80, 0x0, 0x7, 0xff, 0x70,
    0x0, 0x0, 0xff, 0x80, 0x0, 0x6f, 0xf8, 0x0,
    0x0, 0x0, 0xff, 0x80, 0x5, 0xff, 0x90, 0x0,
    0x0, 0x0, 0xff, 0x80, 0x4f, 0xfa, 0x0, 0x0,
    0x0, 0x0, 0xff, 0x73, 0xff, 0xb0, 0x0, 0x0,
    0x0, 0x0, 0xff, 0x8e, 0xfe, 0x0, 0x0, 0x0,
    0x0, 0x0, 0xff, 0xff, 0xff, 0x60, 0x0, 0x0,
    0x0, 0x0, 0xff, 0xf9, 0xcf, 0xf3, 0x0, 0x0,
    0x0, 0x0, 0xff, 0xa0, 0x1e, 0xfd, 0x0, 0x0,
    0x0, 0x0, 0xff, 0x80, 0x4, 0xff, 0xa0, 0x0,
    0x0, 0x0, 0xff, 0x80, 0x0, 0x9f, 0xf6, 0x0,
    0x0, 0x0, 0xff, 0x80, 0x0, 0xc, 0xff, 0x20,
    0x0, 0x0, 0xff, 0x80, 0x0, 0x2, 0xff, 0xd0,

    /* U+01EA "Ǫ" */
    0x0, 0x0, 0x39, 0xdf, 0xff, 0xc8, 0x10, 0x0,
    0x0, 0x0, 0x9f, 0xff, 0xff, 0xff, 0xff, 0x60,
    0x0, 0x0, 0xaf, 0xfe, 0x74, 0x34, 0x8f, 0xff,
    0x70, 0x0, 0x5f, 0xfc, 0x0, 0x0, 0x0, 0x1d,
    0xff, 0x20, 0xd, 0xff, 0x10, 0x0, 0x0, 0x0,
    0x3f, 0xfa, 0x2, 0xff, 0x90, 0x0, 0x0, 0x0,
    0x0, 0xcf, 0xf0, 0x6f, 0xf5, 0x0, 0x0, 0x0,
    0x0, 0x8, 0xff, 0x37, 0xff, 0x30, 0x0, 0x0,
    0x0, 0x0, 0x6f, 0xf5, 0x8f, 0xf2, 0x0, 0x0,
    0x0, 0x0, 0x5, 0xff, 0x67, 0xff, 0x30, 0x0,
    0x0, 0x0, 0x0, 0x6f, 0xf4, 0x6f, 0xf5, 0x0,
    0x0, 0x0, 0x0, 0x8, 0xff, 0x32, 0xff, 0xa0,
    0x0, 0x0, 0x0, 0x0, 0xdf, 0xf0, 0xd, 0xff,
    0x10, 0x0, 0x0, 0x0, 0x4f, 0xfa, 0x0, 0x5f,
    0xfc, 0x0, 0x0, 0x0, 0x2e, 0xff, 0x20, 0x0,
    0xaf, 0xfe, 0x74, 0x34, 0x8f, 0xff, 0x70, 0x0,
    0x0, 0x9f, 0xff, 0xff, 0xff, 0xff, 0x60, 0x0,
    0x0, 0x0, 0x39, 0xdf, 0xff, 0xc8, 0x10, 0x0,
    0x0, 0x0, 0x0, 0x0, 0x5f, 0x70, 0x0, 0x0,
    0x0, 0x0, 0x0, 0x0, 0x1f, 0xc0, 0x0, 0x0,
    0x0, 0x0, 0x0, 0x0, 0x6, 0xf7, 0x0, 0x0,
    0x0, 0x0, 0x0, 0x0, 0x0, 0x8f, 0x70, 0x0,
    0x0, 0x0, 0x0, 0x0, 0x0, 0x5, 0xff, 0xa7,
    0x0, 0x0, 0x0, 0x0, 0x0, 0x0, 0x8, 0xef,
    0x80, 0x0, 0x0, 0x0,

    /* U+01EB "ǫ" */
    0x0, 0x6, 0xce, 0xfd, 0xa3, 0x0, 0x0, 0x1c,
    0xff, 0xff, 0xff, 0xf7, 0x0, 0xb, 0xff, 0x82,
    0x3, 0xbf, 0xf5, 0x3, 0xff, 0x90, 0x0, 0x0,
    0xef, 0xd0, 0x8f, 0xf2, 0x0, 0x0, 0x8, 0xff,
    0x2a, 0xff, 0x0, 0x0, 0x0, 0x5f, 0xf5, 0xbf,
    0xe0, 0x0, 0x0, 0x3, 0xff, 0x6a, 0xff, 0x0,
    0x0, 0x0, 0x5f, 0xf5, 0x7f, 0xf2, 0x0, 0x0,
    0x8, 0xff, 0x22, 0xff, 0x90, 0x0, 0x0, 0xef,
    0xe0, 0x9, 0xff, 0x81, 0x3, 0xbf, 0xf5, 0x0,
    0xb, 0xff, 0xff, 0xff, 0xf8, 0x0, 0x0, 0x5,
    0xbe, 0xff, 0xa3, 0x0, 0x0, 0x0, 0x0, 0x6f,
    0x60, 0x0, 0x0, 0x0, 0x0, 0x2f, 0xb0, 0x0,
    0x0, 0x0, 0x0, 0x7, 0xf6, 0x0, 0x0, 0x0,
    0x0, 0x0, 0x9f, 0x60, 0x0, 0x0, 0x0, 0x0,
    0x6, 0xfe, 0xa7, 0x0, 0x0, 0x0, 0x0, 0x9,
    0xef, 0x70, 0x0, 0x0,

    /* U+01EC "Ǭ" */
    0x0, 0x0, 0x3e, 0xee, 0xee, 0xee, 0x10, 0x0,
    0x0, 0x0, 0x4, 0xff, 0xff, 0xff, 0xf1, 0x0,
    0x0, 0x0, 0x0, 0x0, 0x0, 0x0, 0x0, 0x0,
    0x0, 0x0, 0x0, 0x3, 0x9d, 0xff, 0xfc, 0x81,
    0x0, 0x0, 0x0, 0x9, 0xff, 0xff, 0xff, 0xff,
    0xf6, 0x0, 0x0, 0xa, 0xff, 0xe7, 0x43, 0x48,
    0xff, 0xf7, 0x0, 0x5, 0xff, 0xc0, 0x0, 0x0,
    0x1, 0xdf, 0xf2, 0x0, 0xdf, 0xf1, 0x0, 0x0,
    0x0, 0x3, 0xff, 0xa0, 0x2f, 0xf9, 0x0, 0x0,
    0x0, 0x0, 0xc, 0xff, 0x6, 0xff, 0x50, 0x0,
    0x0, 0x0, 0x0, 0x8f, 0xf3, 0x7f, 0xf3, 0x0,
    0x0, 0x0, 0x0, 0x6, 0xff, 0x58, 0xff, 0x20,
    0x0, 0x0, 0x0, 0x0, 0x5f, 0xf6, 0x7f, 0xf3,
    0x0, 0x0, 0x0, 0x0, 0x6, 0xff, 0x46, 0xff,
    0x50, 0x0, 0x0, 0x0, 0x0, 0x8f, 0xf3, 0x2f,
    0xfa, 0x0, 0x0, 0x0, 0x0, 0xd, 0xff, 0x0,
    0xdf, 0xf1, 0x0, 0x0, 0x0, 0x4, 0xff, 0xa0,
    0x5, 0xff, 0xc0, 0x0, 0x0, 0x2, 0xef, 0xf2,
    0x0, 0xa, 0xff, 0xe7, 0x43, 0x48, 0xff, 0xf7,
    0x0, 0x0, 0x9, 0xff, 0xff, 0xff, 0xff, 0xf6,
    0x0, 0x0, 0x0, 0x3, 0x9d, 0xff, 0xfd, 0x81,
    0x0, 0x0, 0x0, 0x0, 0x0, 0x2, 0xfa, 0x0,
    0x0, 0x0, 0x0, 0x0, 0x0, 0x0, 0xcf, 0x10,
    0x0, 0x0, 0x0, 0x0, 0x0, 0x0, 0x2f, 0xb0,
    0x0, 0x0, 0x0, 0x0, 0x0, 0x0, 0x4, 0xfb,
    0x0, 0x0, 0x0, 0x0, 0x0, 0x0, 0x0, 0x1f,
    0xfb, 0xa0, 0x0, 0x0, 0x0, 0x0, 0x0, 0x0,
    0x5d, 0xfc, 0x0, 0x0, 0x0,

    /* U+01ED "ǭ" */
    0x0, 0x4d, 0xdd, 0xdd, 0xdd, 0x0, 0x0, 0x5,
    0xff, 0xff, 0xff, 0xf0, 0x0, 0x0, 0x0, 0x0,
    0x0, 0x0, 0x0, 0x0, 0x0, 0x6c, 0xef, 0xda,
    0x30, 0x0, 0x1, 0xcf, 0xff, 0xff, 0xff, 0x70,
    0x0, 0xbf, 0xf8, 0x20, 0x3b, 0xff, 0x50, 0x3f,
    0xf9, 0x0, 0x0, 0xe, 0xfd, 0x8, 0xff, 0x20,
    0x0, 0x0, 0x8f, 0xf2, 0xaf, 0xf0, 0x0, 0x0,
    0x5, 0xff, 0x5b, 0xfe, 0x0, 0x0, 0x0, 0x3f,
    0xf6, 0xaf, 0xf0, 0x0, 0x0, 0x5, 0xff, 0x57,
    0xff, 0x20, 0x0, 0x0, 0x8f, 0xf2, 0x2f, 0xf9,
    0x0, 0x0, 0xe, 0xfe, 0x0, 0x9f, 0xf8, 0x10,
    0x3b, 0xff, 0x50, 0x0, 0xbf, 0xff, 0xff, 0xff,
    0x80, 0x0, 0x0, 0x5b, 0xef, 0xfa, 0x30, 0x0,
    0x0, 0x0, 0x6, 0xf6, 0x0, 0x0, 0x0, 0x0,
    0x1, 0xfc, 0x0, 0x0, 0x0, 0x0, 0x0, 0x7f,
    0x60, 0x0, 0x0, 0x0, 0x0, 0x8, 0xf6, 0x0,
    0x0, 0x0, 0x0, 0x0, 0x5f, 0xea, 0x70, 0x0,
    0x0, 0x0, 0x0, 0x9e, 0xf7, 0x0, 0x0,

    /* U+01EE "Ǯ" */
    0x0, 0x48, 0x30, 0x0, 0x7, 0x70, 0x0, 0x2,
    0xef, 0x60, 0x2d, 0xf7, 0x0, 0x0, 0x3, 0xff,
    0x8e, 0xf8, 0x0, 0x0, 0x0, 0x6, 0xff, 0xfb,
    0x0, 0x0, 0x0, 0x0, 0x6, 0x88, 0x10, 0x0,
    0x0, 0x0, 0x0, 0x0, 0x0, 0x0, 0x0, 0xb,
    0xff, 0xff, 0xff, 0xff, 0xff, 0x20, 0xbf, 0xff,
    0xff, 0xff, 0xff, 0xf1, 0x2, 0x33, 0x33, 0x33,
    0xcf, 0xf7, 0x0, 0x0, 0x0, 0x0, 0xaf, 0xf6,
    0x0, 0x0, 0x0, 0x0, 0xbf, 0xf5, 0x0, 0x0,
    0x0, 0x1, 0xcf, 0xf4, 0x0, 0x0, 0x0, 0x1,
    0xdf, 0xe3, 0x0, 0x0, 0x0, 0x0, 0x7f, 0xfe,
    0xdb, 0x71, 0x0, 0x0, 0x8, 0xff, 0xff, 0xff,
    0xf5, 0x0, 0x0, 0x0, 0x1, 0x38, 0xff, 0xf3,
    0x0, 0x0, 0x0, 0x0, 0x3, 0xff, 0xa0, 0x0,
    0x0, 0x0, 0x0, 0xd, 0xfd, 0x0, 0x0, 0x0,
    0x0, 0x0, 0xef, 0xc0, 0x0, 0x0, 0x0, 0x0,
    0x5f, 0xf8, 0x3e, 0x95, 0x21, 0x13, 0x8f, 0xfe,
    0x13, 0xff, 0xff, 0xff, 0xff, 0xfe, 0x30, 0x5,
    0xad, 0xef, 0xfe, 0xb6, 0x0, 0x0,

    /* U+01EF "ǯ" */
    0x2, 0xed, 0x30, 0x4, 0xde, 0x20, 0x0, 0x3e,
    0xf6, 0x7f, 0xe3, 0x0, 0x0, 0x3, 0xff, 0xff,
    0x30, 0x0, 0x0, 0x0, 0x48, 0x84, 0x0, 0x0,
    0x0, 0x0, 0x0, 0x0, 0x0, 0x0, 0x3f, 0xff,
    0xff, 0xff, 0xff, 0xf1, 0x3f, 0xff, 0xff, 0xff,
    0xff, 0xf0, 0x0, 0x0, 0x0, 0x6, 0xff, 0x50,
    0x0, 0x0, 0x0, 0x5f, 0xf7, 0x0, 0x0, 0x0,
    0x4, 0xff, 0x80, 0x0, 0x0, 0x0, 0x3f, 0xf9,
    0x0, 0x0, 0x0, 0x2, 0xef, 0xa0, 0x0, 0x0,
    0x0, 0xe, 0xff, 0x74, 0x0, 0x0, 0x0, 0x1f,
    0xff, 0xff, 0xe5, 0x0, 0x0, 0x7, 0x78, 0xbf,
    0xff, 0x60, 0x0, 0x0, 0x0, 0x2, 0xdf, 0xf1,
    0x0, 0x0, 0x0, 0x0, 0x3f, 0xf7, 0x0, 0x0,
    0x0, 0x0, 0xe, 0xfa, 0x0, 0x0, 0x0, 0x0,
    0xe, 0xfa, 0x0, 0x0, 0x0, 0x0, 0x1f, 0xf8,
    0x0, 0x0, 0x0, 0x0, 0x9f, 0xf2, 0x8b, 0x63,
    0x11, 0x4b, 0xff, 0x90, 0x9f, 0xff, 0xff, 0xff,
    0xfa, 0x0, 0x28, 0xcd, 0xff, 0xda, 0x40, 0x0,

    /* U+01F0 "ǰ" */
    0xc, 0xf7, 0x0, 0x1b, 0xf6, 0x0, 0xcf, 0xa4,
    0xef, 0x60, 0x0, 0xd, 0xff, 0xf7, 0x0, 0x0,
    0x2, 0x88, 0x70, 0x0, 0x0, 0x0, 0x0, 0x0,
    0x0, 0x0, 0x0, 0xff, 0x80, 0x0, 0x0, 0x0,
    0xff, 0x80, 0x0, 0x0, 0x0, 0xff, 0x80, 0x0,
    0x0, 0x0, 0xff, 0x80, 0x0, 0x0, 0x0, 0xff,
    0x80, 0x0, 0x0, 0x0, 0xff, 0x80, 0x0, 0x0,
    0x0, 0xff, 0x80, 0x0, 0x0, 0x0, 0xff, 0x80,
    0x0, 0x0, 0x0, 0xff, 0x80, 0x0, 0x0, 0x0,
    0xff, 0x80, 0x0, 0x0, 0x0, 0xff, 0x80, 0x0,
    0x0, 0x0, 0xff, 0x80, 0x0, 0x0, 0x0, 0xff,
    0x80, 0x0, 0x0, 0x0, 0xff, 0x80, 0x0, 0x0,
    0x0, 0xff, 0x80, 0x0, 0x0, 0x1, 0xff, 0x70,
    0x0, 0x12, 0x19, 0xff, 0x40, 0x0, 0x4f, 0xff,
    0xfc, 0x0, 0x0, 0x3e, 0xfe, 0xa1, 0x0, 0x0,

    /* U+01F1 "Ǳ" */
    0xcf, 0xff, 0xff, 0xed, 0x94, 0x0, 0x0, 0x0,
    0x9f, 0xff, 0xff, 0xff, 0xff, 0xff, 0x1c, 0xff,
    0xff, 0xff, 0xff, 0xfc, 0x20, 0x0, 0x9, 0xff,
    0xff, 0xff, 0xff, 0xff, 0xf1, 0xcf, 0xd2, 0x22,
    0x36, 0xcf, 0xff, 0x20, 0x0, 0x12, 0x22, 0x22,
    0x22, 0x6f, 0xf9, 0xc, 0xfd, 0x0, 0x0, 0x0,
    0x6f, 0xfd, 0x0, 0x0, 0x0, 0x0, 0x0, 0xe,
    0xfe, 0x0, 0xcf, 0xd0, 0x0, 0x0, 0x0, 0x8f,
    0xf6, 0x0, 0x0, 0x0, 0x0, 0xa, 0xff, 0x40,
    0xc, 0xfd, 0x0, 0x0, 0x0, 0x1, 0xff, 0xc0,
    0x0, 0x0, 0x0, 0x4, 0xff, 0x90, 0x0, 0xcf,
    0xd0, 0x0, 0x0, 0x0, 0xc, 0xff, 0x0, 0x0,
    0x0, 0x1, 0xef, 0xd0, 0x0, 0xc, 0xfd, 0x0,
    0x0, 0x0, 0x0, 0xaf, 0xf1, 0x0, 0x0, 0x0,
    0xaf, 0xf3, 0x0, 0x0, 0xcf, 0xd0, 0x0, 0x0,
    0x0, 0xa, 0xff, 0x10, 0x0, 0x0, 0x5f, 0xf8,
    0x0, 0x0, 0xc, 0xfd, 0x0, 0x0, 0x0, 0x0,
    0xaf, 0xf0, 0x0, 0x0, 0x1e, 0xfd, 0x0, 0x0,
    0x0, 0xcf, 0xd0, 0x0, 0x0, 0x0, 0xd, 0xfe,
    0x0, 0x0, 0xa, 0xff, 0x30, 0x0, 0x0, 0xc,
    0xfd, 0x0, 0x0, 0x0, 0x2, 0xff, 0xa0, 0x0,
    0x5, 0xff, 0x80, 0x0, 0x0, 0x0, 0xcf, 0xd0,
    0x0, 0x0, 0x0, 0xaf, 0xf5, 0x0, 0x1, 0xef,
    0xd0, 0x0, 0x0, 0x0, 0xc, 0xfd, 0x0, 0x0,
    0x0, 0x9f, 0xfc, 0x0, 0x0, 0xbf, 0xf3, 0x0,
    0x0, 0x0, 0x0, 0xcf, 0xd2, 0x23, 0x48, 0xef,
    0xfe, 0x10, 0x0, 0x5f, 0xfa, 0x22, 0x22, 0x22,
    0x22, 0xc, 0xff, 0xff, 0xff, 0xff, 0xfb, 0x10,
    0x0, 0xd, 0xff, 0xff, 0xff, 0xff, 0xff, 0xf4,
    0xcf, 0xff, 0xff, 0xec, 0x82, 0x0, 0x0, 0x0,
    0xdf, 0xff, 0xff, 0xff, 0xff, 0xff, 0x40,

    /* U+01F2 "ǲ" */
    0xcf, 0xff, 0xff, 0xed, 0x94, 0x0, 0x0, 0x0,
    0x0, 0x0, 0x0, 0x0, 0x0, 0xc, 0xff, 0xff,
    0xff, 0xff, 0xfc, 0x20, 0x0, 0x0, 0x0, 0x0,
    0x0, 0x0, 0x0, 0xcf, 0xd2, 0x22, 0x36, 0xcf,
    0xff, 0x20, 0x0, 0x0, 0x0, 0x0, 0x0, 0x0,
    0xc, 0xfd, 0x0, 0x0, 0x0, 0x6f, 0xfd, 0x0,
    0x0, 0x0, 0x0, 0x0, 0x0, 0x0, 0xcf, 0xd0,
    0x0, 0x0, 0x0, 0x8f, 0xf6, 0x0, 0x3f, 0xff,
    0xff, 0xff, 0xfe, 0xc, 0xfd, 0x0, 0x0, 0x0,
    0x1, 0xff, 0xc0, 0x2, 0xff, 0xff, 0xff, 0xff,
    0xe0, 0xcf, 0xd0, 0x0, 0x0, 0x0, 0xc, 0xff,
    0x0, 0x0, 0x0, 0x0, 0x5f, 0xf6, 0xc, 0xfd,
    0x0, 0x0, 0x0, 0x0, 0xaf, 0xf1, 0x0, 0x0,
    0x0, 0x1e, 0xfa, 0x0, 0xcf, 0xd0, 0x0, 0x0,
    0x0, 0xa, 0xff, 0x10, 0x0, 0x0, 0xb, 0xfe,
    0x0, 0xc, 0xfd, 0x0, 0x0, 0x0, 0x0, 0xaf,
    0xf0, 0x0, 0x0, 0x6, 0xff, 0x30, 0x0, 0xcf,
    0xd0, 0x0, 0x0, 0x0, 0xd, 0xfe, 0x0, 0x0,
    0x2, 0xff, 0x80, 0x0, 0xc, 0xfd, 0x0, 0x0,
    0x0, 0x2, 0xff, 0xa0, 0x0, 0x0, 0xcf, 0xc0,
    0x0, 0x0, 0xcf, 0xd0, 0x0, 0x0, 0x0, 0xaf,
    0xf5, 0x0, 0x0, 0x8f, 0xf1, 0x0, 0x0, 0xc,
    0xfd, 0x0, 0x0, 0x0, 0x9f, 0xfc, 0x0, 0x0,
    0x3f, 0xf5, 0x0, 0x0, 0x0, 0xcf, 0xd2, 0x23,
    0x48, 0xef, 0xfe, 0x10, 0x0, 0x1e, 0xfb, 0x22,
    0x22, 0x22, 0xc, 0xff, 0xff, 0xff, 0xff, 0xfb,
    0x10, 0x0, 0x8, 0xff, 0xff, 0xff, 0xff, 0xf1,
    0xcf, 0xff, 0xff, 0xec, 0x82, 0x0, 0x0, 0x0,
    0x9f, 0xff, 0xff, 0xff, 0xff, 0x10,

    /* U+01F3 "ǳ" */
    0x0, 0x0, 0x0, 0x0, 0xa, 0xfe, 0x0, 0x0,
    0x0, 0x0, 0x0, 0x0, 0x0, 0x0, 0x0, 0x0,
    0x0, 0xaf, 0xe0, 0x0, 0x0, 0x0, 0x0, 0x0,
    0x0, 0x0, 0x0, 0x0, 0x0, 0xa, 0xfe, 0x0,
    0x0, 0x0, 0x0, 0x0, 0x0, 0x0, 0x0, 0x0,
    0x0, 0x0, 0xaf, 0xe0, 0x0, 0x0, 0x0, 0x0,
    0x0, 0x0, 0x0, 0x0, 0x0, 0x0, 0x9, 0xfe,
    0x0, 0x0, 0x0, 0x0, 0x0, 0x0, 0x0, 0x1,
    0x9e, 0xfe, 0x91, 0x9f, 0xe0, 0x0, 0xdf, 0xff,
    0xff, 0xff, 0xf4, 0x3, 0xef, 0xff, 0xff, 0xea,
    0xfe, 0x0, 0xd, 0xff, 0xff, 0xff, 0xff, 0x40,
    0xdf, 0xf8, 0x21, 0x5d, 0xff, 0xe0, 0x0, 0x11,
    0x11, 0x11, 0xef, 0xd0, 0x4f, 0xf9, 0x0, 0x0,
    0x3f, 0xfe, 0x0, 0x0, 0x0, 0x0, 0x9f, 0xf2,
    0x8, 0xff, 0x20, 0x0, 0x0, 0xdf, 0xe0, 0x0,
    0x0, 0x0, 0x5f, 0xf6, 0x0, 0xaf, 0xf0, 0x0,
    0x0, 0xa, 0xfe, 0x0, 0x0, 0x0, 0x2f, 0xfb,
    0x0, 0xb, 0xfe, 0x0, 0x0, 0x0, 0x9f, 0xe0,
    0x0, 0x0, 0xc, 0xfe, 0x10, 0x0, 0xaf, 0xf0,
    0x0, 0x0, 0xa, 0xfe, 0x0, 0x0, 0x8, 0xff,
    0x30, 0x0, 0x8, 0xff, 0x20, 0x0, 0x0, 0xcf,
    0xe0, 0x0, 0x4, 0xff, 0x70, 0x0, 0x0, 0x4f,
    0xf8, 0x0, 0x0, 0x2f, 0xfe, 0x0, 0x1, 0xef,
    0xc0, 0x0, 0x0, 0x0, 0xdf, 0xf7, 0x21, 0x4d,
    0xff, 0xe0, 0x0, 0xbf, 0xf2, 0x11, 0x11, 0x10,
    0x3, 0xff, 0xff, 0xff, 0xe8, 0xfe, 0x0, 0x3f,
    0xff, 0xff, 0xff, 0xff, 0x70, 0x2, 0xae, 0xfe,
    0x91, 0x3f, 0xe0, 0x4, 0xff, 0xff, 0xff, 0xff,
    0xf7,

    /* U+01F4 "Ǵ" */
    0x0, 0x0, 0x0, 0x0, 0x5, 0x88, 0x30, 0x0,
    0x0, 0x0, 0x0, 0x2, 0xff, 0xc0, 0x0, 0x0,
    0x0, 0x0, 0x0, 0xcf, 0xd1, 0x0, 0x0, 0x0,
    0x0, 0x0, 0x7f, 0xc1, 0x0, 0x0, 0x0, 0x0,
    0x0, 0x7, 0x70, 0x0, 0x0, 0x0, 0x0, 0x0,
    0x0, 0x0, 0x0, 0x0, 0x0, 0x0, 0x0, 0x5,
    0xad, 0xff, 0xfd, 0x94, 0x0, 0x0, 0x3e, 0xff,
    0xff, 0xff, 0xff, 0xf3, 0x0, 0x5f, 0xff, 0xb6,
    0x43, 0x47, 0xcc, 0x0, 0x2f, 0xff, 0x40, 0x0,
    0x0, 0x0, 0x0, 0xb, 0xff, 0x40, 0x0, 0x0,
    0x0, 0x0, 0x2, 0xff, 0xb0, 0x0, 0x0, 0x0,
    0x0, 0x0, 0x5f, 0xf6, 0x0, 0x0, 0x0, 0x0,
    0x0, 0x8, 0xff, 0x30, 0x0, 0x1, 0x33, 0x33,
    0x32, 0x8f, 0xf2, 0x0, 0x0, 0x9f, 0xff, 0xff,
    0xa7, 0xff, 0x30, 0x0, 0x9, 0xff, 0xff, 0xfa,
    0x6f, 0xf5, 0x0, 0x0, 0x0, 0x0, 0xff, 0xa2,
    0xff, 0xa0, 0x0, 0x0, 0x0, 0xf, 0xfa, 0xd,
    0xff, 0x20, 0x0, 0x0, 0x0, 0xff, 0xa0, 0x5f,
    0xfd, 0x20, 0x0, 0x0, 0xf, 0xfa, 0x0, 0xaf,
    0xff, 0x95, 0x32, 0x36, 0xff, 0xa0, 0x0, 0x8f,
    0xff, 0xff, 0xff, 0xff, 0xfa, 0x0, 0x0, 0x28,
    0xce, 0xff, 0xed, 0x96, 0x10,

    /* U+01F5 "ǵ" */
    0x0, 0x0, 0x0, 0x2f, 0xfd, 0x0, 0x0, 0x0,
    0x0, 0xcf, 0xd1, 0x0, 0x0, 0x0, 0x9, 0xfc,
    0x10, 0x0, 0x0, 0x0, 0x1a, 0x80, 0x0, 0x0,
    0x0, 0x0, 0x0, 0x0, 0x0, 0x0, 0x0, 0x19,
    0xef, 0xe9, 0x14, 0xfe, 0x2, 0xef, 0xff, 0xff,
    0xe8, 0xfe, 0xd, 0xff, 0x82, 0x15, 0xdf, 0xfe,
    0x4f, 0xf9, 0x0, 0x0, 0x2f, 0xfe, 0x8f, 0xf2,
    0x0, 0x0, 0xc, 0xfe, 0xaf, 0xf0, 0x0, 0x0,
    0x9, 0xfe, 0xbf, 0xe0, 0x0, 0x0, 0x8, 0xfe,
    0xaf, 0xf0, 0x0, 0x0, 0x8, 0xfe, 0x8f, 0xf1,
    0x0, 0x0, 0xa, 0xfe, 0x4f, 0xf7, 0x0, 0x0,
    0x1f, 0xfe, 0xd, 0xff, 0x61, 0x14, 0xdf, 0xfe,
    0x3, 0xff, 0xff, 0xff, 0xeb, 0xfe, 0x0, 0x2a,
    0xef, 0xe9, 0x19, 0xfe, 0x0, 0x0, 0x0, 0x0,
    0xa, 0xfe, 0x0, 0x0, 0x0, 0x0, 0xc, 0xfd,
    0x0, 0x0, 0x0, 0x0, 0x3f, 0xf9, 0xc, 0x95,
    0x21, 0x26, 0xef, 0xf3, 0xd, 0xff, 0xff, 0xff,
    0xff, 0x70, 0x3, 0x9c, 0xef, 0xfd, 0xa3, 0x0,

    /* U+01F6 "Ƕ" */
    0xbf, 0xe0, 0x0, 0x0, 0x7, 0xff, 0x20, 0x0,
    0x0, 0x0, 0xbf, 0xe0, 0x0, 0x0, 0x7, 0xff,
    0x20, 0x0, 0x0, 0x0, 0xbf, 0xe0, 0x0, 0x0,
    0x7, 0xff, 0x20, 0x0, 0x0, 0x0, 0xbf, 0xe0,
    0x0, 0x0, 0x7, 0xff, 0x20, 0x0, 0x0, 0x0,
    0xbf, 0xe0, 0x0, 0x0, 0x7, 0xff, 0x20, 0x0,
    0x6f, 0xf2, 0xbf, 0xe0, 0x0, 0x0, 0x7, 0xff,
    0x20, 0x0, 0x6f, 0xf2, 0xbf, 0xe3, 0x33, 0x33,
    0x38, 0xff, 0x20, 0x0, 0x6f, 0xf2, 0xbf, 0xff,
    0xff, 0xff, 0xff, 0xff, 0x20, 0x0, 0x6f, 0xf2,
    0xbf, 0xff, 0xff, 0xff, 0xff, 0xff, 0x20, 0x0,
    0x6f, 0xf2, 0xbf, 0xe0, 0x0, 0x0, 0x7, 0xff,
    0x20, 0x0, 0x6f, 0xf2, 0xbf, 0xe0, 0x0, 0x0,
    0x7, 0xff, 0x20, 0x0, 0x6f, 0xf2, 0xbf, 0xe0,
    0x0, 0x0, 0x7, 0xff, 0x20, 0x0, 0x6f, 0xf2,
    0xbf, 0xe0, 0x0, 0x0, 0x7, 0xff, 0x20, 0x0,
    0x7f, 0xf2, 0xbf, 0xe0, 0x0, 0x0, 0x5, 0xff,
    0x50, 0x0, 0xaf, 0xf0, 0xbf, 0xe0, 0x0, 0x0,
    0x1, 0xff, 0xe5, 0x37, 0xff, 0xb0, 0xbf, 0xe0,
    0x0, 0x0, 0x0, 0x8f, 0xff, 0xff, 0xff, 0x20,
    0xbf, 0xe0, 0x0, 0x0, 0x0, 0x5, 0xcf, 0xfe,
    0xa2, 0x0,

    /* U+01F7 "Ƿ" */
    0xbf, 0x60, 0x29, 0xef, 0xe9, 0x20, 0xb, 0xf8,
    0x4f, 0xff, 0xff, 0xff, 0x30, 0xbf, 0xdf, 0xd6,
    0x34, 0x9f, 0xfe, 0xb, 0xff, 0xe1, 0x0, 0x0,
    0x9f, 0xf5, 0xbf, 0xf7, 0x0, 0x0, 0x2, 0xff,
    0x8b, 0xff, 0x10, 0x0, 0x0, 0xf, 0xfa, 0xbf,
    0xf0, 0x0, 0x0, 0x0, 0xff, 0x9b, 0xfe, 0x0,
    0x0, 0x0, 0x1f, 0xf8, 0xbf, 0xe0, 0x0, 0x0,
    0x5, 0xff, 0x5b, 0xfe, 0x0, 0x0, 0x0, 0xcf,
    0xf0, 0xbf, 0xe0, 0x0, 0x0, 0x5f, 0xf9, 0xb,
    0xfe, 0x0, 0x0, 0x2e, 0xfe, 0x10, 0xbf, 0xe0,
    0x0, 0x2d, 0xff, 0x50, 0xb, 0xfe, 0x0, 0x6f,
    0xff, 0x60, 0x0, 0xbf, 0xe4, 0xcf, 0xfe, 0x40,
    0x0, 0xb, 0xff, 0xff, 0xfb, 0x10, 0x0, 0x0,
    0xbf, 0xff, 0xb3, 0x0, 0x0, 0x0, 0xb, 0xfe,
    0x20, 0x0, 0x0, 0x0, 0x0, 0xbf, 0xe0, 0x0,
    0x0, 0x0, 0x0, 0xb, 0xfe, 0x0, 0x0, 0x0,
    0x0, 0x0, 0xbf, 0xe0, 0x0, 0x0, 0x0, 0x0,
    0xb, 0xfe, 0x0, 0x0, 0x0, 0x0, 0x0, 0xbf,
    0xe0, 0x0, 0x0, 0x0, 0x0, 0x0,

    /* U+01F8 "Ǹ" */
    0x0, 0x0, 0x78, 0x70, 0x0, 0x0, 0x0, 0x0,
    0x0, 0x6, 0xff, 0x80, 0x0, 0x0, 0x0, 0x0,
    0x0, 0x7, 0xff, 0x30, 0x0, 0x0, 0x0, 0x0,
    0x0, 0x7, 0xfd, 0x0, 0x0, 0x0, 0x0, 0x0,
    0x0, 0x4, 0x83, 0x0, 0x0, 0x0, 0x0, 0x0,
    0x0, 0x0, 0x0, 0x0, 0x0, 0xbf, 0xfb, 0x0,
    0x0, 0x0, 0x1, 0xff, 0x5b, 0xff, 0xf5, 0x0,
    0x0, 0x0, 0x1f, 0xf5, 0xbf, 0xff, 0xe1, 0x0,
    0x0, 0x1, 0xff, 0x5b, 0xfc, 0xff, 0xa0, 0x0,
    0x0, 0x1f, 0xf5, 0xbf, 0x7b, 0xff, 0x40, 0x0,
    0x1, 0xff, 0x5b, 0xf8, 0x1f, 0xfd, 0x0, 0x0,
    0x1f, 0xf5, 0xbf, 0x90, 0x6f, 0xf8, 0x0, 0x1,
    0xff, 0x5b, 0xf9, 0x0, 0xcf, 0xf3, 0x0, 0x1f,
    0xf5, 0xbf, 0xa0, 0x2, 0xff, 0xc0, 0x1, 0xff,
    0x5b, 0xfa, 0x0, 0x8, 0xff, 0x70, 0xf, 0xf5,
    0xbf, 0xa0, 0x0, 0xd, 0xff, 0x10, 0xff, 0x5b,
    0xfa, 0x0, 0x0, 0x4f, 0xfb, 0xf, 0xf5, 0xbf,
    0xa0, 0x0, 0x0, 0xaf, 0xf5, 0xff, 0x5b, 0xfa,
    0x0, 0x0, 0x1, 0xef, 0xef, 0xf5, 0xbf, 0xa0,
    0x0, 0x0, 0x6, 0xff, 0xff, 0x5b, 0xfa, 0x0,
    0x0, 0x0, 0xb, 0xff, 0xf5, 0xbf, 0xa0, 0x0,
    0x0, 0x0, 0x2f, 0xff, 0x50,

    /* U+01F9 "ǹ" */
    0x0, 0x8, 0xff, 0x80, 0x0, 0x0, 0x0, 0x0,
    0x9, 0xff, 0x30, 0x0, 0x0, 0x0, 0x0, 0x7,
    0xfd, 0x10, 0x0, 0x0, 0x0, 0x0, 0x5, 0xa6,
    0x0, 0x0, 0x0, 0x0, 0x0, 0x0, 0x0, 0x0,
    0x0, 0xff, 0x11, 0x9e, 0xfe, 0xb3, 0x0, 0xf,
    0xf7, 0xff, 0xff, 0xff, 0xf4, 0x0, 0xff, 0xfd,
    0x51, 0x28, 0xff, 0xd0, 0xf, 0xff, 0x20, 0x0,
    0xa, 0xff, 0x10, 0xff, 0xc0, 0x0, 0x0, 0x6f,
    0xf2, 0xf, 0xf9, 0x0, 0x0, 0x5, 0xff, 0x20,
    0xff, 0x80, 0x0, 0x0, 0x5f, 0xf2, 0xf, 0xf8,
    0x0, 0x0, 0x5, 0xff, 0x20, 0xff, 0x80, 0x0,
    0x0, 0x5f, 0xf2, 0xf, 0xf8, 0x0, 0x0, 0x5,
    0xff, 0x20, 0xff, 0x80, 0x0, 0x0, 0x5f, 0xf2,
    0xf, 0xf8, 0x0, 0x0, 0x5, 0xff, 0x20, 0xff,
    0x80, 0x0, 0x0, 0x5f, 0xf2,

    /* U+01FA "Ǻ" */
    0x0, 0x0, 0x0, 0x0, 0x58, 0x83, 0x0, 0x0,
    0x0, 0x0, 0x0, 0x4, 0xff, 0x90, 0x0, 0x0,
    0x0, 0x0, 0x0, 0x3f, 0xd4, 0x0, 0x0, 0x0,
    0x0, 0x0, 0x0, 0x0, 0x0, 0x0, 0x0, 0x0,
    0x0, 0x0, 0x1, 0xbf, 0xf8, 0x0, 0x0, 0x0,
    0x0, 0x0, 0xa, 0xe5, 0x7f, 0x50, 0x0, 0x0,
    0x0, 0x0, 0xd, 0x90, 0xf, 0x90, 0x0, 0x0,
    0x0, 0x0, 0x9, 0xd4, 0x6f, 0x50, 0x0, 0x0,
    0x0, 0x0, 0x1, 0xff, 0xfc, 0x0, 0x0, 0x0,
    0x0, 0x0, 0x5, 0xff, 0xff, 0x10, 0x0, 0x0,
    0x0, 0x0, 0xc, 0xf8, 0xdf, 0x80, 0x0, 0x0,
    0x0, 0x0, 0x3f, 0xf3, 0x8f, 0xe0, 0x0, 0x0,
    0x0, 0x0, 0x9f, 0xe0, 0x2f, 0xf5, 0x0, 0x0,
    0x0, 0x1, 0xff, 0x80, 0xc, 0xfc, 0x0, 0x0,
    0x0, 0x7, 0xff, 0x10, 0x6, 0xff, 0x20, 0x0,
    0x0, 0xd, 0xfb, 0x0, 0x0, 0xff, 0x90, 0x0,
    0x0, 0x4f, 0xf7, 0x33, 0x33, 0xbf, 0xf0, 0x0,
    0x0, 0xbf, 0xff, 0xff, 0xff, 0xff, 0xf6, 0x0,
    0x2, 0xff, 0xff, 0xff, 0xff, 0xff, 0xfd, 0x0,
    0x8, 0xff, 0x30, 0x0, 0x0, 0x9, 0xff, 0x40,
    0xe, 0xfc, 0x0, 0x0, 0x0, 0x2, 0xff, 0xa0,
    0x6f, 0xf5, 0x0, 0x0, 0x0, 0x0, 0xbf, 0xf1,
    0xcf, 0xe0, 0x0, 0x0, 0x0, 0x0, 0x3f, 0xf8,

    /* U+01FB "ǻ" */
    0x0, 0x0, 0x0, 0x58, 0x85, 0x0, 0x0, 0x0,
    0x7f, 0xe7, 0x0, 0x0, 0x0, 0x28, 0x60, 0x0,
    0x0, 0x0, 0x0, 0x0, 0x0, 0x0, 0x0, 0x1,
    0xbf, 0xfb, 0x10, 0x0, 0x0, 0x9e, 0x55, 0xe9,
    0x0, 0x0, 0x9, 0xd2, 0x2e, 0xa0, 0x0, 0x0,
    0x2e, 0xff, 0xd2, 0x0, 0x0, 0x0, 0x2, 0x20,
    0x0, 0x0, 0x0, 0x0, 0x0, 0x0, 0x0, 0x0,
    0x5a, 0xdf, 0xfd, 0x91, 0x0, 0x5f, 0xff, 0xff,
    0xff, 0xe1, 0x0, 0xc7, 0x20, 0x8, 0xff, 0x90,
    0x0, 0x0, 0x0, 0xd, 0xfc, 0x0, 0x0, 0x0,
    0x0, 0xaf, 0xd0, 0x1, 0x58, 0x99, 0x9d, 0xfd,
    0x8, 0xff, 0xff, 0xff, 0xff, 0xd7, 0xff, 0xb3,
    0x0, 0xa, 0xfd, 0xdf, 0xe0, 0x0, 0x0, 0xbf,
    0xde, 0xfc, 0x0, 0x0, 0xe, 0xfd, 0xcf, 0xf2,
    0x0, 0x1b, 0xff, 0xd4, 0xff, 0xfc, 0xdf, 0xe9,
    0xfd, 0x3, 0xbe, 0xfe, 0x91, 0x1f, 0xd0,

    /* U+01FC "Ǽ" */
    0x0, 0x0, 0x0, 0x0, 0x0, 0x0, 0x3, 0x88,
    0x50, 0x0, 0x0, 0x0, 0x0, 0x0, 0x0, 0x0,
    0x0, 0xd, 0xfe, 0x20, 0x0, 0x0, 0x0, 0x0,
    0x0, 0x0, 0x0, 0x0, 0x8f, 0xe3, 0x0, 0x0,
    0x0, 0x0, 0x0, 0x0, 0x0, 0x0, 0x3, 0xfe,
    0x30, 0x0, 0x0, 0x0, 0x0, 0x0, 0x0, 0x0,
    0x0, 0x5, 0x71, 0x0, 0x0, 0x0, 0x0, 0x0,
    0x0, 0x0, 0x0, 0x0, 0x0, 0x0, 0x0, 0x0,
    0x0, 0x0, 0x0, 0x0, 0x0, 0x0, 0x4f, 0xff,
    0xff, 0xff, 0xff, 0xff, 0xf3, 0x0, 0x0, 0x0,
    0x0, 0xbf, 0xff, 0xff, 0xff, 0xff, 0xff, 0xf3,
    0x0, 0x0, 0x0, 0x3, 0xff, 0x64, 0xff, 0x92,
    0x22, 0x22, 0x20, 0x0, 0x0, 0x0, 0xa, 0xfd,
    0x1, 0xff, 0x70, 0x0, 0x0, 0x0, 0x0, 0x0,
    0x0, 0x2f, 0xf6, 0x1, 0xff, 0x70, 0x0, 0x0,
    0x0, 0x0, 0x0, 0x0, 0x9f, 0xe0, 0x1, 0xff,
    0x70, 0x0, 0x0, 0x0, 0x0, 0x0, 0x1, 0xff,
    0x80, 0x1, 0xff, 0x70, 0x0, 0x0, 0x0, 0x0,
    0x0, 0x8, 0xff, 0x10, 0x1, 0xff, 0xff, 0xff,
    0xff, 0xc0, 0x0, 0x0, 0x1f, 0xfa, 0x0, 0x1,
    0xff, 0xff, 0xff, 0xff, 0xc0, 0x0, 0x0, 0x7f,
    0xf2, 0x0, 0x1, 0xff, 0x92, 0x22, 0x22, 0x10,
    0x0, 0x0, 0xef, 0xff, 0xff, 0xff, 0xff, 0x70,
    0x0, 0x0, 0x0, 0x0, 0x7, 0xff, 0xff, 0xff,
    0xff, 0xff, 0x70, 0x0, 0x0, 0x0, 0x0, 0xe,
    0xfd, 0x33, 0x33, 0x35, 0xff, 0x70, 0x0, 0x0,
    0x0, 0x0, 0x6f, 0xf5, 0x0, 0x0, 0x1, 0xff,
    0x70, 0x0, 0x0, 0x0, 0x0, 0xdf, 0xd0, 0x0,
    0x0, 0x1, 0xff, 0x93, 0x33, 0x33, 0x30, 0x5,
    0xff, 0x50, 0x0, 0x0, 0x1, 0xff, 0xff, 0xff,
    0xff, 0xf3, 0xc, 0xfd, 0x0, 0x0, 0x0, 0x1,
    0xff, 0xff, 0xff, 0xff, 0xf3,

    /* U+01FD "ǽ" */
    0x0, 0x0, 0x0, 0x0, 0x0, 0xcf, 0xf4, 0x0,
    0x0, 0x0, 0x0, 0x0, 0x0, 0x0, 0x7f, 0xf4,
    0x0, 0x0, 0x0, 0x0, 0x0, 0x0, 0x0, 0x3f,
    0xf4, 0x0, 0x0, 0x0, 0x0, 0x0, 0x0, 0x0,
    0x8, 0xa2, 0x0, 0x0, 0x0, 0x0, 0x0, 0x0,
    0x0, 0x0, 0x0, 0x0, 0x0, 0x0, 0x0, 0x0,
    0x16, 0xbe, 0xfe, 0xb5, 0x0, 0x8d, 0xfe, 0xb3,
    0x0, 0x9, 0xff, 0xff, 0xff, 0xf7, 0xdf, 0xff,
    0xff, 0xf6, 0x0, 0x2b, 0x51, 0x1, 0xbf, 0xff,
    0xd3, 0x1, 0xbf, 0xf2, 0x0, 0x0, 0x0, 0x1,
    0xff, 0xf2, 0x0, 0x0, 0xef, 0x90, 0x0, 0x0,
    0x0, 0xf, 0xfd, 0x0, 0x0, 0xb, 0xfd, 0x0,
    0x48, 0xbc, 0xcc, 0xff, 0xec, 0xcc, 0xcc, 0xef,
    0xe0, 0xbf, 0xff, 0xff, 0xff, 0xff, 0xff, 0xff,
    0xff, 0xff, 0x8f, 0xfa, 0x30, 0x0, 0xff, 0xb0,
    0x0, 0x0, 0x0, 0xd, 0xfd, 0x0, 0x0, 0x1f,
    0xfe, 0x0, 0x0, 0x0, 0x0, 0xef, 0xc0, 0x0,
    0x6, 0xff, 0xf5, 0x0, 0x0, 0x0, 0xb, 0xff,
    0x51, 0x27, 0xff, 0xcf, 0xf6, 0x21, 0x24, 0xa4,
    0x3f, 0xff, 0xff, 0xff, 0x41, 0xdf, 0xff, 0xff,
    0xff, 0x50, 0x3b, 0xef, 0xd9, 0x20, 0x0, 0x7c,
    0xff, 0xeb, 0x61,

    /* U+01FE "Ǿ" */
    0x0, 0x0, 0x0, 0x0, 0x5, 0x88, 0x20, 0x0,
    0x0, 0x0, 0x0, 0x0, 0x2, 0xff, 0xc0, 0x0,
    0x0, 0x0, 0x0, 0x0, 0x0, 0xcf, 0xc0, 0x0,
    0x0, 0x0, 0x0, 0x0, 0x0, 0x7f, 0xc0, 0x0,
    0x0, 0x0, 0x0, 0x0, 0x0, 0x7, 0x70, 0x0,
    0x0, 0x0, 0x0, 0x0, 0x0, 0x0, 0x0, 0x0,
    0x0, 0x41, 0x0, 0x0, 0x0, 0x39, 0xdf, 0xfe,
    0xc6, 0x2e, 0xe1, 0x0, 0x0, 0x9f, 0xff, 0xff,
    0xff, 0xff, 0xf9, 0x0, 0x0, 0xbf, 0xfe, 0x74,
    0x35, 0x9f, 0xff, 0x70, 0x0, 0x5f, 0xfc, 0x0,
    0x0, 0x2, 0xff, 0xff, 0x20, 0xd, 0xff, 0x10,
    0x0, 0x0, 0xdf, 0xaf, 0xfa, 0x2, 0xff, 0x90,
    0x0, 0x0, 0x9f, 0xb0, 0xdf, 0xf0, 0x6f, 0xf5,
    0x0, 0x0, 0x5f, 0xe1, 0x8, 0xff, 0x37, 0xff,
    0x30, 0x0, 0x1e, 0xf4, 0x0, 0x6f, 0xf5, 0x8f,
    0xf3, 0x0, 0xc, 0xf8, 0x0, 0x5, 0xff, 0x68,
    0xff, 0x40, 0x8, 0xfc, 0x0, 0x0, 0x6f, 0xf5,
    0x6f, 0xf5, 0x4, 0xff, 0x20, 0x0, 0x8, 0xff,
    0x33, 0xff, 0x91, 0xef, 0x50, 0x0, 0x0, 0xdf,
    0xf0, 0xd, 0xff, 0xbf, 0x90, 0x0, 0x0, 0x4f,
    0xfa, 0x0, 0x6f, 0xff, 0xd0, 0x0, 0x0, 0x2e,
    0xff, 0x20, 0x0, 0xbf, 0xfe, 0x84, 0x34, 0x8f,
    0xff, 0x70, 0x0, 0xd, 0xff, 0xff, 0xff, 0xff,
    0xff, 0x60, 0x0, 0x5, 0xfc, 0x28, 0xce, 0xff,
    0xc8, 0x20, 0x0, 0x0, 0x4, 0x20, 0x0, 0x0,
    0x0, 0x0, 0x0, 0x0,

    /* U+01FF "ǿ" */
    0x0, 0x0, 0x0, 0x3f, 0xfd, 0x0, 0x0, 0x0,
    0x0, 0xd, 0xfd, 0x10, 0x0, 0x0, 0x0, 0x9,
    0xfc, 0x10, 0x0, 0x0, 0x0, 0x2, 0xa8, 0x0,
    0x0, 0x0, 0x0, 0x0, 0x0, 0x0, 0x0, 0x30,
    0x0, 0x0, 0x6c, 0xef, 0xd9, 0x7f, 0x70, 0x1,
    0xcf, 0xff, 0xff, 0xff, 0xf2, 0x0, 0xbf, 0xf8,
    0x21, 0x5f, 0xff, 0x40, 0x3f, 0xf8, 0x0, 0x8,
    0xff, 0xfc, 0x8, 0xff, 0x20, 0x4, 0xfe, 0x9f,
    0xf1, 0xaf, 0xf0, 0x1, 0xef, 0x44, 0xff, 0x5b,
    0xfe, 0x0, 0xbf, 0x80, 0x3f, 0xf5, 0xaf, 0xe0,
    0x7f, 0xc0, 0x5, 0xff, 0x57, 0xff, 0x6f, 0xe1,
    0x0, 0x8f, 0xf2, 0x2f, 0xff, 0xf4, 0x0, 0xe,
    0xfd, 0x0, 0xaf, 0xfd, 0x21, 0x3c, 0xff, 0x50,
    0x6, 0xff, 0xff, 0xff, 0xff, 0x70, 0x0, 0xdf,
    0x6b, 0xef, 0xea, 0x30, 0x0, 0x1, 0x40, 0x0,
    0x0, 0x0, 0x0, 0x0,

    /* U+0200 "Ȁ" */
    0x0, 0x9f, 0xf1, 0x4f, 0xf6, 0x0, 0x0, 0x0,
    0x0, 0xc, 0xf9, 0x7, 0xfe, 0x0, 0x0, 0x0,
    0x0, 0x1, 0xdf, 0x30, 0x9f, 0x80, 0x0, 0x0,
    0x0, 0x0, 0x1b, 0x90, 0x8, 0xc1, 0x0, 0x0,
    0x0, 0x0, 0x0, 0x0, 0x0, 0x0, 0x0, 0x0,
    0x0, 0x0, 0x0, 0xbf, 0xf6, 0x0, 0x0, 0x0,
    0x0, 0x0, 0x1, 0xff, 0xfc, 0x0, 0x0, 0x0,
    0x0, 0x0, 0x7, 0xfe, 0xff, 0x20, 0x0, 0x0,
    0x0, 0x0, 0xd, 0xf8, 0xdf, 0x80, 0x0, 0x0,
    0x0, 0x0, 0x3f, 0xf3, 0x8f, 0xe0, 0x0, 0x0,
    0x0, 0x0, 0x9f, 0xe0, 0x3f, 0xf4, 0x0, 0x0,
    0x0, 0x0, 0xff, 0x90, 0xd, 0xfa, 0x0, 0x0,
    0x0, 0x5, 0xff, 0x30, 0x8, 0xff, 0x10, 0x0,
    0x0, 0xc, 0xfd, 0x0, 0x2, 0xff, 0x70, 0x0,
    0x0, 0x2f, 0xf7, 0x0, 0x0, 0xcf, 0xd0, 0x0,
    0x0, 0x8f, 0xff, 0xff, 0xff, 0xff, 0xf3, 0x0,
    0x0, 0xef, 0xff, 0xff, 0xff, 0xff, 0xf9, 0x0,
    0x4, 0xff, 0x83, 0x33, 0x33, 0x3c, 0xff, 0x0,
    0xa, 0xff, 0x10, 0x0, 0x0, 0x6, 0xff, 0x50,
    0x1f, 0xfa, 0x0, 0x0, 0x0, 0x0, 0xff, 0xb0,
    0x6f, 0xf4, 0x0, 0x0, 0x0, 0x0, 0xaf, 0xf2,
    0xcf, 0xe0, 0x0, 0x0, 0x0, 0x0, 0x3f, 0xf8,

    /* U+0201 "ȁ" */
    0x9f, 0xf2, 0x3f, 0xf7, 0x0, 0x0, 0xcf, 0xa0,
    0x7f, 0xe1, 0x0, 0x1, 0xdf, 0x30, 0x8f, 0x90,
    0x0, 0x1, 0xa9, 0x0, 0x7c, 0x10, 0x0, 0x0,
    0x0, 0x0, 0x0, 0x0, 0x5, 0xad, 0xff, 0xd9,
    0x10, 0x5, 0xff, 0xff, 0xff, 0xfe, 0x10, 0xc,
    0x72, 0x0, 0x8f, 0xf9, 0x0, 0x0, 0x0, 0x0,
    0xdf, 0xc0, 0x0, 0x0, 0x0, 0xa, 0xfd, 0x0,
    0x15, 0x89, 0x99, 0xdf, 0xd0, 0x8f, 0xff, 0xff,
    0xff, 0xfd, 0x7f, 0xfb, 0x30, 0x0, 0xaf, 0xdd,
    0xfe, 0x0, 0x0, 0xb, 0xfd, 0xef, 0xc0, 0x0,
    0x0, 0xef, 0xdc, 0xff, 0x20, 0x1, 0xbf, 0xfd,
    0x4f, 0xff, 0xcd, 0xfe, 0x9f, 0xd0, 0x3b, 0xef,
    0xe9, 0x11, 0xfd,

    /* U+0202 "Ȃ" */
    0x0, 0x0, 0x4, 0xbd, 0xda, 0x20, 0x0, 0x0,
    0x0, 0x0, 0x5f, 0xff, 0xff, 0xf2, 0x0, 0x0,
    0x0, 0x0, 0xed, 0x30, 0x4, 0xf9, 0x0, 0x0,
    0x0, 0x0, 0x73, 0x0, 0x0, 0x55, 0x0, 0x0,
    0x0, 0x0, 0x0, 0x0, 0x0, 0x0, 0x0, 0x0,
    0x0, 0x0, 0x0, 0xbf, 0xf6, 0x0, 0x0, 0x0,
    0x0, 0x0, 0x1, 0xff, 0xfc, 0x0, 0x0, 0x0,
    0x0, 0x0, 0x7, 0xfe, 0xff, 0x20, 0x0, 0x0,
    0x0, 0x0, 0xd, 0xf8, 0xdf, 0x80, 0x0, 0x0,
    0x0, 0x0, 0x3f, 0xf3, 0x8f, 0xe0, 0x0, 0x0,
    0x0, 0x0, 0x9f, 0xe0, 0x3f, 0xf4, 0x0, 0x0,
    0x0, 0x0, 0xff, 0x90, 0xd, 0xfa, 0x0, 0x0,
    0x0, 0x5, 0xff, 0x30, 0x8, 0xff, 0x10, 0x0,
    0x0, 0xc, 0xfd, 0x0, 0x2, 0xff, 0x70, 0x0,
    0x0, 0x2f, 0xf7, 0x0, 0x0, 0xcf, 0xd0, 0x0,
    0x0, 0x8f, 0xff, 0xff, 0xff, 0xff, 0xf3, 0x0,
    0x0, 0xef, 0xff, 0xff, 0xff, 0xff, 0xf9, 0x0,
    0x4, 0xff, 0x83, 0x33, 0x33, 0x3c, 0xff, 0x0,
    0xa, 0xff, 0x10, 0x0, 0x0, 0x6, 0xff, 0x50,
    0x1f, 0xfa, 0x0, 0x0, 0x0, 0x0, 0xff, 0xb0,
    0x6f, 0xf4, 0x0, 0x0, 0x0, 0x0, 0xaf, 0xf2,
    0xcf, 0xe0, 0x0, 0x0, 0x0, 0x0, 0x3f, 0xf8,

    /* U+0203 "ȃ" */
    0x0, 0x4, 0xce, 0xeb, 0x30, 0x0, 0x5, 0xff,
    0xff, 0xff, 0x30, 0x0, 0xdd, 0x20, 0x3, 0xea,
    0x0, 0x7, 0x40, 0x0, 0x5, 0x60, 0x0, 0x0,
    0x0, 0x0, 0x0, 0x0, 0x5, 0xad, 0xff, 0xd9,
    0x10, 0x5, 0xff, 0xff, 0xff, 0xfe, 0x10, 0xc,
    0x72, 0x0, 0x8f, 0xf9, 0x0, 0x0, 0x0, 0x0,
    0xdf, 0xc0, 0x0, 0x0, 0x0, 0xa, 0xfd, 0x0,
    0x15, 0x89, 0x99, 0xdf, 0xd0, 0x8f, 0xff, 0xff,
    0xff, 0xfd, 0x7f, 0xfb, 0x30, 0x0, 0xaf, 0xdd,
    0xfe, 0x0, 0x0, 0xb, 0xfd, 0xef, 0xc0, 0x0,
    0x0, 0xef, 0xdc, 0xff, 0x20, 0x1, 0xbf, 0xfd,
    0x4f, 0xff, 0xcd, 0xfe, 0x9f, 0xd0, 0x3b, 0xef,
    0xe9, 0x11, 0xfd,

    /* U+0204 "Ȅ" */
    0x2f, 0xf8, 0xc, 0xfd, 0x0, 0x0, 0x6f, 0xf1,
    0x2e, 0xf6, 0x0, 0x0, 0x7f, 0xa0, 0x2e, 0xe1,
    0x0, 0x0, 0x7c, 0x20, 0x2c, 0x60, 0x0, 0x0,
    0x0, 0x0, 0x0, 0x0, 0xbf, 0xff, 0xff, 0xff,
    0xfe, 0xb, 0xff, 0xff, 0xff, 0xff, 0xe0, 0xbf,
    0xe2, 0x22, 0x22, 0x22, 0xb, 0xfe, 0x0, 0x0,
    0x0, 0x0, 0xbf, 0xe0, 0x0, 0x0, 0x0, 0xb,
    0xfe, 0x0, 0x0, 0x0, 0x0, 0xbf, 0xe0, 0x0,
    0x0, 0x0, 0xb, 0xff, 0xff, 0xff, 0xff, 0x80,
    0xbf, 0xff, 0xff, 0xff, 0xf8, 0xb, 0xfe, 0x22,
    0x22, 0x22, 0x10, 0xbf, 0xe0, 0x0, 0x0, 0x0,
    0xb, 0xfe, 0x0, 0x0, 0x0, 0x0, 0xbf, 0xe0,
    0x0, 0x0, 0x0, 0xb, 0xfe, 0x0, 0x0, 0x0,
    0x0, 0xbf, 0xe3, 0x33, 0x33, 0x32, 0xb, 0xff,
    0xff, 0xff, 0xff, 0xe0, 0xbf, 0xff, 0xff, 0xff,
    0xfe,

    /* U+0205 "ȅ" */
    0x8f, 0xf2, 0x2f, 0xf8, 0x0, 0x0, 0xb, 0xfb,
    0x6, 0xff, 0x10, 0x0, 0x0, 0xcf, 0x40, 0x7f,
    0xa0, 0x0, 0x0, 0xa, 0xa0, 0x6, 0xc2, 0x0,
    0x0, 0x0, 0x0, 0x0, 0x0, 0x0, 0x0, 0x6,
    0xce, 0xfd, 0x81, 0x0, 0x1, 0xcf, 0xff, 0xff,
    0xfe, 0x20, 0xa, 0xff, 0x60, 0x4, 0xef, 0xd0,
    0x2f, 0xf6, 0x0, 0x0, 0x5f, 0xf4, 0x7f, 0xf1,
    0x0, 0x0, 0xf, 0xf7, 0xaf, 0xff, 0xff, 0xff,
    0xff, 0xf9, 0xbf, 0xfe, 0xee, 0xee, 0xee, 0xe8,
    0xaf, 0xf0, 0x0, 0x0, 0x0, 0x0, 0x8f, 0xf2,
    0x0, 0x0, 0x0, 0x0, 0x2f, 0xfb, 0x0, 0x0,
    0x0, 0x0, 0xa, 0xff, 0xa3, 0x1, 0x37, 0xc0,
    0x0, 0xbf, 0xff, 0xff, 0xff, 0xf0, 0x0, 0x5,
    0xbe, 0xff, 0xda, 0x40,

    /* U+0206 "Ȇ" */
    0x0, 0x18, 0xce, 0xc6, 0x0, 0x0, 0xdf, 0xff,
    0xff, 0x90, 0x7, 0xf6, 0x10, 0x1a, 0xf1, 0x4,
    0x60, 0x0, 0x2, 0x71, 0x0, 0x0, 0x0, 0x0,
    0x0, 0xbf, 0xff, 0xff, 0xff, 0xfe, 0xbf, 0xff,
    0xff, 0xff, 0xfe, 0xbf, 0xe2, 0x22, 0x22, 0x22,
    0xbf, 0xe0, 0x0, 0x0, 0x0, 0xbf, 0xe0, 0x0,
    0x0, 0x0, 0xbf, 0xe0, 0x0, 0x0, 0x0, 0xbf,
    0xe0, 0x0, 0x0, 0x0, 0xbf, 0xff, 0xff, 0xff,
    0xf8, 0xbf, 0xff, 0xff, 0xff, 0xf8, 0xbf, 0xe2,
    0x22, 0x22, 0x21, 0xbf, 0xe0, 0x0, 0x0, 0x0,
    0xbf, 0xe0, 0x0, 0x0, 0x0, 0xbf, 0xe0, 0x0,
    0x0, 0x0, 0xbf, 0xe0, 0x0, 0x0, 0x0, 0xbf,
    0xe3, 0x33, 0x33, 0x32, 0xbf, 0xff, 0xff, 0xff,
    0xfe, 0xbf, 0xff, 0xff, 0xff, 0xfe,

    /* U+0207 "ȇ" */
    0x0, 0x3, 0xbe, 0xec, 0x30, 0x0, 0x0, 0x4f,
    0xff, 0xff, 0xf3, 0x0, 0x0, 0xcd, 0x20, 0x2,
    0xeb, 0x0, 0x0, 0x84, 0x0, 0x0, 0x57, 0x0,
    0x0, 0x0, 0x0, 0x0, 0x0, 0x0, 0x0, 0x6,
    0xce, 0xfd, 0x81, 0x0, 0x1, 0xcf, 0xff, 0xff,
    0xfe, 0x20, 0xa, 0xff, 0x60, 0x4, 0xef, 0xd0,
    0x2f, 0xf6, 0x0, 0x0, 0x5f, 0xf4, 0x7f, 0xf1,
    0x0, 0x0, 0xf, 0xf7, 0xaf, 0xff, 0xff, 0xff,
    0xff, 0xf9, 0xbf, 0xfe, 0xee, 0xee, 0xee, 0xe8,
    0xaf, 0xf0, 0x0, 0x0, 0x0, 0x0, 0x8f, 0xf2,
    0x0, 0x0, 0x0, 0x0, 0x2f, 0xfb, 0x0, 0x0,
    0x0, 0x0, 0xa, 0xff, 0xa3, 0x1, 0x37, 0xc0,
    0x0, 0xbf, 0xff, 0xff, 0xff, 0xf0, 0x0, 0x5,
    0xbe, 0xff, 0xda, 0x40,

    /* U+0208 "Ȉ" */
    0x3f, 0xf7, 0xd, 0xfd, 0x0, 0x6, 0xff, 0x12,
    0xef, 0x50, 0x0, 0x8f, 0x90, 0x3f, 0xe0, 0x0,
    0x7, 0xc2, 0x3, 0xc6, 0x0, 0x0, 0x0, 0x0,
    0x0, 0x0, 0x1f, 0xff, 0xff, 0xf9, 0x0, 0xa,
    0xef, 0xff, 0xc5, 0x0, 0x0, 0xf, 0xf8, 0x0,
    0x0, 0x0, 0xf, 0xf8, 0x0, 0x0, 0x0, 0xf,
    0xf8, 0x0, 0x0, 0x0, 0xf, 0xf8, 0x0, 0x0,
    0x0, 0xf, 0xf8, 0x0, 0x0, 0x0, 0xf, 0xf8,
    0x0, 0x0, 0x0, 0xf, 0xf8, 0x0, 0x0, 0x0,
    0xf, 0xf8, 0x0, 0x0, 0x0, 0xf, 0xf8, 0x0,
    0x0, 0x0, 0xf, 0xf8, 0x0, 0x0, 0x0, 0xf,
    0xf8, 0x0, 0x0, 0x0, 0xf, 0xf8, 0x0, 0x0,
    0x0, 0xf, 0xf8, 0x0, 0x0, 0xa, 0xef, 0xff,
    0xc4, 0x0, 0x1f, 0xff, 0xff, 0xf9,

    /* U+0209 "ȉ" */
    0x3f, 0xf7, 0xd, 0xfd, 0x0, 0x6, 0xff, 0x12,
    0xef, 0x50, 0x0, 0x8f, 0x90, 0x3f, 0xe0, 0x0,
    0x7, 0xc2, 0x2, 0xc6, 0x0, 0x0, 0x0, 0x0,
    0x0, 0x0, 0x0, 0xf, 0xf8, 0x0, 0x0, 0x0,
    0xf, 0xf8, 0x0, 0x0, 0x0, 0xf, 0xf8, 0x0,
    0x0, 0x0, 0xf, 0xf8, 0x0, 0x0, 0x0, 0xf,
    0xf8, 0x0, 0x0, 0x0, 0xf, 0xf8, 0x0, 0x0,
    0x0, 0xf, 0xf8, 0x0, 0x0, 0x0, 0xf, 0xf8,
    0x0, 0x0, 0x0, 0xf, 0xf8, 0x0, 0x0, 0x0,
    0xf, 0xf8, 0x0, 0x0, 0x0, 0xf, 0xf8, 0x0,
    0x0, 0x0, 0xf, 0xf8, 0x0, 0x0, 0x0, 0xf,
    0xf8, 0x0,

    /* U+020A "Ȋ" */
    0x1, 0x8c, 0xec, 0x60, 0x1, 0xdf, 0xff, 0xff,
    0x80, 0x8f, 0x61, 0x2, 0xbf, 0x4, 0x60, 0x0,
    0x2, 0x71, 0x0, 0x0, 0x0, 0x0, 0x1, 0xff,
    0xff, 0xff, 0x90, 0xa, 0xef, 0xff, 0xc5, 0x0,
    0x0, 0xff, 0x80, 0x0, 0x0, 0xf, 0xf8, 0x0,
    0x0, 0x0, 0xff, 0x80, 0x0, 0x0, 0xf, 0xf8,
    0x0, 0x0, 0x0, 0xff, 0x80, 0x0, 0x0, 0xf,
    0xf8, 0x0, 0x0, 0x0, 0xff, 0x80, 0x0, 0x0,
    0xf, 0xf8, 0x0, 0x0, 0x0, 0xff, 0x80, 0x0,
    0x0, 0xf, 0xf8, 0x0, 0x0, 0x0, 0xff, 0x80,
    0x0, 0x0, 0xf, 0xf8, 0x0, 0x0, 0x0, 0xff,
    0x80, 0x0, 0xa, 0xef, 0xff, 0xc4, 0x1, 0xff,
    0xff, 0xff, 0x90,

    /* U+020B "ȋ" */
    0x2, 0xae, 0xfd, 0x70, 0x1, 0xef, 0xfe, 0xff,
    0x80, 0x8f, 0x40, 0x0, 0xaf, 0x4, 0x50, 0x0,
    0x2, 0x61, 0x0, 0x0, 0x0, 0x0, 0x0, 0x0,
    0xff, 0x80, 0x0, 0x0, 0xf, 0xf8, 0x0, 0x0,
    0x0, 0xff, 0x80, 0x0, 0x0, 0xf, 0xf8, 0x0,
    0x0, 0x0, 0xff, 0x80, 0x0, 0x0, 0xf, 0xf8,
    0x0, 0x0, 0x0, 0xff, 0x80, 0x0, 0x0, 0xf,
    0xf8, 0x0, 0x0, 0x0, 0xff, 0x80, 0x0, 0x0,
    0xf, 0xf8, 0x0, 0x0, 0x0, 0xff, 0x80, 0x0,
    0x0, 0xf, 0xf8, 0x0, 0x0, 0x0, 0xff, 0x80,
    0x0,

    /* U+020C "Ȍ" */
    0x0, 0x1c, 0xc7, 0x9, 0xcb, 0x0, 0x0, 0x0,
    0x0, 0x0, 0x6f, 0xf1, 0x2e, 0xf6, 0x0, 0x0,
    0x0, 0x0, 0x0, 0x8f, 0xa0, 0x3f, 0xe1, 0x0,
    0x0, 0x0, 0x0, 0x0, 0x8f, 0x40, 0x3e, 0x90,
    0x0, 0x0, 0x0, 0x0, 0x0, 0x0, 0x0, 0x0,
    0x0, 0x0, 0x0, 0x0, 0x0, 0x0, 0x0, 0x0,
    0x0, 0x0, 0x0, 0x0, 0x0, 0x39, 0xdf, 0xff,
    0xc8, 0x10, 0x0, 0x0, 0x0, 0x9f, 0xff, 0xff,
    0xff, 0xff, 0x60, 0x0, 0x0, 0xaf, 0xfe, 0x74,
    0x34, 0x8f, 0xff, 0x70, 0x0, 0x5f, 0xfc, 0x0,
    0x0, 0x0, 0x1d, 0xff, 0x20, 0xd, 0xff, 0x10,
    0x0, 0x0, 0x0, 0x3f, 0xfa, 0x2, 0xff, 0x90,
    0x0, 0x0, 0x0, 0x0, 0xcf, 0xf0, 0x6f, 0xf5,
    0x0, 0x0, 0x0, 0x0, 0x8, 0xff, 0x37, 0xff,
    0x30, 0x0, 0x0, 0x0, 0x0, 0x6f, 0xf5, 0x8f,
    0xf2, 0x0, 0x0, 0x0, 0x0, 0x5, 0xff, 0x67,
    0xff, 0x30, 0x0, 0x0, 0x0, 0x0, 0x6f, 0xf4,
    0x6f, 0xf5, 0x0, 0x0, 0x0, 0x0, 0x8, 0xff,
    0x32, 0xff, 0xa0, 0x0, 0x0, 0x0, 0x0, 0xdf,
    0xf0, 0xd, 0xff, 0x10, 0x0, 0x0, 0x0, 0x4f,
    0xfa, 0x0, 0x5f, 0xfc, 0x0, 0x0, 0x0, 0x2e,
    0xff, 0x20, 0x0, 0xaf, 0xfe, 0x74, 0x34, 0x8f,
    0xff, 0x70, 0x0, 0x0, 0x9f, 0xff, 0xff, 0xff,
    0xff, 0x60, 0x0, 0x0, 0x0, 0x39, 0xdf, 0xff,
    0xc8, 0x10, 0x0, 0x0,

    /* U+020D "ȍ" */
    0x2f, 0xf8, 0xc, 0xfe, 0x0, 0x0, 0x0, 0x5f,
    0xf2, 0x1e, 0xf7, 0x0, 0x0, 0x0, 0x6f, 0xb0,
    0x2e, 0xf1, 0x0, 0x0, 0x0, 0x6c, 0x30, 0x2b,
    0x70, 0x0, 0x0, 0x0, 0x0, 0x0, 0x0, 0x0,
    0x0, 0x0, 0x6c, 0xef, 0xda, 0x30, 0x0, 0x1,
    0xcf, 0xff, 0xff, 0xff, 0x70, 0x0, 0xbf, 0xf8,
    0x20, 0x3b, 0xff, 0x50, 0x3f, 0xf9, 0x0, 0x0,
    0xe, 0xfd, 0x8, 0xff, 0x20, 0x0, 0x0, 0x8f,
    0xf2, 0xaf, 0xf0, 0x0, 0x0, 0x5, 0xff, 0x5b,
    0xfe, 0x0, 0x0, 0x0, 0x3f, 0xf6, 0xaf, 0xf0,
    0x0, 0x0, 0x5, 0xff, 0x57, 0xff, 0x20, 0x0,
    0x0, 0x8f, 0xf2, 0x2f, 0xf9, 0x0, 0x0, 0xe,
    0xfe, 0x0, 0x9f, 0xf8, 0x10, 0x3b, 0xff, 0x50,
    0x0, 0xbf, 0xff, 0xff, 0xff, 0x80, 0x0, 0x0,
    0x5b, 0xef, 0xea, 0x30, 0x0,

    /* U+020E "Ȏ" */
    0x0, 0x0, 0x0, 0x8d, 0xfd, 0x80, 0x0, 0x0,
    0x0, 0x0, 0x0, 0xcf, 0xff, 0xff, 0xa0, 0x0,
    0x0, 0x0, 0x0, 0x5f, 0x70, 0x0, 0x9f, 0x20,
    0x0, 0x0, 0x0, 0x4, 0x80, 0x0, 0x1, 0x82,
    0x0, 0x0, 0x0, 0x0, 0x0, 0x0, 0x0, 0x0,
    0x0, 0x0, 0x0, 0x0, 0x3, 0x9d, 0xff, 0xfc,
    0x81, 0x0, 0x0, 0x0, 0x9, 0xff, 0xff, 0xff,
    0xff, 0xf6, 0x0, 0x0, 0xa, 0xff, 0xe7, 0x43,
    0x48, 0xff, 0xf7, 0x0, 0x5, 0xff, 0xc0, 0x0,
    0x0, 0x1, 0xdf, 0xf2, 0x0, 0xdf, 0xf1, 0x0,
    0x0, 0x0, 0x3, 0xff, 0xa0, 0x2f, 0xf9, 0x0,
    0x0, 0x0, 0x0, 0xc, 0xff, 0x6, 0xff, 0x50,
    0x0, 0x0, 0x0, 0x0, 0x8f, 0xf3, 0x7f, 0xf3,
    0x0, 0x0, 0x0, 0x0, 0x6, 0xff, 0x58, 0xff,
    0x20, 0x0, 0x0, 0x0, 0x0, 0x5f, 0xf6, 0x7f,
    0xf3, 0x0, 0x0, 0x0, 0x0, 0x6, 0xff, 0x46,
    0xff, 0x50, 0x0, 0x0, 0x0, 0x0, 0x8f, 0xf3,
    0x2f, 0xfa, 0x0, 0x0, 0x0, 0x0, 0xd, 0xff,
    0x0, 0xdf, 0xf1, 0x0, 0x0, 0x0, 0x4, 0xff,
    0xa0, 0x5, 0xff, 0xc0, 0x0, 0x0, 0x2, 0xef,
    0xf2, 0x0, 0xa, 0xff, 0xe7, 0x43, 0x48, 0xff,
    0xf7, 0x0, 0x0, 0x9, 0xff, 0xff, 0xff, 0xff,
    0xf6, 0x0, 0x0, 0x0, 0x3, 0x9d, 0xff, 0xfc,
    0x81, 0x0, 0x0,

    /* U+020F "ȏ" */
    0x0, 0x1, 0x9d, 0xfd, 0x70, 0x0, 0x0, 0x0,
    0xdf, 0xfe, 0xff, 0xa0, 0x0, 0x0, 0x6f, 0x60,
    0x0, 0x9f, 0x10, 0x0, 0x4, 0x70, 0x0, 0x2,
    0x82, 0x0, 0x0, 0x0, 0x0, 0x0, 0x0, 0x0,
    0x0, 0x0, 0x6c, 0xef, 0xda, 0x30, 0x0, 0x1,
    0xcf, 0xff, 0xff, 0xff, 0x70, 0x0, 0xbf, 0xf8,
    0x20, 0x3b, 0xff, 0x50, 0x3f, 0xf9, 0x0, 0x0,
    0xe, 0xfd, 0x8, 0xff, 0x20, 0x0, 0x0, 0x8f,
    0xf2, 0xaf, 0xf0, 0x0, 0x0, 0x5, 0xff, 0x5b,
    0xfe, 0x0, 0x0, 0x0, 0x3f, 0xf6, 0xaf, 0xf0,
    0x0, 0x0, 0x5, 0xff, 0x57, 0xff, 0x20, 0x0,
    0x0, 0x8f, 0xf2, 0x2f, 0xf9, 0x0, 0x0, 0xe,
    0xfe, 0x0, 0x9f, 0xf8, 0x10, 0x3b, 0xff, 0x50,
    0x0, 0xbf, 0xff, 0xff, 0xff, 0x80, 0x0, 0x0,
    0x5b, 0xef, 0xea, 0x30, 0x0,

    /* U+0210 "Ȑ" */
    0xd, 0xfc, 0x8, 0xff, 0x20, 0x0, 0x0, 0x2,
    0xef, 0x50, 0xbf, 0xa0, 0x0, 0x0, 0x0, 0x3f,
    0xd0, 0xc, 0xf4, 0x0, 0x0, 0x0, 0x3, 0xc6,
    0x0, 0xaa, 0x0, 0x0, 0x0, 0x0, 0x0, 0x0,
    0x0, 0x0, 0x0, 0xc, 0xff, 0xff, 0xfe, 0xc8,
    0x10, 0x0, 0xc, 0xff, 0xff, 0xff, 0xff, 0xf4,
    0x0, 0xc, 0xfd, 0x22, 0x24, 0x9f, 0xfe, 0x0,
    0xc, 0xfd, 0x0, 0x0, 0x9, 0xff, 0x50, 0xc,
    0xfd, 0x0, 0x0, 0x4, 0xff, 0x70, 0xc, 0xfd,
    0x0, 0x0, 0x4, 0xff, 0x70, 0xc, 0xfd, 0x0,
    0x0, 0x9, 0xff, 0x30, 0xc, 0xfd, 0x0, 0x2,
    0x8f, 0xfb, 0x0, 0xc, 0xff, 0xff, 0xff, 0xff,
    0xa0, 0x0, 0xc, 0xff, 0xff, 0xff, 0xf6, 0x0,
    0x0, 0xc, 0xfd, 0x11, 0x1e, 0xfd, 0x0, 0x0,
    0xc, 0xfd, 0x0, 0x5, 0xff, 0x70, 0x0, 0xc,
    0xfd, 0x0, 0x0, 0xbf, 0xf2, 0x0, 0xc, 0xfd,
    0x0, 0x0, 0x2f, 0xfb, 0x0, 0xc, 0xfd, 0x0,
    0x0, 0x9, 0xff, 0x50, 0xc, 0xfd, 0x0, 0x0,
    0x1, 0xef, 0xe1, 0xc, 0xfd, 0x0, 0x0, 0x0,
    0x6f, 0xf9,

    /* U+0211 "ȑ" */
    0xaf, 0xf1, 0x4f, 0xf6, 0x0, 0xd, 0xf8, 0x8,
    0xfe, 0x0, 0x1, 0xdf, 0x20, 0x9f, 0x70, 0x0,
    0x1b, 0x80, 0x8, 0xc1, 0x0, 0x0, 0x0, 0x0,
    0x0, 0x0, 0xff, 0x0, 0x7d, 0xfa, 0x0, 0xff,
    0x3b, 0xff, 0xfa, 0x0, 0xff, 0xdf, 0xb6, 0x53,
    0x0, 0xff, 0xf8, 0x0, 0x0, 0x0, 0xff, 0xe0,
    0x0, 0x0, 0x0, 0xff, 0x90, 0x0, 0x0, 0x0,
    0xff, 0x80, 0x0, 0x0, 0x0, 0xff, 0x80, 0x0,
    0x0, 0x0, 0xff, 0x80, 0x0, 0x0, 0x0, 0xff,
    0x80, 0x0, 0x0, 0x0, 0xff, 0x80, 0x0, 0x0,
    0x0, 0xff, 0x80, 0x0, 0x0, 0x0, 0xff, 0x80,
    0x0, 0x0,

    /* U+0212 "Ȓ" */
    0x0, 0x6, 0xce, 0xc8, 0x10, 0x0, 0x0, 0x9,
    0xff, 0xff, 0xfd, 0x0, 0x0, 0x2, 0xfa, 0x20,
    0x17, 0xf5, 0x0, 0x0, 0x27, 0x10, 0x0, 0x6,
    0x30, 0x0, 0x0, 0x0, 0x0, 0x0, 0x0, 0x0,
    0xc, 0xff, 0xff, 0xfe, 0xc8, 0x10, 0x0, 0xcf,
    0xff, 0xff, 0xff, 0xff, 0x40, 0xc, 0xfd, 0x22,
    0x24, 0x9f, 0xfe, 0x0, 0xcf, 0xd0, 0x0, 0x0,
    0x9f, 0xf5, 0xc, 0xfd, 0x0, 0x0, 0x4, 0xff,
    0x70, 0xcf, 0xd0, 0x0, 0x0, 0x4f, 0xf7, 0xc,
    0xfd, 0x0, 0x0, 0x9, 0xff, 0x30, 0xcf, 0xd0,
    0x0, 0x28, 0xff, 0xb0, 0xc, 0xff, 0xff, 0xff,
    0xff, 0xa0, 0x0, 0xcf, 0xff, 0xff, 0xff, 0x60,
    0x0, 0xc, 0xfd, 0x11, 0x1e, 0xfd, 0x0, 0x0,
    0xcf, 0xd0, 0x0, 0x5f, 0xf7, 0x0, 0xc, 0xfd,
    0x0, 0x0, 0xbf, 0xf2, 0x0, 0xcf, 0xd0, 0x0,
    0x2, 0xff, 0xb0, 0xc, 0xfd, 0x0, 0x0, 0x9,
    0xff, 0x50, 0xcf, 0xd0, 0x0, 0x0, 0x1e, 0xfe,
    0x1c, 0xfd, 0x0, 0x0, 0x0, 0x6f, 0xf9,

    /* U+0213 "ȓ" */
    0x0, 0x5c, 0xfe, 0xb2, 0x0, 0x6f, 0xfe, 0xff,
    0xf2, 0xe, 0xc1, 0x0, 0x3f, 0x91, 0x83, 0x0,
    0x0, 0x66, 0x0, 0x0, 0x0, 0x0, 0x0, 0xff,
    0x0, 0x7d, 0xfa, 0xf, 0xf3, 0xbf, 0xff, 0xa0,
    0xff, 0xdf, 0xb6, 0x53, 0xf, 0xff, 0x80, 0x0,
    0x0, 0xff, 0xe0, 0x0, 0x0, 0xf, 0xf9, 0x0,
    0x0, 0x0, 0xff, 0x80, 0x0, 0x0, 0xf, 0xf8,
    0x0, 0x0, 0x0, 0xff, 0x80, 0x0, 0x0, 0xf,
    0xf8, 0x0, 0x0, 0x0, 0xff, 0x80, 0x0, 0x0,
    0xf, 0xf8, 0x0, 0x0, 0x0, 0xff, 0x80, 0x0,
    0x0,

    /* U+0214 "Ȕ" */
    0x8, 0xcc, 0x3, 0xcc, 0x50, 0x0, 0x0, 0x1,
    0xef, 0x80, 0xaf, 0xd0, 0x0, 0x0, 0x0, 0x2e,
    0xf2, 0xb, 0xf6, 0x0, 0x0, 0x0, 0x3, 0xeb,
    0x0, 0xbf, 0x10, 0x0, 0x0, 0x0, 0x0, 0x0,
    0x0, 0x0, 0x0, 0x0, 0x0, 0x0, 0x0, 0x0,
    0x0, 0x0, 0xdf, 0xb0, 0x0, 0x0, 0x0, 0xf,
    0xf9, 0xdf, 0xb0, 0x0, 0x0, 0x0, 0xf, 0xf9,
    0xdf, 0xb0, 0x0, 0x0, 0x0, 0xf, 0xf9, 0xdf,
    0xb0, 0x0, 0x0, 0x0, 0xf, 0xf9, 0xdf, 0xb0,
    0x0, 0x0, 0x0, 0xf, 0xf9, 0xdf, 0xb0, 0x0,
    0x0, 0x0, 0xf, 0xf9, 0xdf, 0xb0, 0x0, 0x0,
    0x0, 0xf, 0xf9, 0xdf, 0xb0, 0x0, 0x0, 0x0,
    0xf, 0xf9, 0xdf, 0xb0, 0x0, 0x0, 0x0, 0xf,
    0xf9, 0xdf, 0xb0, 0x0, 0x0, 0x0, 0xf, 0xf9,
    0xdf, 0xb0, 0x0, 0x0, 0x0, 0xf, 0xf9, 0xcf,
    0xc0, 0x0, 0x0, 0x0, 0x1f, 0xf8, 0xaf, 0xf0,
    0x0, 0x0, 0x0, 0x5f, 0xf5, 0x5f, 0xf9, 0x0,
    0x0, 0x0, 0xdf, 0xf0, 0xc, 0xff, 0xb5, 0x33,
    0x6d, 0xff, 0x70, 0x1, 0xcf, 0xff, 0xff, 0xff,
    0xf8, 0x0, 0x0, 0x6, 0xbe, 0xfe, 0xd9, 0x30,
    0x0,

    /* U+0215 "ȕ" */
    0xe, 0xfb, 0x9, 0xff, 0x20, 0x0, 0x0, 0x3f,
    0xf4, 0xc, 0xfa, 0x0, 0x0, 0x0, 0x4f, 0xd0,
    0x1d, 0xf3, 0x0, 0x0, 0x0, 0x3c, 0x50, 0xa,
    0x90, 0x0, 0x0, 0x0, 0x0, 0x0, 0x0, 0x0,
    0x2, 0xff, 0x60, 0x0, 0x0, 0x7f, 0xf1, 0x2f,
    0xf6, 0x0, 0x0, 0x7, 0xff, 0x12, 0xff, 0x60,
    0x0, 0x0, 0x7f, 0xf1, 0x2f, 0xf6, 0x0, 0x0,
    0x7, 0xff, 0x12, 0xff, 0x60, 0x0, 0x0, 0x7f,
    0xf1, 0x2f, 0xf6, 0x0, 0x0, 0x7, 0xff, 0x12,
    0xff, 0x60, 0x0, 0x0, 0x7f, 0xf1, 0x2f, 0xf6,
    0x0, 0x0, 0x8, 0xff, 0x12, 0xff, 0x70, 0x0,
    0x0, 0xaf, 0xf1, 0x1f, 0xfa, 0x0, 0x0, 0xe,
    0xff, 0x10, 0xdf, 0xf4, 0x0, 0x1a, 0xff, 0xf1,
    0x4, 0xff, 0xfe, 0xdf, 0xfa, 0xff, 0x10, 0x3,
    0xbe, 0xfe, 0xa3, 0xf, 0xf1,

    /* U+0216 "Ȗ" */
    0x0, 0x0, 0x4c, 0xee, 0xb3, 0x0, 0x0, 0x0,
    0x5, 0xff, 0xff, 0xff, 0x30, 0x0, 0x0, 0xe,
    0xd2, 0x0, 0x2e, 0xa0, 0x0, 0x0, 0x6, 0x20,
    0x0, 0x4, 0x50, 0x0, 0x0, 0x0, 0x0, 0x0,
    0x0, 0x0, 0x0, 0xdf, 0xb0, 0x0, 0x0, 0x0,
    0xf, 0xf9, 0xdf, 0xb0, 0x0, 0x0, 0x0, 0xf,
    0xf9, 0xdf, 0xb0, 0x0, 0x0, 0x0, 0xf, 0xf9,
    0xdf, 0xb0, 0x0, 0x0, 0x0, 0xf, 0xf9, 0xdf,
    0xb0, 0x0, 0x0, 0x0, 0xf, 0xf9, 0xdf, 0xb0,
    0x0, 0x0, 0x0, 0xf, 0xf9, 0xdf, 0xb0, 0x0,
    0x0, 0x0, 0xf, 0xf9, 0xdf, 0xb0, 0x0, 0x0,
    0x0, 0xf, 0xf9, 0xdf, 0xb0, 0x0, 0x0, 0x0,
    0xf, 0xf9, 0xdf, 0xb0, 0x0, 0x0, 0x0, 0xf,
    0xf9, 0xdf, 0xb0, 0x0, 0x0, 0x0, 0xf, 0xf9,
    0xcf, 0xc0, 0x0, 0x0, 0x0, 0x1f, 0xf8, 0xaf,
    0xf0, 0x0, 0x0, 0x0, 0x5f, 0xf5, 0x5f, 0xf9,
    0x0, 0x0, 0x0, 0xdf, 0xf0, 0xc, 0xff, 0xb5,
    0x33, 0x6d, 0xff, 0x70, 0x1, 0xcf, 0xff, 0xff,
    0xff, 0xf8, 0x0, 0x0, 0x6, 0xbe, 0xfe, 0xd9,
    0x30, 0x0,

    /* U+0217 "ȗ" */
    0x0, 0x0, 0x8d, 0xfd, 0x91, 0x0, 0x0, 0x0,
    0xbf, 0xfe, 0xff, 0xd0, 0x0, 0x0, 0x3f, 0x80,
    0x0, 0x6f, 0x50, 0x0, 0x2, 0x60, 0x0, 0x0,
    0x62, 0x0, 0x0, 0x0, 0x0, 0x0, 0x0, 0x0,
    0x2, 0xff, 0x60, 0x0, 0x0, 0x7f, 0xf1, 0x2f,
    0xf6, 0x0, 0x0, 0x7, 0xff, 0x12, 0xff, 0x60,
    0x0, 0x0, 0x7f, 0xf1, 0x2f, 0xf6, 0x0, 0x0,
    0x7, 0xff, 0x12, 0xff, 0x60, 0x0, 0x0, 0x7f,
    0xf1, 0x2f, 0xf6, 0x0, 0x0, 0x7, 0xff, 0x12,
    0xff, 0x60, 0x0, 0x0, 0x7f, 0xf1, 0x2f, 0xf6,
    0x0, 0x0, 0x8, 0xff, 0x12, 0xff, 0x70, 0x0,
    0x0, 0xaf, 0xf1, 0x1f, 0xfa, 0x0, 0x0, 0xe,
    0xff, 0x10, 0xdf, 0xf4, 0x0, 0x1a, 0xff, 0xf1,
    0x4, 0xff, 0xfe, 0xdf, 0xfa, 0xff, 0x10, 0x3,
    0xbe, 0xfe, 0xa3, 0xf, 0xf1,

    /* U+0218 "Ș" */
    0x0, 0x39, 0xdf, 0xfe, 0xb6, 0x10, 0x6, 0xff,
    0xff, 0xff, 0xff, 0x90, 0x2f, 0xfe, 0x74, 0x46,
    0x9e, 0x30, 0x8f, 0xf3, 0x0, 0x0, 0x0, 0x0,
    0x9f, 0xf0, 0x0, 0x0, 0x0, 0x0, 0x7f, 0xf4,
    0x0, 0x0, 0x0, 0x0, 0x1f, 0xff, 0x60, 0x0,
    0x0, 0x0, 0x5, 0xff, 0xfe, 0x81, 0x0, 0x0,
    0x0, 0x2b, 0xff, 0xff, 0x91, 0x0, 0x0, 0x0,
    0x29, 0xff, 0xfe, 0x20, 0x0, 0x0, 0x0, 0x19,
    0xff, 0xb0, 0x0, 0x0, 0x0, 0x0, 0xbf, 0xf0,
    0x0, 0x0, 0x0, 0x0, 0x8f, 0xf1, 0x10, 0x0,
    0x0, 0x0, 0xcf, 0xf0, 0xcc, 0x84, 0x33, 0x5c,
    0xff, 0x80, 0xcf, 0xff, 0xff, 0xff, 0xfa, 0x0,
    0x39, 0xce, 0xff, 0xea, 0x40, 0x0, 0x0, 0x0,
    0x0, 0x0, 0x0, 0x0, 0x0, 0x0, 0x0, 0x0,
    0x0, 0x0, 0x0, 0x0, 0x7c, 0xa0, 0x0, 0x0,
    0x0, 0x0, 0xcf, 0x80, 0x0, 0x0, 0x0, 0x0,
    0xfe, 0x10, 0x0, 0x0, 0x0, 0x5, 0xf5, 0x0,
    0x0, 0x0,

    /* U+0219 "ș" */
    0x1, 0x8d, 0xef, 0xdb, 0x60, 0x3f, 0xff, 0xff,
    0xff, 0xf1, 0xaf, 0xe3, 0x0, 0x26, 0x70, 0xcf,
    0xb0, 0x0, 0x0, 0x0, 0x9f, 0xf8, 0x0, 0x0,
    0x0, 0x1d, 0xff, 0xfa, 0x30, 0x0, 0x0, 0x7e,
    0xff, 0xfc, 0x20, 0x0, 0x0, 0x5b, 0xff, 0xf2,
    0x0, 0x0, 0x0, 0x5f, 0xf8, 0x0, 0x0, 0x0,
    0xe, 0xf9, 0xa7, 0x30, 0x1, 0x7f, 0xf6, 0xcf,
    0xff, 0xff, 0xff, 0xb0, 0x4a, 0xdf, 0xfe, 0xc6,
    0x0, 0x0, 0x0, 0x0, 0x0, 0x0, 0x0, 0x0,
    0x0, 0x0, 0x0, 0x0, 0x0, 0xcc, 0x50, 0x0,
    0x0, 0x3, 0xff, 0x10, 0x0, 0x0, 0x7, 0xf8,
    0x0, 0x0, 0x0, 0xc, 0xd0, 0x0, 0x0,

    /* U+021A "Ț" */
    0xbf, 0xff, 0xff, 0xff, 0xff, 0xff, 0xf2, 0xbf,
    0xff, 0xff, 0xff, 0xff, 0xff, 0xf2, 0x23, 0x33,
    0x3a, 0xff, 0x33, 0x33, 0x30, 0x0, 0x0, 0x8,
    0xff, 0x0, 0x0, 0x0, 0x0, 0x0, 0x8, 0xff,
    0x0, 0x0, 0x0, 0x0, 0x0, 0x8, 0xff, 0x0,
    0x0, 0x0, 0x0, 0x0, 0x8, 0xff, 0x0, 0x0,
    0x0, 0x0, 0x0, 0x8, 0xff, 0x0, 0x0, 0x0,
    0x0, 0x0, 0x8, 0xff, 0x0, 0x0, 0x0, 0x0,
    0x0, 0x8, 0xff, 0x0, 0x0, 0x0, 0x0, 0x0,
    0x8, 0xff, 0x0, 0x0, 0x0, 0x0, 0x0, 0x8,
    0xff, 0x0, 0x0, 0x0, 0x0, 0x0, 0x8, 0xff,
    0x0, 0x0, 0x0, 0x0, 0x0, 0x8, 0xff, 0x0,
    0x0, 0x0, 0x0, 0x0, 0x8, 0xff, 0x0, 0x0,
    0x0, 0x0, 0x0, 0x8, 0xff, 0x0, 0x0, 0x0,
    0x0, 0x0, 0x8, 0xff, 0x0, 0x0, 0x0, 0x0,
    0x0, 0x0, 0x0, 0x0, 0x0, 0x0, 0x0, 0x0,
    0x0, 0x0, 0x0, 0x0, 0x0, 0x0, 0x0, 0x1,
    0xcc, 0x40, 0x0, 0x0, 0x0, 0x0, 0x4, 0xff,
    0x10, 0x0, 0x0, 0x0, 0x0, 0x8, 0xf7, 0x0,
    0x0, 0x0, 0x0, 0x0, 0xd, 0xc0, 0x0, 0x0,
    0x0,

    /* U+021B "ț" */
    0x0, 0xf, 0xc0, 0x0, 0x0, 0x6, 0xfc, 0x0,
    0x0, 0x29, 0xff, 0xff, 0xff, 0x78, 0xef, 0xff,
    0xee, 0xe6, 0x0, 0xcf, 0xc0, 0x0, 0x0, 0xc,
    0xfc, 0x0, 0x0, 0x0, 0xcf, 0xc0, 0x0, 0x0,
    0xc, 0xfc, 0x0, 0x0, 0x0, 0xcf, 0xc0, 0x0,
    0x0, 0xc, 0xfc, 0x0, 0x0, 0x0, 0xcf, 0xc0,
    0x0, 0x0, 0xb, 0xfd, 0x0, 0x0, 0x0, 0x9f,
    0xf7, 0x11, 0x20, 0x2, 0xff, 0xff, 0xf9, 0x0,
    0x3, 0xbf, 0xfd, 0x60, 0x0, 0x0, 0x0, 0x0,
    0x0, 0x0, 0x0, 0x0, 0x0, 0x0, 0x6, 0xcc,
    0x0, 0x0, 0x0, 0xaf, 0x90, 0x0, 0x0, 0xe,
    0xf1, 0x0, 0x0, 0x3, 0xf6, 0x0, 0x0,

    /* U+021C "Ȝ" */
    0x0, 0x17, 0xbe, 0xff, 0xd9, 0x30, 0x0, 0x8f,
    0xff, 0xff, 0xff, 0xff, 0x60, 0x9, 0xfc, 0x73,
    0x12, 0x6e, 0xff, 0x20, 0x4, 0x0, 0x0, 0x0,
    0x5f, 0xf6, 0x0, 0x0, 0x0, 0x0, 0x1, 0xff,
    0x80, 0x0, 0x0, 0x0, 0x0, 0x5f, 0xf5, 0x0,
    0x0, 0x0, 0x0, 0x5e, 0xfd, 0x0, 0x0, 0x0,
    0x27, 0xdf, 0xfd, 0x20, 0x0, 0x4, 0xdf, 0xff,
    0xff, 0x60, 0x0, 0x0, 0x3f, 0xfa, 0x6b, 0xff,
    0x90, 0x0, 0x0, 0x30, 0x0, 0x8, 0xff, 0x60,
    0x0, 0x0, 0x0, 0x0, 0xe, 0xfc, 0x0, 0x0,
    0x0, 0x0, 0x0, 0xbf, 0xe0, 0x0, 0x0, 0x0,
    0x0, 0xc, 0xfe, 0x0, 0x0, 0x0, 0x0, 0x1,
    0xff, 0xb0, 0x0, 0x0, 0x0, 0x0, 0xbf, 0xf5,
    0x0, 0x0, 0x0, 0x3, 0xcf, 0xfb, 0x0, 0x0,
    0x0, 0x4a, 0xff, 0xfb, 0x0, 0x0, 0x49, 0xef,
    0xff, 0xe6, 0x0, 0x0, 0xff, 0xff, 0xfd, 0x60,
    0x0, 0x0, 0xf, 0xfc, 0x72, 0x0, 0x0, 0x0,
    0x0, 0x41, 0x0, 0x0, 0x0, 0x0, 0x0,

    /* U+021D "ȝ" */
    0x2, 0x8c, 0xef, 0xeb, 0x50, 0x0, 0xdf, 0xff,
    0xff, 0xff, 0x90, 0x6, 0xa5, 0x21, 0x3c, 0xff,
    0x20, 0x0, 0x0, 0x0, 0x2f, 0xf6, 0x0, 0x0,
    0x0, 0x2, 0xff, 0x60, 0x0, 0x0, 0x0, 0x9f,
    0xf2, 0x0, 0x0, 0x4, 0xbf, 0xf7, 0x0, 0x0,
    0x9e, 0xff, 0xfb, 0x0, 0x0, 0xf, 0xfd, 0x9f,
    0xfb, 0x0, 0x0, 0x42, 0x0, 0x5f, 0xf7, 0x0,
    0x0, 0x0, 0x0, 0xdf, 0xc0, 0x0, 0x0, 0x0,
    0xb, 0xfd, 0x0, 0x0, 0x0, 0x0, 0xef, 0xc0,
    0x0, 0x0, 0x0, 0x6f, 0xf7, 0x0, 0x0, 0x0,
    0x8f, 0xfd, 0x0, 0x0, 0x38, 0xef, 0xfd, 0x10,
    0x2a, 0xef, 0xff, 0xe7, 0x0, 0x5, 0xff, 0xfa,
    0x50, 0x0, 0x0, 0x37, 0x30, 0x0, 0x0, 0x0,
    0x0,

    /* U+021E "Ȟ" */
    0x0, 0x28, 0x50, 0x0, 0x5, 0x82, 0x0, 0x0,
    0xb, 0xfa, 0x0, 0x9f, 0xb0, 0x0, 0x0, 0x0,
    0xcf, 0xbb, 0xfd, 0x0, 0x0, 0x0, 0x0, 0x1e,
    0xff, 0xf2, 0x0, 0x0, 0x0, 0x0, 0x4, 0x88,
    0x40, 0x0, 0x0, 0x0, 0x0, 0x0, 0x0, 0x0,
    0x0, 0x0, 0xbf, 0xe0, 0x0, 0x0, 0x0, 0xf,
    0xfa, 0xbf, 0xe0, 0x0, 0x0, 0x0, 0xf, 0xfa,
    0xbf, 0xe0, 0x0, 0x0, 0x0, 0xf, 0xfa, 0xbf,
    0xe0, 0x0, 0x0, 0x0, 0xf, 0xfa, 0xbf, 0xe0,
    0x0, 0x0, 0x0, 0xf, 0xfa, 0xbf, 0xe0, 0x0,
    0x0, 0x0, 0xf, 0xfa, 0xbf, 0xe0, 0x0, 0x0,
    0x0, 0xf, 0xfa, 0xbf, 0xff, 0xff, 0xff, 0xff,
    0xff, 0xfa, 0xbf, 0xff, 0xff, 0xff, 0xff, 0xff,
    0xfa, 0xbf, 0xe3, 0x33, 0x33, 0x33, 0x3f, 0xfa,
    0xbf, 0xe0, 0x0, 0x0, 0x0, 0xf, 0xfa, 0xbf,
    0xe0, 0x0, 0x0, 0x0, 0xf, 0xfa, 0xbf, 0xe0,
    0x0, 0x0, 0x0, 0xf, 0xfa, 0xbf, 0xe0, 0x0,
    0x0, 0x0, 0xf, 0xfa, 0xbf, 0xe0, 0x0, 0x0,
    0x0, 0xf, 0xfa, 0xbf, 0xe0, 0x0, 0x0, 0x0,
    0xf, 0xfa, 0xbf, 0xe0, 0x0, 0x0, 0x0, 0xf,
    0xfa,

    /* U+021F "ȟ" */
    0x7, 0x70, 0x0, 0x2, 0x85, 0x0, 0x0, 0x0,
    0x6, 0xfd, 0x20, 0x5f, 0xe2, 0x0, 0x0, 0x0,
    0x0, 0x8f, 0xe8, 0xff, 0x30, 0x0, 0x0, 0x0,
    0x0, 0xb, 0xff, 0xf6, 0x0, 0x0, 0x0, 0x0,
    0x0, 0x1, 0x88, 0x60, 0x0, 0x0, 0x0, 0x0,
    0x0, 0x0, 0x0, 0x0, 0x0, 0x0, 0x0, 0x0,
    0x0, 0x0, 0xff, 0x80, 0x0, 0x0, 0x0, 0x0,
    0x0, 0x0, 0xff, 0x80, 0x0, 0x0, 0x0, 0x0,
    0x0, 0x0, 0xff, 0x80, 0x0, 0x0, 0x0, 0x0,
    0x0, 0x0, 0xff, 0x80, 0x0, 0x0, 0x0, 0x0,
    0x0, 0x0, 0xff, 0x80, 0x0, 0x0, 0x0, 0x0,
    0x0, 0x0, 0xff, 0x71, 0x9e, 0xfe, 0xb3, 0x0,
    0x0, 0x0, 0xff, 0x9e, 0xff, 0xff, 0xff, 0x40,
    0x0, 0x0, 0xff, 0xfd, 0x51, 0x27, 0xff, 0xd0,
    0x0, 0x0, 0xff, 0xf2, 0x0, 0x0, 0xaf, 0xf1,
    0x0, 0x0, 0xff, 0xc0, 0x0, 0x0, 0x6f, 0xf2,
    0x0, 0x0, 0xff, 0x90, 0x0, 0x0, 0x5f, 0xf2,
    0x0, 0x0, 0xff, 0x80, 0x0, 0x0, 0x5f, 0xf2,
    0x0, 0x0, 0xff, 0x80, 0x0, 0x0, 0x5f, 0xf2,
    0x0, 0x0, 0xff, 0x80, 0x0, 0x0, 0x5f, 0xf2,
    0x0, 0x0, 0xff, 0x80, 0x0, 0x0, 0x5f, 0xf2,
    0x0, 0x0, 0xff, 0x80, 0x0, 0x0, 0x5f, 0xf2,
    0x0, 0x0, 0xff, 0x80, 0x0, 0x0, 0x5f, 0xf2,
    0x0, 0x0, 0xff, 0x80, 0x0, 0x0, 0x5f, 0xf2,

    /* U+0220 "Ƞ" */
    0xbf, 0x60, 0x18, 0xcf, 0xfd, 0x81, 0x0, 0xbf,
    0x94, 0xef, 0xff, 0xff, 0xff, 0x40, 0xbf, 0xef,
    0xe7, 0x43, 0x49, 0xff, 0xe0, 0xbf, 0xfe, 0x10,
    0x0, 0x0, 0x8f, 0xf6, 0xbf, 0xf6, 0x0, 0x0,
    0x0, 0x1f, 0xfa, 0xbf, 0xf1, 0x0, 0x0, 0x0,
    0xd, 0xfc, 0xbf, 0xe0, 0x0, 0x0, 0x0, 0xc,
    0xfc, 0xbf, 0xe0, 0x0, 0x0, 0x0, 0xc, 0xfc,
    0xbf, 0xe0, 0x0, 0x0, 0x0, 0xc, 0xfc, 0xbf,
    0xe0, 0x0, 0x0, 0x0, 0xc, 0xfc, 0xbf, 0xe0,
    0x0, 0x0, 0x0, 0xc, 0xfc, 0xbf, 0xe0, 0x0,
    0x0, 0x0, 0xc, 0xfc, 0xbf, 0xe0, 0x0, 0x0,
    0x0, 0xc, 0xfc, 0xbf, 0xe0, 0x0, 0x0, 0x0,
    0xc, 0xfc, 0xbf, 0xe0, 0x0, 0x0, 0x0, 0xc,
    0xfc, 0xbf, 0xe0, 0x0, 0x0, 0x0, 0xc, 0xfc,
    0xbf, 0xe0, 0x0, 0x0, 0x0, 0xc, 0xfc, 0x0,
    0x0, 0x0, 0x0, 0x0, 0xc, 0xfc, 0x0, 0x0,
    0x0, 0x0, 0x0, 0xc, 0xfc, 0x0, 0x0, 0x0,
    0x0, 0x0, 0xc, 0xfc, 0x0, 0x0, 0x0, 0x0,
    0x0, 0xc, 0xfc, 0x0, 0x0, 0x0, 0x0, 0x0,
    0xc, 0xfc, 0x0, 0x0, 0x0, 0x0, 0x0, 0xc,
    0xfc,

    /* U+0221 "ȡ" */
    0x0, 0x0, 0x0, 0x0, 0xa, 0xfe, 0x0, 0x0,
    0x0, 0x0, 0x0, 0x0, 0x0, 0x0, 0xa, 0xfe,
    0x0, 0x0, 0x0, 0x0, 0x0, 0x0, 0x0, 0x0,
    0xa, 0xfe, 0x0, 0x0, 0x0, 0x0, 0x0, 0x0,
    0x0, 0x0, 0xa, 0xfe, 0x0, 0x0, 0x0, 0x0,
    0x0, 0x0, 0x0, 0x0, 0xa, 0xfe, 0x0, 0x0,
    0x0, 0x0, 0x0, 0x19, 0xef, 0xe9, 0x19, 0xfe,
    0x0, 0x0, 0x0, 0x0, 0x3, 0xef, 0xff, 0xff,
    0xea, 0xfe, 0x0, 0x0, 0x0, 0x0, 0xd, 0xff,
    0x82, 0x15, 0xef, 0xfe, 0x0, 0x0, 0x0, 0x0,
    0x4f, 0xf9, 0x0, 0x0, 0x3f, 0xfe, 0x0, 0x0,
    0x0, 0x0, 0x8f, 0xf2, 0x0, 0x0, 0xd, 0xfe,
    0x0, 0x0, 0x0, 0x0, 0xbf, 0xf0, 0x0, 0x0,
    0xa, 0xfe, 0x0, 0x0, 0x0, 0x0, 0xbf, 0xe0,
    0x0, 0x0, 0x9, 0xfe, 0x0, 0x0, 0x0, 0x0,
    0xbf, 0xf0, 0x0, 0x0, 0x9, 0xfe, 0x0, 0x6b,
    0xca, 0x30, 0x9f, 0xf2, 0x0, 0x0, 0xb, 0xff,
    0x1d, 0xff, 0xff, 0xf3, 0x5f, 0xf8, 0x0, 0x0,
    0x1f, 0xff, 0xdf, 0xb2, 0xc, 0xf8, 0xd, 0xff,
    0x71, 0x14, 0xdf, 0xef, 0xfe, 0x21, 0x4e, 0xf7,
    0x3, 0xef, 0xff, 0xff, 0xf7, 0x3f, 0xff, 0xff,
    0xff, 0xe1, 0x0, 0x29, 0xef, 0xeb, 0x50, 0xf,
    0xfc, 0xff, 0xd9, 0x10, 0x0, 0x0, 0x0, 0x0,
    0x0, 0x2f, 0xf0, 0x0, 0x0, 0x0, 0x0, 0x0,
    0x0, 0x0, 0x0, 0x4f, 0xd0, 0x0, 0x0, 0x0,
    0x0, 0x0, 0x0, 0x0, 0x0, 0x27, 0x50, 0x0,
    0x0, 0x0,

    /* U+0222 "Ȣ" */
    0xc, 0xfd, 0x0, 0x0, 0x0, 0x1f, 0xf8, 0x0,
    0xcf, 0xd0, 0x0, 0x0, 0x1, 0xff, 0x80, 0xb,
    0xff, 0x0, 0x0, 0x0, 0x3f, 0xf7, 0x0, 0x8f,
    0xf5, 0x0, 0x0, 0x9, 0xff, 0x30, 0x1, 0xef,
    0xf6, 0x10, 0x29, 0xff, 0xc0, 0x0, 0x3, 0xcf,
    0xff, 0xff, 0xff, 0xa1, 0x0, 0x0, 0x4c, 0xff,
    0xff, 0xff, 0xfa, 0x20, 0x0, 0x6f, 0xfd, 0x74,
    0x34, 0x8f, 0xfe, 0x20, 0x1f, 0xfe, 0x0, 0x0,
    0x0, 0x3f, 0xfc, 0x6, 0xff, 0x60, 0x0, 0x0,
    0x0, 0xaf, 0xf2, 0x9f, 0xf3, 0x0, 0x0, 0x0,
    0x7, 0xff, 0x59, 0xff, 0x30, 0x0, 0x0, 0x0,
    0x7f, 0xf5, 0x6f, 0xf6, 0x0, 0x0, 0x0, 0xa,
    0xff, 0x31, 0xff, 0xe1, 0x0, 0x0, 0x3, 0xff,
    0xe0, 0x8, 0xff, 0xe7, 0x43, 0x59, 0xff, 0xf5,
    0x0, 0x8, 0xff, 0xff, 0xff, 0xff, 0xf6, 0x0,
    0x0, 0x2, 0x8d, 0xef, 0xec, 0x81, 0x0, 0x0,

    /* U+0223 "ȣ" */
    0x1f, 0xf8, 0x0, 0x0, 0xf, 0xf9, 0x1, 0xff,
    0x80, 0x0, 0x0, 0xff, 0x90, 0xf, 0xf8, 0x0,
    0x0, 0xf, 0xf9, 0x0, 0xff, 0x90, 0x0, 0x1,
    0xff, 0x80, 0xd, 0xfd, 0x0, 0x0, 0x5f, 0xf5,
    0x0, 0x7f, 0xf8, 0x10, 0x4d, 0xfe, 0x10, 0x0,
    0x9f, 0xff, 0xff, 0xfd, 0x30, 0x0, 0x8, 0xff,
    0xff, 0xff, 0xc3, 0x0, 0xb, 0xff, 0x62, 0x13,
    0xbf, 0xf3, 0x5, 0xff, 0x60, 0x0, 0x0, 0xef,
    0xd0, 0xaf, 0xf0, 0x0, 0x0, 0x7, 0xff, 0x2c,
    0xfd, 0x0, 0x0, 0x0, 0x5f, 0xf5, 0xcf, 0xd0,
    0x0, 0x0, 0x5, 0xff, 0x5a, 0xff, 0x0, 0x0,
    0x0, 0x7f, 0xf3, 0x5f, 0xf6, 0x0, 0x0, 0xe,
    0xfe, 0x0, 0xdf, 0xf7, 0x21, 0x4c, 0xff, 0x60,
    0x2, 0xdf, 0xff, 0xff, 0xff, 0x80, 0x0, 0x0,
    0x7c, 0xef, 0xea, 0x30, 0x0,

    /* U+0224 "Ȥ" */
    0xe, 0xff, 0xff, 0xff, 0xff, 0xff, 0xb0, 0xef,
    0xff, 0xff, 0xff, 0xff, 0xfb, 0x2, 0x33, 0x33,
    0x33, 0x3b, 0xff, 0x40, 0x0, 0x0, 0x0, 0x4,
    0xff, 0x90, 0x0, 0x0, 0x0, 0x1, 0xef, 0xd0,
    0x0, 0x0, 0x0, 0x0, 0xaf, 0xf3, 0x0, 0x0,
    0x0, 0x0, 0x5f, 0xf8, 0x0, 0x0, 0x0, 0x0,
    0x1e, 0xfd, 0x0, 0x0, 0x0, 0x0, 0xa, 0xff,
    0x30, 0x0, 0x0, 0x0, 0x5, 0xff, 0x80, 0x0,
    0x0, 0x0, 0x1, 0xef, 0xd0, 0x0, 0x0, 0x0,
    0x0, 0xbf, 0xf3, 0x0, 0x0, 0x0, 0x0, 0x6f,
    0xf7, 0x0, 0x0, 0x0, 0x0, 0x1f, 0xfc, 0x0,
    0x0, 0x0, 0x0, 0xb, 0xff, 0x53, 0x33, 0x33,
    0x33, 0x32, 0xff, 0xff, 0xff, 0xff, 0xff, 0xff,
    0x3f, 0xff, 0xff, 0xff, 0xff, 0xff, 0xf0, 0x0,
    0x0, 0x0, 0x0, 0x6, 0xff, 0x0, 0x0, 0x0,
    0x0, 0x0, 0x7f, 0xe0, 0x0, 0x0, 0x0, 0x3,
    0x2c, 0xfd, 0x0, 0x0, 0x0, 0x0, 0xef, 0xff,
    0x70, 0x0, 0x0, 0x0, 0xc, 0xfe, 0x80,

    /* U+0225 "ȥ" */
    0xc, 0xff, 0xff, 0xff, 0xff, 0x50, 0xbf, 0xff,
    0xff, 0xff, 0xf5, 0x0, 0x0, 0x0, 0xd, 0xfd,
    0x0, 0x0, 0x0, 0x9, 0xff, 0x20, 0x0, 0x0,
    0x5, 0xff, 0x70, 0x0, 0x0, 0x1, 0xef, 0xb0,
    0x0, 0x0, 0x0, 0xbf, 0xe1, 0x0, 0x0, 0x0,
    0x6f, 0xf5, 0x0, 0x0, 0x0, 0x2f, 0xfa, 0x0,
    0x0, 0x0, 0xc, 0xfe, 0x0, 0x0, 0x0, 0x8,
    0xff, 0x30, 0x0, 0x0, 0x1, 0xff, 0xff, 0xff,
    0xff, 0xf7, 0x2f, 0xff, 0xff, 0xff, 0xff, 0x80,
    0x0, 0x0, 0x0, 0xb, 0xf8, 0x0, 0x0, 0x0,
    0x0, 0xbf, 0x80, 0x0, 0x0, 0x2, 0x2e, 0xf6,
    0x0, 0x0, 0x1, 0xff, 0xff, 0x20, 0x0, 0x0,
    0xd, 0xfd, 0x50,

    /* U+0226 "Ȧ" */
    0x0, 0x0, 0x0, 0x3d, 0xb0, 0x0, 0x0, 0x0,
    0x0, 0x0, 0x0, 0x9f, 0xf3, 0x0, 0x0, 0x0,
    0x0, 0x0, 0x0, 0x4e, 0xc0, 0x0, 0x0, 0x0,
    0x0, 0x0, 0x0, 0x0, 0x0, 0x0, 0x0, 0x0,
    0x0, 0x0, 0x0, 0x0, 0x0, 0x0, 0x0, 0x0,
    0x0, 0x0, 0x0, 0xbf, 0xf6, 0x0, 0x0, 0x0,
    0x0, 0x0, 0x1, 0xff, 0xfc, 0x0, 0x0, 0x0,
    0x0, 0x0, 0x7, 0xfe, 0xff, 0x20, 0x0, 0x0,
    0x0, 0x0, 0xd, 0xf8, 0xdf, 0x80, 0x0, 0x0,
    0x0, 0x0, 0x3f, 0xf3, 0x8f, 0xe0, 0x0, 0x0,
    0x0, 0x0, 0x9f, 0xe0, 0x3f, 0xf4, 0x0, 0x0,
    0x0, 0x0, 0xff, 0x90, 0xd, 0xfa, 0x0, 0x0,
    0x0, 0x5, 0xff, 0x30, 0x8, 0xff, 0x10, 0x0,
    0x0, 0xc, 0xfd, 0x0, 0x2, 0xff, 0x70, 0x0,
    0x0, 0x2f, 0xf7, 0x0, 0x0, 0xcf, 0xd0, 0x0,
    0x0, 0x8f, 0xff, 0xff, 0xff, 0xff, 0xf3, 0x0,
    0x0, 0xef, 0xff, 0xff, 0xff, 0xff, 0xf9, 0x0,
    0x4, 0xff, 0x83, 0x33, 0x33, 0x3c, 0xff, 0x0,
    0xa, 0xff, 0x10, 0x0, 0x0, 0x6, 0xff, 0x50,
    0x1f, 0xfa, 0x0, 0x0, 0x0, 0x0, 0xff, 0xb0,
    0x6f, 0xf4, 0x0, 0x0, 0x0, 0x0, 0xaf, 0xf2,
    0xcf, 0xe0, 0x0, 0x0, 0x0, 0x0, 0x3f, 0xf8,

    /* U+0227 "ȧ" */
    0x0, 0x0, 0x3e, 0xd1, 0x0, 0x0, 0x0, 0x8,
    0xff, 0x50, 0x0, 0x0, 0x0, 0x2c, 0xb1, 0x0,
    0x0, 0x0, 0x0, 0x0, 0x0, 0x0, 0x0, 0x0,
    0x0, 0x0, 0x0, 0x0, 0x5, 0xad, 0xff, 0xd9,
    0x10, 0x5, 0xff, 0xff, 0xff, 0xfe, 0x10, 0xc,
    0x72, 0x0, 0x8f, 0xf9, 0x0, 0x0, 0x0, 0x0,
    0xdf, 0xc0, 0x0, 0x0, 0x0, 0xa, 0xfd, 0x0,
    0x15, 0x89, 0x99, 0xdf, 0xd0, 0x8f, 0xff, 0xff,
    0xff, 0xfd, 0x7f, 0xfb, 0x30, 0x0, 0xaf, 0xdd,
    0xfe, 0x0, 0x0, 0xb, 0xfd, 0xef, 0xc0, 0x0,
    0x0, 0xef, 0xdc, 0xff, 0x20, 0x1, 0xbf, 0xfd,
    0x4f, 0xff, 0xcd, 0xfe, 0x9f, 0xd0, 0x3b, 0xef,
    0xe9, 0x11, 0xfd,

    /* U+0228 "Ȩ" */
    0xbf, 0xff, 0xff, 0xff, 0xfe, 0xbf, 0xff, 0xff,
    0xff, 0xfe, 0xbf, 0xe2, 0x22, 0x22, 0x22, 0xbf,
    0xe0, 0x0, 0x0, 0x0, 0xbf, 0xe0, 0x0, 0x0,
    0x0, 0xbf, 0xe0, 0x0, 0x0, 0x0, 0xbf, 0xe0,
    0x0, 0x0, 0x0, 0xbf, 0xff, 0xff, 0xff, 0xf8,
    0xbf, 0xff, 0xff, 0xff, 0xf8, 0xbf, 0xe2, 0x22,
    0x22, 0x21, 0xbf, 0xe0, 0x0, 0x0, 0x0, 0xbf,
    0xe0, 0x0, 0x0, 0x0, 0xbf, 0xe0, 0x0, 0x0,
    0x0, 0xbf, 0xe0, 0x0, 0x0, 0x0, 0xbf, 0xe3,
    0x33, 0x33, 0x32, 0xbf, 0xff, 0xff, 0xff, 0xfe,
    0xbf, 0xff, 0xff, 0xff, 0xfe, 0x0, 0x0, 0x4f,
    0x30, 0x0, 0x0, 0x0, 0xcf, 0x81, 0x0, 0x0,
    0x0, 0x39, 0xfc, 0x0, 0x0, 0x0, 0x0, 0xff,
    0x0, 0x0, 0x8, 0x8b, 0xfb, 0x0, 0x0, 0xd,
    0xfe, 0x91, 0x0,

    /* U+0229 "ȩ" */
    0x0, 0x6, 0xce, 0xfd, 0x70, 0x0, 0x1, 0xcf,
    0xff, 0xff, 0xfc, 0x10, 0xa, 0xff, 0x70, 0x5,
    0xff, 0xa0, 0x2f, 0xfa, 0x0, 0x0, 0x8f, 0xf1,
    0x7f, 0xf3, 0x0, 0x0, 0x2f, 0xf6, 0xaf, 0xf0,
    0x0, 0x0, 0xf, 0xf8, 0xbf, 0xff, 0xff, 0xff,
    0xff, 0xf9, 0xaf, 0xfe, 0xee, 0xee, 0xee, 0xe8,
    0x8f, 0xf0, 0x0, 0x0, 0x0, 0x0, 0x2f, 0xf6,
    0x0, 0x0, 0x0, 0x0, 0xa, 0xff, 0x83, 0x11,
    0x25, 0x90, 0x0, 0xbf, 0xff, 0xff, 0xff, 0xf0,
    0x0, 0x5, 0xbf, 0xff, 0xda, 0x40, 0x0, 0x0,
    0x9, 0xe0, 0x0, 0x0, 0x0, 0x0, 0x1f, 0xfa,
    0x10, 0x0, 0x0, 0x0, 0x2, 0xaf, 0xa0, 0x0,
    0x0, 0x0, 0x0, 0x3f, 0xc0, 0x0, 0x0, 0x1,
    0x98, 0xdf, 0x80, 0x0, 0x0, 0x1, 0xef, 0xd8,
    0x0, 0x0,

    /* U+022A "Ȫ" */
    0x0, 0x0, 0x4f, 0xff, 0xff, 0xff, 0x10, 0x0,
    0x0, 0x0, 0x3, 0xdd, 0xdd, 0xdd, 0xd1, 0x0,
    0x0, 0x0, 0x0, 0x0, 0x0, 0x0, 0x0, 0x0,
    0x0, 0x0, 0x0, 0x0, 0xce, 0x20, 0x4f, 0xa0,
    0x0, 0x0, 0x0, 0x0, 0x1f, 0xf4, 0x8, 0xfe,
    0x0, 0x0, 0x0, 0x0, 0x0, 0x56, 0x0, 0x17,
    0x30, 0x0, 0x0, 0x0, 0x0, 0x0, 0x0, 0x0,
    0x0, 0x0, 0x0, 0x0, 0x0, 0x3, 0x9d, 0xff,
    0xfc, 0x81, 0x0, 0x0, 0x0, 0x9, 0xff, 0xff,
    0xff, 0xff, 0xf6, 0x0, 0x0, 0xa, 0xff, 0xe7,
    0x43, 0x48, 0xff, 0xf7, 0x0, 0x5, 0xff, 0xc0,
    0x0, 0x0, 0x1, 0xdf, 0xf2, 0x0, 0xdf, 0xf1,
    0x0, 0x0, 0x0, 0x3, 0xff, 0xa0, 0x2f, 0xf9,
    0x0, 0x0, 0x0, 0x0, 0xc, 0xff, 0x6, 0xff,
    0x50, 0x0, 0x0, 0x0, 0x0, 0x8f, 0xf3, 0x7f,
    0xf3, 0x0, 0x0, 0x0, 0x0, 0x6, 0xff, 0x58,
    0xff, 0x20, 0x0, 0x0, 0x0, 0x0, 0x5f, 0xf6,
    0x7f, 0xf3, 0x0, 0x0, 0x0, 0x0, 0x6, 0xff,
    0x46, 0xff, 0x50, 0x0, 0x0, 0x0, 0x0, 0x8f,
    0xf3, 0x2f, 0xfa, 0x0, 0x0, 0x0, 0x0, 0xd,
    0xff, 0x0, 0xdf, 0xf1, 0x0, 0x0, 0x0, 0x4,
    0xff, 0xa0, 0x5, 0xff, 0xc0, 0x0, 0x0, 0x2,
    0xef, 0xf2, 0x0, 0xa, 0xff, 0xe7, 0x43, 0x48,
    0xff, 0xf7, 0x0, 0x0, 0x9, 0xff, 0xff, 0xff,
    0xff, 0xf6, 0x0, 0x0, 0x0, 0x3, 0x9d, 0xff,
    0xfc, 0x81, 0x0, 0x0,

    /* U+022B "ȫ" */
    0x0, 0x5f, 0xff, 0xff, 0xff, 0x0, 0x0, 0x4,
    0xdd, 0xdd, 0xdd, 0xd0, 0x0, 0x0, 0x0, 0x0,
    0x0, 0x0, 0x0, 0x0, 0x0, 0xdd, 0x10, 0x5f,
    0x80, 0x0, 0x0, 0x2f, 0xf3, 0x9, 0xfc, 0x0,
    0x0, 0x0, 0x56, 0x0, 0x17, 0x20, 0x0, 0x0,
    0x0, 0x0, 0x0, 0x0, 0x0, 0x0, 0x0, 0x6c,
    0xef, 0xda, 0x30, 0x0, 0x1, 0xcf, 0xff, 0xff,
    0xff, 0x70, 0x0, 0xbf, 0xf8, 0x20, 0x3b, 0xff,
    0x50, 0x3f, 0xf9, 0x0, 0x0, 0xe, 0xfd, 0x8,
    0xff, 0x20, 0x0, 0x0, 0x8f, 0xf2, 0xaf, 0xf0,
    0x0, 0x0, 0x5, 0xff, 0x5b, 0xfe, 0x0, 0x0,
    0x0, 0x3f, 0xf6, 0xaf, 0xf0, 0x0, 0x0, 0x5,
    0xff, 0x57, 0xff, 0x20, 0x0, 0x0, 0x8f, 0xf2,
    0x2f, 0xf9, 0x0, 0x0, 0xe, 0xfe, 0x0, 0x9f,
    0xf8, 0x10, 0x3b, 0xff, 0x50, 0x0, 0xbf, 0xff,
    0xff, 0xff, 0x80, 0x0, 0x0, 0x5b, 0xef, 0xea,
    0x30, 0x0,

    /* U+022C "Ȭ" */
    0x0, 0x0, 0x4f, 0xff, 0xff, 0xff, 0x10, 0x0,
    0x0, 0x0, 0x3, 0xdd, 0xdd, 0xdd, 0xd1, 0x0,
    0x0, 0x0, 0x0, 0x3, 0x86, 0x20, 0x8, 0x30,
    0x0, 0x0, 0x0, 0x2, 0xff, 0xff, 0xbb, 0xf3,
    0x0, 0x0, 0x0, 0x0, 0x8d, 0x13, 0x9e, 0xe7,
    0x0, 0x0, 0x0, 0x0, 0x0, 0x0, 0x0, 0x0,
    0x0, 0x0, 0x0, 0x0, 0x0, 0x0, 0x0, 0x0,
    0x0, 0x0, 0x0, 0x0, 0x0, 0x3, 0x9d, 0xff,
    0xfc, 0x81, 0x0, 0x0, 0x0, 0x9, 0xff, 0xff,
    0xff, 0xff, 0xf6, 0x0, 0x0, 0xa, 0xff, 0xe7,
    0x43, 0x48, 0xff, 0xf7, 0x0, 0x5, 0xff, 0xc0,
    0x0, 0x0, 0x1, 0xdf, 0xf2, 0x0, 0xdf, 0xf1,
    0x0, 0x0, 0x0, 0x3, 0xff, 0xa0, 0x2f, 0xf9,
    0x0, 0x0, 0x0, 0x0, 0xc, 0xff, 0x6, 0xff,
    0x50, 0x0, 0x0, 0x0, 0x0, 0x8f, 0xf3, 0x7f,
    0xf3, 0x0, 0x0, 0x0, 0x0, 0x6, 0xff, 0x58,
    0xff, 0x20, 0x0, 0x0, 0x0, 0x0, 0x5f, 0xf6,
    0x7f, 0xf3, 0x0, 0x0, 0x0, 0x0, 0x6, 0xff,
    0x46, 0xff, 0x50, 0x0, 0x0, 0x0, 0x0, 0x8f,
    0xf3, 0x2f, 0xfa, 0x0, 0x0, 0x0, 0x0, 0xd,
    0xff, 0x0, 0xdf, 0xf1, 0x0, 0x0, 0x0, 0x4,
    0xff, 0xa0, 0x5, 0xff, 0xc0, 0x0, 0x0, 0x2,
    0xef, 0xf2, 0x0, 0xa, 0xff, 0xe7, 0x43, 0x48,
    0xff, 0xf7, 0x0, 0x0, 0x9, 0xff, 0xff, 0xff,
    0xff, 0xf6, 0x0, 0x0, 0x0, 0x3, 0x9d, 0xff,
    0xfc, 0x81, 0x0, 0x0,

    /* U+022D "ȭ" */
    0x0, 0x5f, 0xff, 0xff, 0xff, 0x0, 0x0, 0x4,
    0xdd, 0xdd, 0xdd, 0xd0, 0x0, 0x0, 0x0, 0x0,
    0x0, 0x0, 0x0, 0x0, 0x0, 0xaf, 0xd7, 0x23,
    0xf4, 0x0, 0x0, 0x7f, 0xad, 0xff, 0xfe, 0x0,
    0x0, 0x6, 0x60, 0x3, 0x77, 0x10, 0x0, 0x0,
    0x0, 0x0, 0x0, 0x0, 0x0, 0x0, 0x0, 0x6c,
    0xef, 0xda, 0x30, 0x0, 0x1, 0xcf, 0xff, 0xff,
    0xff, 0x70, 0x0, 0xbf, 0xf8, 0x20, 0x3b, 0xff,
    0x50, 0x3f, 0xf9, 0x0, 0x0, 0xe, 0xfd, 0x8,
    0xff, 0x20, 0x0, 0x0, 0x8f, 0xf2, 0xaf, 0xf0,
    0x0, 0x0, 0x5, 0xff, 0x5b, 0xfe, 0x0, 0x0,
    0x0, 0x3f, 0xf6, 0xaf, 0xf0, 0x0, 0x0, 0x5,
    0xff, 0x57, 0xff, 0x20, 0x0, 0x0, 0x8f, 0xf2,
    0x2f, 0xf9, 0x0, 0x0, 0xe, 0xfe, 0x0, 0x9f,
    0xf8, 0x10, 0x3b, 0xff, 0x50, 0x0, 0xbf, 0xff,
    0xff, 0xff, 0x80, 0x0, 0x0, 0x5b, 0xef, 0xea,
    0x30, 0x0,

    /* U+022E "Ȯ" */
    0x0, 0x0, 0x0, 0xa, 0xf7, 0x0, 0x0, 0x0,
    0x0, 0x0, 0x0, 0x0, 0xff, 0xd0, 0x0, 0x0,
    0x0, 0x0, 0x0, 0x0, 0x8, 0xd6, 0x0, 0x0,
    0x0, 0x0, 0x0, 0x0, 0x0, 0x0, 0x0, 0x0,
    0x0, 0x0, 0x0, 0x0, 0x0, 0x0, 0x0, 0x0,
    0x0, 0x0, 0x0, 0x0, 0x3, 0x9d, 0xff, 0xfc,
    0x81, 0x0, 0x0, 0x0, 0x9, 0xff, 0xff, 0xff,
    0xff, 0xf6, 0x0, 0x0, 0xa, 0xff, 0xe7, 0x43,
    0x48, 0xff, 0xf7, 0x0, 0x5, 0xff, 0xc0, 0x0,
    0x0, 0x1, 0xdf, 0xf2, 0x0, 0xdf, 0xf1, 0x0,
    0x0, 0x0, 0x3, 0xff, 0xa0, 0x2f, 0xf9, 0x0,
    0x0, 0x0, 0x0, 0xc, 0xff, 0x6, 0xff, 0x50,
    0x0, 0x0, 0x0, 0x0, 0x8f, 0xf3, 0x7f, 0xf3,
    0x0, 0x0, 0x0, 0x0, 0x6, 0xff, 0x58, 0xff,
    0x20, 0x0, 0x0, 0x0, 0x0, 0x5f, 0xf6, 0x7f,
    0xf3, 0x0, 0x0, 0x0, 0x0, 0x6, 0xff, 0x46,
    0xff, 0x50, 0x0, 0x0, 0x0, 0x0, 0x8f, 0xf3,
    0x2f, 0xfa, 0x0, 0x0, 0x0, 0x0, 0xd, 0xff,
    0x0, 0xdf, 0xf1, 0x0, 0x0, 0x0, 0x4, 0xff,
    0xa0, 0x5, 0xff, 0xc0, 0x0, 0x0, 0x2, 0xef,
    0xf2, 0x0, 0xa, 0xff, 0xe7, 0x43, 0x48, 0xff,
    0xf7, 0x0, 0x0, 0x9, 0xff, 0xff, 0xff, 0xff,
    0xf6, 0x0, 0x0, 0x0, 0x3, 0x9d, 0xff, 0xfc,
    0x81, 0x0, 0x0,

    /* U+022F "ȯ" */
    0x0, 0x0, 0xb, 0xf6, 0x0, 0x0, 0x0, 0x0,
    0x0, 0xff, 0xc0, 0x0, 0x0, 0x0, 0x0, 0x9,
    0xd5, 0x0, 0x0, 0x0, 0x0, 0x0, 0x0, 0x0,
    0x0, 0x0, 0x0, 0x0, 0x0, 0x0, 0x0, 0x0,
    0x0, 0x0, 0x6c, 0xef, 0xda, 0x30, 0x0, 0x1,
    0xcf, 0xff, 0xff, 0xff, 0x70, 0x0, 0xbf, 0xf8,
    0x20, 0x3b, 0xff, 0x50, 0x3f, 0xf9, 0x0, 0x0,
    0xe, 0xfd, 0x8, 0xff, 0x20, 0x0, 0x0, 0x8f,
    0xf2, 0xaf, 0xf0, 0x0, 0x0, 0x5, 0xff, 0x5b,
    0xfe, 0x0, 0x0, 0x0, 0x3f, 0xf6, 0xaf, 0xf0,
    0x0, 0x0, 0x5, 0xff, 0x57, 0xff, 0x20, 0x0,
    0x0, 0x8f, 0xf2, 0x2f, 0xf9, 0x0, 0x0, 0xe,
    0xfe, 0x0, 0x9f, 0xf8, 0x10, 0x3b, 0xff, 0x50,
    0x0, 0xbf, 0xff, 0xff, 0xff, 0x80, 0x0, 0x0,
    0x5b, 0xef, 0xea, 0x30, 0x0,

    /* U+0230 "Ȱ" */
    0x0, 0x0, 0x4f, 0xff, 0xff, 0xff, 0x10, 0x0,
    0x0, 0x0, 0x3, 0xdd, 0xdd, 0xdd, 0xd1, 0x0,
    0x0, 0x0, 0x0, 0x0, 0x0, 0x0, 0x0, 0x0,
    0x0, 0x0, 0x0, 0x0, 0x0, 0x8f, 0x60, 0x0,
    0x0, 0x0, 0x0, 0x0, 0x0, 0xd, 0xfb, 0x0,
    0x0, 0x0, 0x0, 0x0, 0x0, 0x0, 0x5b, 0x30,
    0x0, 0x0, 0x0, 0x0, 0x0, 0x0, 0x0, 0x0,
    0x0, 0x0, 0x0, 0x0, 0x0, 0x3, 0x9d, 0xff,
    0xfc, 0x81, 0x0, 0x0, 0x0, 0x9, 0xff, 0xff,
    0xff, 0xff, 0xf6, 0x0, 0x0, 0xa, 0xff, 0xe7,
    0x43, 0x48, 0xff, 0xf7, 0x0, 0x5, 0xff, 0xc0,
    0x0, 0x0, 0x1, 0xdf, 0xf2, 0x0, 0xdf, 0xf1,
    0x0, 0x0, 0x0, 0x3, 0xff, 0xa0, 0x2f, 0xf9,
    0x0, 0x0, 0x0, 0x0, 0xc, 0xff, 0x6, 0xff,
    0x50, 0x0, 0x0, 0x0, 0x0, 0x8f, 0xf3, 0x7f,
    0xf3, 0x0, 0x0, 0x0, 0x0, 0x6, 0xff, 0x58,
    0xff, 0x20, 0x0, 0x0, 0x0, 0x0, 0x5f, 0xf6,
    0x7f, 0xf3, 0x0, 0x0, 0x0, 0x0, 0x6, 0xff,
    0x46, 0xff, 0x50, 0x0, 0x0, 0x0, 0x0, 0x8f,
    0xf3, 0x2f, 0xfa, 0x0, 0x0, 0x0, 0x0, 0xd,
    0xff, 0x0, 0xdf, 0xf1, 0x0, 0x0, 0x0, 0x4,
    0xff, 0xa0, 0x5, 0xff, 0xc0, 0x0, 0x0, 0x2,
    0xef, 0xf2, 0x0, 0xa, 0xff, 0xe7, 0x43, 0x48,
    0xff, 0xf7, 0x0, 0x0, 0x9, 0xff, 0xff, 0xff,
    0xff, 0xf6, 0x0, 0x0, 0x0, 0x3, 0x9d, 0xff,
    0xfc, 0x81, 0x0, 0x0,

    /* U+0231 "ȱ" */
    0x0, 0x5f, 0xff, 0xff, 0xff, 0x0, 0x0, 0x4,
    0xdd, 0xdd, 0xdd, 0xd0, 0x0, 0x0, 0x0, 0x0,
    0x0, 0x0, 0x0, 0x0, 0x0, 0x0, 0xaf, 0x50,
    0x0, 0x0, 0x0, 0x0, 0xf, 0xf9, 0x0, 0x0,
    0x0, 0x0, 0x0, 0x6b, 0x20, 0x0, 0x0, 0x0,
    0x0, 0x0, 0x0, 0x0, 0x0, 0x0, 0x0, 0x6c,
    0xef, 0xda, 0x30, 0x0, 0x1, 0xcf, 0xff, 0xff,
    0xff, 0x70, 0x0, 0xbf, 0xf8, 0x20, 0x3b, 0xff,
    0x50, 0x3f, 0xf9, 0x0, 0x0, 0xe, 0xfd, 0x8,
    0xff, 0x20, 0x0, 0x0, 0x8f, 0xf2, 0xaf, 0xf0,
    0x0, 0x0, 0x5, 0xff, 0x5b, 0xfe, 0x0, 0x0,
    0x0, 0x3f, 0xf6, 0xaf, 0xf0, 0x0, 0x0, 0x5,
    0xff, 0x57, 0xff, 0x20, 0x0, 0x0, 0x8f, 0xf2,
    0x2f, 0xf9, 0x0, 0x0, 0xe, 0xfe, 0x0, 0x9f,
    0xf8, 0x10, 0x3b, 0xff, 0x50, 0x0, 0xbf, 0xff,
    0xff, 0xff, 0x80, 0x0, 0x0, 0x5b, 0xef, 0xea,
    0x30, 0x0,

    /* U+0232 "Ȳ" */
    0x0, 0xb, 0xff, 0xff, 0xff, 0xb0, 0x0, 0x0,
    0x0, 0x9e, 0xee, 0xee, 0xe9, 0x0, 0x0, 0x0,
    0x0, 0x0, 0x0, 0x0, 0x0, 0x0, 0xb, 0xff,
    0x10, 0x0, 0x0, 0x1, 0xff, 0xb0, 0x3f, 0xf9,
    0x0, 0x0, 0x0, 0x9f, 0xf3, 0x0, 0xaf, 0xf2,
    0x0, 0x0, 0x2f, 0xfa, 0x0, 0x2, 0xff, 0xa0,
    0x0, 0xa, 0xff, 0x10, 0x0, 0x9, 0xff, 0x30,
    0x2, 0xff, 0x80, 0x0, 0x0, 0x1f, 0xfb, 0x0,
    0xbf, 0xe1, 0x0, 0x0, 0x0, 0x7f, 0xf3, 0x3f,
    0xf7, 0x0, 0x0, 0x0, 0x0, 0xef, 0xcb, 0xfd,
    0x0, 0x0, 0x0, 0x0, 0x6, 0xff, 0xff, 0x50,
    0x0, 0x0, 0x0, 0x0, 0xd, 0xff, 0xc0, 0x0,
    0x0, 0x0, 0x0, 0x0, 0x6f, 0xf5, 0x0, 0x0,
    0x0, 0x0, 0x0, 0x5, 0xff, 0x40, 0x0, 0x0,
    0x0, 0x0, 0x0, 0x5f, 0xf4, 0x0, 0x0, 0x0,
    0x0, 0x0, 0x5, 0xff, 0x40, 0x0, 0x0, 0x0,
    0x0, 0x0, 0x5f, 0xf4, 0x0, 0x0, 0x0, 0x0,
    0x0, 0x5, 0xff, 0x40, 0x0, 0x0, 0x0, 0x0,
    0x0, 0x5f, 0xf4, 0x0, 0x0, 0x0,

    /* U+0233 "ȳ" */
    0x0, 0x4d, 0xdd, 0xdd, 0xdd, 0x0, 0x0, 0x5,
    0xff, 0xff, 0xff, 0xf0, 0x0, 0x0, 0x0, 0x0,
    0x0, 0x0, 0x0, 0xc, 0xfe, 0x0, 0x0, 0x0,
    0x3f, 0xf7, 0x6f, 0xf4, 0x0, 0x0, 0x9, 0xff,
    0x10, 0xff, 0xa0, 0x0, 0x0, 0xef, 0xb0, 0x9,
    0xff, 0x0, 0x0, 0x3f, 0xf5, 0x0, 0x3f, 0xf5,
    0x0, 0x9, 0xff, 0x0, 0x0, 0xdf, 0xb0, 0x0,
    0xef, 0x90, 0x0, 0x6, 0xff, 0x10, 0x4f, 0xf4,
    0x0, 0x0, 0x1f, 0xf6, 0x9, 0xfd, 0x0, 0x0,
    0x0, 0xaf, 0xb0, 0xef, 0x80, 0x0, 0x0, 0x3,
    0xff, 0x4f, 0xf2, 0x0, 0x0, 0x0, 0xd, 0xfc,
    0xfc, 0x0, 0x0, 0x0, 0x0, 0x7f, 0xff, 0x60,
    0x0, 0x0, 0x0, 0x1, 0xff, 0xf0, 0x0, 0x0,
    0x0, 0x0, 0xe, 0xfa, 0x0, 0x0, 0x0, 0x0,
    0x4, 0xff, 0x40, 0x0, 0x0, 0x0, 0x0, 0xcf,
    0xd0, 0x0, 0x0, 0x1, 0x12, 0xaf, 0xf5, 0x0,
    0x0, 0x0, 0x9f, 0xff, 0xf9, 0x0, 0x0, 0x0,
    0x7, 0xff, 0xd7, 0x0, 0x0, 0x0, 0x0,

    /* U+0234 "ȴ" */
    0x0, 0xff, 0x80, 0x0, 0x0, 0x0, 0xff, 0x80,
    0x0, 0x0, 0x0, 0xff, 0x80, 0x0, 0x0, 0x0,
    0xff, 0x80, 0x0, 0x0, 0x0, 0xff, 0x80, 0x0,
    0x0, 0x0, 0xff, 0x80, 0x0, 0x0, 0x0, 0xff,
    0x80, 0x0, 0x0, 0x0, 0xff, 0x80, 0x0, 0x0,
    0x0, 0xff, 0x80, 0x0, 0x0, 0x0, 0xff, 0x80,
    0x0, 0x0, 0x0, 0xff, 0x80, 0x0, 0x0, 0x0,
    0xff, 0x80, 0x0, 0x0, 0x0, 0xff, 0xca, 0xb8,
    0x10, 0x0, 0xff, 0xff, 0xff, 0xd0, 0x0, 0xff,
    0xb1, 0x1e, 0xf4, 0x7, 0xff, 0xc0, 0xc, 0xf4,
    0x1f, 0xff, 0xfd, 0xdf, 0xe0, 0x6f, 0x74, 0xcf,
    0xeb, 0x20, 0x4, 0x10, 0x0, 0x0, 0x0,

    /* U+0235 "ȵ" */
    0xf, 0xf2, 0x3a, 0xef, 0xeb, 0x30, 0x0, 0x0,
    0x0, 0xff, 0xaf, 0xfe, 0xef, 0xff, 0x40, 0x0,
    0x0, 0xf, 0xff, 0xb1, 0x0, 0x5f, 0xfc, 0x0,
    0x0, 0x0, 0xff, 0xf1, 0x0, 0x0, 0xaf, 0xf0,
    0x0, 0x0, 0xf, 0xfc, 0x0, 0x0, 0x7, 0xff,
    0x10, 0x0, 0x0, 0xff, 0x90, 0x0, 0x0, 0x7f,
    0xf1, 0x0, 0x0, 0xf, 0xf9, 0x0, 0x0, 0x7,
    0xff, 0x10, 0x0, 0x0, 0xff, 0x90, 0x0, 0x0,
    0x7f, 0xf9, 0xba, 0x50, 0xf, 0xf9, 0x0, 0x0,
    0x6, 0xff, 0xff, 0xff, 0x60, 0xff, 0x90, 0x0,
    0x0, 0x6f, 0xf6, 0x7, 0xfd, 0xf, 0xf9, 0x0,
    0x0, 0xd, 0xff, 0x40, 0x3f, 0xd0, 0xff, 0x90,
    0x0, 0x6, 0xff, 0xfe, 0x9d, 0xf8, 0xf, 0xf9,
    0x0, 0x0, 0xdf, 0x39, 0xef, 0xd8, 0x0, 0x0,
    0x0, 0x0, 0x4, 0x80, 0x0, 0x0, 0x0,

    /* U+0236 "ȶ" */
    0x0, 0xe, 0xc0, 0x0, 0x0, 0x0, 0x4f, 0xc0,
    0x0, 0x0, 0x0, 0xaf, 0xc0, 0x0, 0x0, 0x3c,
    0xff, 0xff, 0xff, 0x80, 0x8f, 0xff, 0xff, 0xff,
    0x70, 0x0, 0xcf, 0xc0, 0x0, 0x0, 0x0, 0xcf,
    0xc0, 0x0, 0x0, 0x0, 0xcf, 0xc0, 0x0, 0x0,
    0x0, 0xcf, 0xc0, 0x0, 0x0, 0x0, 0xcf, 0xc0,
    0x0, 0x0, 0x0, 0xcf, 0xea, 0xb9, 0x20, 0x0,
    0xbf, 0xff, 0xff, 0xf2, 0x0, 0xcf, 0xe2, 0xb,
    0xf8, 0x4, 0xff, 0xf1, 0x9, 0xf8, 0xd, 0xfe,
    0xff, 0xdf, 0xf3, 0x3f, 0xb2, 0xae, 0xfc, 0x50,
    0x3, 0x30, 0x0, 0x0, 0x0,

    /* U+0237 "ȷ" */
    0x0, 0x0, 0xff, 0x80, 0x0, 0xf, 0xf8, 0x0,
    0x0, 0xff, 0x80, 0x0, 0xf, 0xf8, 0x0, 0x0,
    0xff, 0x80, 0x0, 0xf, 0xf8, 0x0, 0x0, 0xff,
    0x80, 0x0, 0xf, 0xf8, 0x0, 0x0, 0xff, 0x80,
    0x0, 0xf, 0xf8, 0x0, 0x0, 0xff, 0x80, 0x0,
    0xf, 0xf8, 0x0, 0x0, 0xff, 0x80, 0x0, 0xf,
    0xf8, 0x0, 0x0, 0xff, 0x80, 0x0, 0x1f, 0xf7,
    0x12, 0x19, 0xff, 0x44, 0xff, 0xff, 0xc0, 0x3e,
    0xfe, 0xa1, 0x0,

    /* U+0238 "ȸ" */
    0x0, 0x0, 0x0, 0x0, 0xa, 0xfe, 0x0, 0x0,
    0x0, 0x0, 0x0, 0x0, 0x0, 0x0, 0x0, 0xa,
    0xfe, 0x0, 0x0, 0x0, 0x0, 0x0, 0x0, 0x0,
    0x0, 0x0, 0xa, 0xfe, 0x0, 0x0, 0x0, 0x0,
    0x0, 0x0, 0x0, 0x0, 0x0, 0xa, 0xfe, 0x0,
    0x0, 0x0, 0x0, 0x0, 0x0, 0x0, 0x0, 0x0,
    0xa, 0xfe, 0x0, 0x0, 0x0, 0x0, 0x0, 0x0,
    0x29, 0xef, 0xe9, 0x19, 0xfe, 0x7, 0xdf, 0xeb,
    0x40, 0x0, 0x3, 0xef, 0xff, 0xff, 0xea, 0xfd,
    0xbf, 0xff, 0xff, 0xf6, 0x0, 0xd, 0xff, 0x71,
    0x15, 0xef, 0xff, 0xf7, 0x21, 0x5e, 0xff, 0x20,
    0x5f, 0xf9, 0x0, 0x0, 0x3f, 0xff, 0x70, 0x0,
    0x3, 0xff, 0x90, 0x8f, 0xf2, 0x0, 0x0, 0xd,
    0xff, 0x10, 0x0, 0x0, 0xdf, 0xd0, 0xbf, 0xf0,
    0x0, 0x0, 0xa, 0xff, 0x0, 0x0, 0x0, 0xaf,
    0xf0, 0xbf, 0xe0, 0x0, 0x0, 0xa, 0xfe, 0x0,
    0x0, 0x0, 0xaf, 0xf0, 0xbf, 0xf0, 0x0, 0x0,
    0xb, 0xff, 0x0, 0x0, 0x0, 0xbf, 0xf0, 0x8f,
    0xf2, 0x0, 0x0, 0xe, 0xff, 0x20, 0x0, 0x0,
    0xdf, 0xd0, 0x4f, 0xf8, 0x0, 0x0, 0x5f, 0xff,
    0x90, 0x0, 0x4, 0xff, 0x80, 0xd, 0xff, 0x72,
    0x16, 0xff, 0xaf, 0xf8, 0x21, 0x5e, 0xff, 0x10,
    0x2, 0xef, 0xff, 0xff, 0xfb, 0x7, 0xff, 0xff,
    0xff, 0xf4, 0x0, 0x0, 0x18, 0xdf, 0xfc, 0x60,
    0x0, 0x4b, 0xef, 0xd9, 0x20, 0x0,

    /* U+0239 "ȹ" */
    0x0, 0x7, 0xcf, 0xfd, 0x70, 0x0, 0x4b, 0xef,
    0xe9, 0x20, 0x0, 0x1, 0xdf, 0xff, 0xff, 0xfb,
    0x7, 0xff, 0xff, 0xff, 0xf5, 0x0, 0xc, 0xff,
    0x72, 0x16, 0xef, 0xaf, 0xf8, 0x21, 0x5e, 0xff,
    0x20, 0x4f, 0xf8, 0x0, 0x0, 0x4f, 0xff, 0xa0,
    0x0, 0x4, 0xff, 0x90, 0x8f, 0xf2, 0x0, 0x0,
    0xe, 0xff, 0x30, 0x0, 0x0, 0xdf, 0xd0, 0xbf,
    0xf0, 0x0, 0x0, 0xb, 0xff, 0x0, 0x0, 0x0,
    0xaf, 0xf0, 0xbf, 0xe0, 0x0, 0x0, 0xa, 0xfe,
    0x0, 0x0, 0x0, 0xaf, 0xf0, 0xbf, 0xf0, 0x0,
    0x0, 0xb, 0xff, 0x0, 0x0, 0x0, 0xbf, 0xf0,
    0x9f, 0xf1, 0x0, 0x0, 0xd, 0xff, 0x10, 0x0,
    0x0, 0xef, 0xd0, 0x5f, 0xf8, 0x0, 0x0, 0x3f,
    0xff, 0x70, 0x0, 0x5, 0xff, 0x90, 0xd, 0xff,
    0x72, 0x15, 0xef, 0xff, 0xf7, 0x21, 0x5e, 0xff,
    0x20, 0x3, 0xff, 0xff, 0xff, 0xea, 0xfd, 0xbf,
    0xff, 0xff, 0xf6, 0x0, 0x0, 0x2a, 0xef, 0xe9,
    0x19, 0xfd, 0x7, 0xdf, 0xfb, 0x40, 0x0, 0x0,
    0x0, 0x0, 0x0, 0xa, 0xfe, 0x0, 0x0, 0x0,
    0x0, 0x0, 0x0, 0x0, 0x0, 0x0, 0xa, 0xfe,
    0x0, 0x0, 0x0, 0x0, 0x0, 0x0, 0x0, 0x0,
    0x0, 0xa, 0xfe, 0x0, 0x0, 0x0, 0x0, 0x0,
    0x0, 0x0, 0x0, 0x0, 0xa, 0xfe, 0x0, 0x0,
    0x0, 0x0, 0x0, 0x0, 0x0, 0x0, 0x0, 0xa,
    0xfe, 0x0, 0x0, 0x0, 0x0, 0x0, 0x0, 0x0,
    0x0, 0x0, 0xa, 0xfe, 0x0, 0x0, 0x0, 0x0,
    0x0,

    /* U+023A "Ⱥ" */
    0x0, 0x0, 0x0, 0x0, 0x0, 0x9f, 0x30, 0x0,
    0x0, 0x0, 0x0, 0xbf, 0xf6, 0xfe, 0x0, 0x0,
    0x0, 0x0, 0x1, 0xff, 0xff, 0xf8, 0x0, 0x0,
    0x0, 0x0, 0x7, 0xfe, 0xff, 0xf2, 0x0, 0x0,
    0x0, 0x0, 0xd, 0xf8, 0xdf, 0xd0, 0x0, 0x0,
    0x0, 0x0, 0x3f, 0xf3, 0x8f, 0xe0, 0x0, 0x0,
    0x0, 0x0, 0x9f, 0xe0, 0xbf, 0xf4, 0x0, 0x0,
    0x0, 0x0, 0xff, 0x91, 0xff, 0xfa, 0x0, 0x0,
    0x0, 0x5, 0xff, 0x36, 0xfd, 0xff, 0x10, 0x0,
    0x0, 0xc, 0xfd, 0xc, 0xf3, 0xff, 0x70, 0x0,
    0x0, 0x2f, 0xf7, 0x1f, 0xb0, 0xcf, 0xd0, 0x0,
    0x0, 0x8f, 0xff, 0xff, 0xff, 0xff, 0xf3, 0x0,
    0x0, 0xef, 0xff, 0xff, 0xff, 0xff, 0xf9, 0x0,
    0x4, 0xff, 0x86, 0xfb, 0x33, 0x3c, 0xff, 0x0,
    0xa, 0xff, 0x18, 0xf5, 0x0, 0x6, 0xff, 0x50,
    0x1f, 0xfa, 0xd, 0xf0, 0x0, 0x0, 0xff, 0xb0,
    0x6f, 0xf4, 0x3f, 0xa0, 0x0, 0x0, 0xaf, 0xf2,
    0xcf, 0xe0, 0x8f, 0x40, 0x0, 0x0, 0x3f, 0xf8,
    0x0, 0x0, 0xef, 0x0, 0x0, 0x0, 0x0, 0x0,
    0x0, 0x3, 0xf9, 0x0, 0x0, 0x0, 0x0, 0x0,

    /* U+023B "Ȼ" */
    0x0, 0x0, 0x0, 0x0, 0x0, 0x7f, 0x60, 0x0,
    0x0, 0x18, 0xce, 0xfe, 0xff, 0x70, 0x0, 0x6,
    0xff, 0xff, 0xff, 0xff, 0xf4, 0x0, 0x7f, 0xff,
    0x95, 0x3a, 0xfd, 0xc0, 0x3, 0xff, 0xe2, 0x0,
    0xd, 0xf0, 0x0, 0xc, 0xff, 0x30, 0x0, 0x3f,
    0xa0, 0x0, 0x1f, 0xfa, 0x0, 0x0, 0x8f, 0x40,
    0x0, 0x5f, 0xf6, 0x0, 0x0, 0xee, 0x0, 0x0,
    0x7f, 0xf3, 0x0, 0x4, 0xf8, 0x0, 0x0, 0x8f,
    0xf2, 0x0, 0xa, 0xf2, 0x0, 0x0, 0x8f, 0xf3,
    0x0, 0xf, 0xd0, 0x0, 0x0, 0x6f, 0xf5, 0x0,
    0x6f, 0x70, 0x0, 0x0, 0x3f, 0xfa, 0x0, 0xbf,
    0x10, 0x0, 0x0, 0xe, 0xff, 0x21, 0xfb, 0x0,
    0x0, 0x0, 0x7, 0xff, 0xd9, 0xf5, 0x0, 0x0,
    0x0, 0x0, 0xbf, 0xff, 0xf6, 0x34, 0x69, 0xa0,
    0x0, 0xa, 0xff, 0xff, 0xff, 0xff, 0xd0, 0x0,
    0x0, 0x9f, 0xde, 0xff, 0xda, 0x50, 0x0, 0x0,
    0xee, 0x0, 0x0, 0x0, 0x0, 0x0, 0x1, 0x85,
    0x0, 0x0, 0x0, 0x0,

    /* U+023C "ȼ" */
    0x0, 0x0, 0x0, 0x0, 0x3f, 0x90, 0x0, 0x0,
    0x0, 0x9, 0xf3, 0x0, 0x0, 0x0, 0x0, 0xed,
    0x0, 0x0, 0x0, 0x0, 0x5f, 0x80, 0x0, 0x0,
    0x0, 0xa, 0xf2, 0x0, 0x0, 0x6b, 0xef, 0xff,
    0x70, 0x1, 0xcf, 0xff, 0xff, 0xfb, 0x0, 0xbf,
    0xfa, 0x4d, 0xf8, 0x40, 0x3f, 0xfa, 0x2, 0xfb,
    0x0, 0x8, 0xff, 0x20, 0x8f, 0x50, 0x0, 0xaf,
    0xf0, 0xd, 0xf0, 0x0, 0xb, 0xfe, 0x4, 0xf9,
    0x0, 0x0, 0xaf, 0xf0, 0x9f, 0x30, 0x0, 0x8,
    0xff, 0x3f, 0xd0, 0x0, 0x0, 0x3f, 0xfd, 0xf7,
    0x0, 0x0, 0x0, 0xbf, 0xff, 0x52, 0x47, 0x90,
    0x1, 0xdf, 0xff, 0xff, 0xfc, 0x0, 0x7, 0xfd,
    0xef, 0xeb, 0x40, 0x0, 0xdf, 0x0, 0x0, 0x0,
    0x0, 0x3f, 0xa0, 0x0, 0x0, 0x0, 0x9, 0xf4,
    0x0, 0x0, 0x0, 0x0, 0xed, 0x0, 0x0, 0x0,
    0x0, 0x28, 0x40, 0x0, 0x0, 0x0, 0x0,

    /* U+023D "Ƚ" */
    0x0, 0xcf, 0xd0, 0x0, 0x0, 0x0, 0x0, 0xc,
    0xfd, 0x0, 0x0, 0x0, 0x0, 0x0, 0xcf, 0xd0,
    0x0, 0x0, 0x0, 0x0, 0xc, 0xfd, 0x0, 0x0,
    0x0, 0x0, 0x0, 0xcf, 0xd0, 0x0, 0x0, 0x0,
    0x0, 0xc, 0xfd, 0x0, 0x0, 0x0, 0x0, 0x0,
    0xcf, 0xd0, 0x0, 0x0, 0x0, 0xa, 0xff, 0xff,
    0xff, 0xf9, 0x0, 0x0, 0xaf, 0xff, 0xff, 0xff,
    0x90, 0x0, 0x0, 0x1c, 0xfd, 0x11, 0x10, 0x0,
    0x0, 0x0, 0xcf, 0xd0, 0x0, 0x0, 0x0, 0x0,
    0xc, 0xfd, 0x0, 0x0, 0x0, 0x0, 0x0, 0xcf,
    0xd0, 0x0, 0x0, 0x0, 0x0, 0xc, 0xfd, 0x0,
    0x0, 0x0, 0x0, 0x0, 0xcf, 0xe3, 0x33, 0x33,
    0x33, 0x0, 0xc, 0xff, 0xff, 0xff, 0xff, 0xf2,
    0x0, 0xcf, 0xff, 0xff, 0xff, 0xff, 0x20,

    /* U+023E "Ⱦ" */
    0x0, 0x0, 0x0, 0x0, 0x0, 0x2f, 0xa0, 0xbf,
    0xff, 0xff, 0xff, 0xff, 0xff, 0xf2, 0xbf, 0xff,
    0xff, 0xff, 0xff, 0xff, 0xf2, 0x23, 0x33, 0x3a,
    0xff, 0x3b, 0xf5, 0x30, 0x0, 0x0, 0x8, 0xff,
    0x2f, 0xb0, 0x0, 0x0, 0x0, 0x8, 0xff, 0x9f,
    0x30, 0x0, 0x0, 0x0, 0x8, 0xff, 0xfb, 0x0,
    0x0, 0x0, 0x0, 0x8, 0xff, 0xf4, 0x0, 0x0,
    0x0, 0x0, 0x8, 0xff, 0xc0, 0x0, 0x0, 0x0,
    0x0, 0x8, 0xff, 0x40, 0x0, 0x0, 0x0, 0x0,
    0x8, 0xff, 0x0, 0x0, 0x0, 0x0, 0x0, 0x9,
    0xff, 0x0, 0x0, 0x0, 0x0, 0x0, 0xe, 0xff,
    0x0, 0x0, 0x0, 0x0, 0x0, 0x6f, 0xff, 0x0,
    0x0, 0x0, 0x0, 0x0, 0xdf, 0xff, 0x0, 0x0,
    0x0, 0x0, 0x5, 0xfe, 0xff, 0x0, 0x0, 0x0,
    0x0, 0xc, 0xe9, 0xff, 0x0, 0x0, 0x0, 0x0,
    0x4f, 0x78, 0xff, 0x0, 0x0, 0x0, 0x0, 0xcf,
    0x10, 0x0, 0x0, 0x0, 0x0, 0x3, 0xf9, 0x0,
    0x0, 0x0, 0x0, 0x0,

    /* U+023F "ȿ" */
    0x1, 0x8d, 0xef, 0xda, 0x60, 0x3f, 0xff, 0xff,
    0xff, 0xf1, 0xaf, 0xe3, 0x0, 0x27, 0x80, 0xcf,
    0xb0, 0x0, 0x0, 0x0, 0x9f, 0xf8, 0x10, 0x0,
    0x0, 0x1d, 0xff, 0xf9, 0x30, 0x0, 0x0, 0x8e,
    0xff, 0xfb, 0x20, 0x0, 0x0, 0x5c, 0xff, 0xe1,
    0x0, 0x0, 0x0, 0x6f, 0xf7, 0x0, 0x0, 0x0,
    0xf, 0xf8, 0x96, 0x20, 0x0, 0x7f, 0xf6, 0xcf,
    0xff, 0xef, 0xff, 0xc0, 0x5d, 0xff, 0xff, 0xd7,
    0x0, 0x0, 0xaf, 0xf0, 0x0, 0x0, 0x0, 0x1f,
    0xf5, 0x0, 0x0, 0x0, 0xb, 0xfc, 0x0, 0x0,
    0x0, 0x5, 0xff, 0x81, 0x22, 0x0, 0x0, 0xcf,
    0xff, 0xf8, 0x0, 0x0, 0x9, 0xef, 0xe6,

    /* U+0240 "ɀ" */
    0xc, 0xff, 0xff, 0xff, 0xff, 0x50, 0xb, 0xff,
    0xff, 0xff, 0xff, 0x50, 0x0, 0x0, 0x0, 0xd,
    0xfd, 0x0, 0x0, 0x0, 0x0, 0x9f, 0xf2, 0x0,
    0x0, 0x0, 0x5, 0xff, 0x70, 0x0, 0x0, 0x0,
    0x1e, 0xfb, 0x0, 0x0, 0x0, 0x0, 0xbf, 0xe1,
    0x0, 0x0, 0x0, 0x6, 0xff, 0x50, 0x0, 0x0,
    0x0, 0x2f, 0xf9, 0x0, 0x0, 0x0, 0x0, 0xcf,
    0xd0, 0x0, 0x0, 0x0, 0x8, 0xff, 0x30, 0x0,
    0x0, 0x0, 0x1f, 0xff, 0xa1, 0x0, 0x0, 0x0,
    0x2f, 0xff, 0xfe, 0x10, 0x0, 0x0, 0x0, 0x16,
    0xff, 0x80, 0x0, 0x0, 0x0, 0x0, 0x9f, 0xe0,
    0x0, 0x0, 0x0, 0x0, 0x3f, 0xf4, 0x0, 0x0,
    0x0, 0x0, 0xd, 0xfe, 0x51, 0x21, 0x0, 0x0,
    0x4, 0xff, 0xff, 0xf3, 0x0, 0x0, 0x0, 0x3b,
    0xef, 0xe2,

    /* U+0241 "Ɂ" */
    0x5, 0xae, 0xff, 0xc7, 0x0, 0xc, 0xff, 0xff,
    0xff, 0xfd, 0x10, 0x6f, 0x95, 0x35, 0xbf, 0xfb,
    0x0, 0x10, 0x0, 0x0, 0xcf, 0xf1, 0x0, 0x0,
    0x0, 0x8, 0xff, 0x30, 0x0, 0x0, 0x0, 0x9f,
    0xf1, 0x0, 0x0, 0x0, 0x1e, 0xfd, 0x0, 0x0,
    0x0, 0xb, 0xff, 0x60, 0x0, 0x0, 0x3c, 0xff,
    0xa0, 0x0, 0x0, 0xcf, 0xff, 0x90, 0x0, 0x0,
    0xf, 0xfd, 0x30, 0x0, 0x0, 0x0, 0xff, 0x90,
    0x0, 0x0, 0x0, 0xf, 0xf9, 0x0, 0x0, 0x0,
    0x0, 0xff, 0x90, 0x0, 0x0, 0x0, 0xf, 0xf9,
    0x0, 0x0, 0x0, 0x0, 0xff, 0x90, 0x0, 0x0,
    0x0, 0xf, 0xf9, 0x0, 0x0, 0x0,

    /* U+0242 "ɂ" */
    0x4, 0xae, 0xff, 0xc7, 0x0, 0x8f, 0xff, 0xff,
    0xff, 0xc0, 0x3f, 0x83, 0x13, 0xbf, 0xf8, 0x0,
    0x0, 0x0, 0xe, 0xfd, 0x0, 0x0, 0x0, 0xb,
    0xff, 0x0, 0x0, 0x0, 0xc, 0xfe, 0x0, 0x0,
    0x0, 0x1f, 0xfa, 0x0, 0x0, 0x0, 0xcf, 0xf3,
    0x0, 0x0, 0x3c, 0xff, 0x80, 0x0, 0xb, 0xff,
    0xf7, 0x0, 0x0, 0x1f, 0xfc, 0x20, 0x0, 0x0,
    0x1f, 0xf8, 0x0, 0x0, 0x0, 0x1f, 0xf8, 0x0,
    0x0,

    /* U+0243 "Ƀ" */
    0x0, 0xcf, 0xff, 0xff, 0xfd, 0xa5, 0x0, 0x0,
    0xc, 0xff, 0xff, 0xff, 0xff, 0xfc, 0x10, 0x0,
    0xcf, 0xd1, 0x11, 0x25, 0xdf, 0xf8, 0x0, 0xc,
    0xfd, 0x0, 0x0, 0x1, 0xff, 0xd0, 0x0, 0xcf,
    0xd0, 0x0, 0x0, 0xd, 0xfd, 0x0, 0xc, 0xfd,
    0x0, 0x0, 0x0, 0xff, 0xa0, 0x0, 0xcf, 0xd0,
    0x0, 0x3, 0xbf, 0xe2, 0x0, 0xc, 0xff, 0xff,
    0xff, 0xff, 0x92, 0x0, 0x0, 0xcf, 0xff, 0xff,
    0xff, 0xfc, 0x60, 0x0, 0xc, 0xfd, 0x11, 0x11,
    0x3a, 0xff, 0x90, 0x0, 0xcf, 0xd0, 0x0, 0x0,
    0xb, 0xff, 0x2a, 0xff, 0xff, 0xff, 0xf2, 0x0,
    0x6f, 0xf6, 0xaf, 0xff, 0xff, 0xff, 0x20, 0x6,
    0xff, 0x60, 0xc, 0xfd, 0x0, 0x0, 0x0, 0xcf,
    0xf3, 0x0, 0xcf, 0xd1, 0x11, 0x24, 0xaf, 0xfd,
    0x0, 0xc, 0xff, 0xff, 0xff, 0xff, 0xfd, 0x20,
    0x0, 0xcf, 0xff, 0xff, 0xfe, 0xc7, 0x0, 0x0,

    /* U+0244 "Ʉ" */
    0x0, 0xdf, 0xb0, 0x0, 0x0, 0x0, 0xf, 0xf9,
    0x0, 0x0, 0xdf, 0xb0, 0x0, 0x0, 0x0, 0xf,
    0xf9, 0x0, 0x0, 0xdf, 0xb0, 0x0, 0x0, 0x0,
    0xf, 0xf9, 0x0, 0x0, 0xdf, 0xb0, 0x0, 0x0,
    0x0, 0xf, 0xf9, 0x0, 0x0, 0xdf, 0xb0, 0x0,
    0x0, 0x0, 0xf, 0xf9, 0x0, 0x0, 0xdf, 0xb0,
    0x0, 0x0, 0x0, 0xf, 0xf9, 0x0, 0xdf, 0xff,
    0xff, 0xff, 0xff, 0xff, 0xff, 0xff, 0xf8, 0xdf,
    0xff, 0xff, 0xff, 0xff, 0xff, 0xff, 0xff, 0xf8,
    0x23, 0xef, 0xc3, 0x33, 0x33, 0x33, 0x3f, 0xfa,
    0x31, 0x0, 0xdf, 0xb0, 0x0, 0x0, 0x0, 0xf,
    0xf9, 0x0, 0x0, 0xdf, 0xb0, 0x0, 0x0, 0x0,
    0xf, 0xf9, 0x0, 0x0, 0xcf, 0xd0, 0x0, 0x0,
    0x0, 0x2f, 0xf7, 0x0, 0x0, 0x9f, 0xf1, 0x0,
    0x0, 0x0, 0x6f, 0xf4, 0x0, 0x0, 0x4f, 0xfa,
    0x0, 0x0, 0x1, 0xef, 0xe0, 0x0, 0x0, 0xb,
    0xff, 0xb5, 0x33, 0x6d, 0xff, 0x50, 0x0, 0x0,
    0x1, 0xcf, 0xff, 0xff, 0xff, 0xf7, 0x0, 0x0,
    0x0, 0x0, 0x5, 0xbe, 0xfe, 0xd9, 0x20, 0x0,
    0x0,

    /* U+0245 "Ʌ" */
    0x0, 0x0, 0x0, 0xff, 0xf1, 0x0, 0x0, 0x0,
    0x0, 0x0, 0x5, 0xff, 0xf6, 0x0, 0x0, 0x0,
    0x0, 0x0, 0xb, 0xfd, 0xfc, 0x0, 0x0, 0x0,
    0x0, 0x0, 0x1f, 0xf5, 0xff, 0x20, 0x0, 0x0,
    0x0, 0x0, 0x7f, 0xe0, 0xef, 0x70, 0x0, 0x0,
    0x0, 0x0, 0xdf, 0x90, 0x8f, 0xd0, 0x0, 0x0,
    0x0, 0x3, 0xff, 0x40, 0x3f, 0xf3, 0x0, 0x0,
    0x0, 0x8, 0xfe, 0x0, 0xd, 0xf9, 0x0, 0x0,
    0x0, 0xe, 0xf9, 0x0, 0x8, 0xfe, 0x0, 0x0,
    0x0, 0x4f, 0xf3, 0x0, 0x3, 0xff, 0x40, 0x0,
    0x0, 0xaf, 0xe0, 0x0, 0x0, 0xef, 0xa0, 0x0,
    0x0, 0xff, 0x90, 0x0, 0x0, 0x8f, 0xf1, 0x0,
    0x5, 0xff, 0x30, 0x0, 0x0, 0x3f, 0xf6, 0x0,
    0xb, 0xfe, 0x0, 0x0, 0x0, 0xe, 0xfc, 0x0,
    0x1f, 0xf8, 0x0, 0x0, 0x0, 0x9, 0xff, 0x20,
    0x7f, 0xf3, 0x0, 0x0, 0x0, 0x3, 0xff, 0x70,
    0xdf, 0xe0, 0x0, 0x0, 0x0, 0x0, 0xef, 0xd0,

    /* U+0246 "Ɇ" */
    0x0, 0x0, 0x0, 0xc, 0xf1, 0xbf, 0xff, 0xff,
    0xff, 0xfe, 0xbf, 0xff, 0xff, 0xff, 0xfe, 0xbf,
    0xe2, 0x22, 0xaf, 0x52, 0xbf, 0xe0, 0x0, 0xcf,
    0x0, 0xbf, 0xe0, 0x1, 0xfc, 0x0, 0xbf, 0xe0,
    0x5, 0xf8, 0x0, 0xbf, 0xe0, 0x9, 0xf4, 0x0,
    0xbf, 0xff, 0xff, 0xff, 0xf8, 0xbf, 0xff, 0xff,
    0xff, 0xf8, 0xbf, 0xe2, 0x7f, 0x82, 0x21, 0xbf,
    0xe0, 0x9f, 0x30, 0x0, 0xbf, 0xe0, 0xdf, 0x0,
    0x0, 0xbf, 0xe1, 0xfb, 0x0, 0x0, 0xbf, 0xe5,
    0xf7, 0x0, 0x0, 0xbf, 0xea, 0xf6, 0x33, 0x32,
    0xbf, 0xff, 0xff, 0xff, 0xfe, 0xbf, 0xff, 0xff,
    0xff, 0xfe, 0x0, 0x6f, 0x60, 0x0, 0x0, 0x0,
    0x7c, 0x20, 0x0, 0x0,

    /* U+0247 "ɇ" */
    0x0, 0x0, 0x0, 0x0, 0x0, 0x40, 0x0, 0x6,
    0xce, 0xfd, 0x7a, 0xf5, 0x1, 0xcf, 0xff, 0xff,
    0xff, 0xd0, 0xa, 0xff, 0x60, 0x6, 0xff, 0xc0,
    0x2f, 0xf6, 0x0, 0xd, 0xff, 0xf4, 0x7f, 0xf1,
    0x0, 0xaf, 0x9f, 0xf7, 0xaf, 0xff, 0xff, 0xff,
    0xff, 0xf9, 0xbf, 0xfe, 0xef, 0xfe, 0xee, 0xe8,
    0xaf, 0xf0, 0xcf, 0x60, 0x0, 0x0, 0x8f, 0xfa,
    0xfa, 0x0, 0x0, 0x0, 0x3f, 0xff, 0xe1, 0x0,
    0x0, 0x0, 0xa, 0xff, 0xc3, 0x11, 0x37, 0xc0,
    0xa, 0xff, 0xff, 0xff, 0xff, 0xf0, 0x4f, 0xc5,
    0xbe, 0xff, 0xda, 0x40, 0x5, 0x20, 0x0, 0x0,
    0x0, 0x0,

    /* U+0248 "Ɉ" */
    0x0, 0x0, 0xdf, 0xc0, 0x0, 0x0, 0xd, 0xfc,
    0x0, 0x0, 0x0, 0xdf, 0xc0, 0x0, 0x0, 0xd,
    0xfc, 0x0, 0x0, 0x0, 0xdf, 0xc0, 0x0, 0x0,
    0xd, 0xfc, 0x0, 0x0, 0x0, 0xdf, 0xc0, 0x0,
    0x2, 0x3d, 0xfd, 0x32, 0x0, 0xdf, 0xff, 0xff,
    0xc0, 0xd, 0xff, 0xff, 0xfc, 0x0, 0x0, 0xdf,
    0xc0, 0x0, 0x0, 0xd, 0xfc, 0x0, 0x0, 0x0,
    0xdf, 0xc0, 0x0, 0x0, 0xd, 0xfc, 0x0, 0x0,
    0x0, 0xdf, 0xc0, 0x0, 0x0, 0xd, 0xfc, 0x0,
    0x0, 0x0, 0xdf, 0xc0, 0x0, 0x0, 0xf, 0xfb,
    0x0, 0x10, 0x19, 0xff, 0x70, 0xd, 0xff, 0xff,
    0xe1, 0x0, 0xdf, 0xff, 0xb1, 0x0, 0x0, 0x22,
    0x0, 0x0, 0x0,

    /* U+0249 "ɉ" */
    0x0, 0x0, 0xbf, 0x50, 0x0, 0x0, 0x2f, 0xfb,
    0x0, 0x0, 0x0, 0xad, 0x40, 0x0, 0x0, 0x0,
    0x0, 0x0, 0x0, 0x0, 0x0, 0x0, 0x0, 0x0,
    0xf, 0xf9, 0x0, 0x0, 0x0, 0xff, 0x90, 0x0,
    0x0, 0xf, 0xf9, 0x0, 0x0, 0x0, 0xff, 0x90,
    0x0, 0x0, 0xf, 0xf9, 0x0, 0x0, 0x0, 0xff,
    0x90, 0x0, 0xd, 0xff, 0xff, 0xf5, 0x0, 0xce,
    0xff, 0xfe, 0x50, 0x0, 0xf, 0xf9, 0x0, 0x0,
    0x0, 0xff, 0x90, 0x0, 0x0, 0xf, 0xf9, 0x0,
    0x0, 0x0, 0xff, 0x90, 0x0, 0x0, 0xf, 0xf9,
    0x0, 0x0, 0x0, 0xff, 0x90, 0x0, 0x0, 0xf,
    0xf9, 0x0, 0x0, 0x1, 0xff, 0x80, 0x1, 0x22,
    0x9f, 0xf5, 0x0, 0x6f, 0xff, 0xfd, 0x0, 0x4,
    0xef, 0xea, 0x20, 0x0,

    /* U+024A "Ɋ" */
    0x0, 0x0, 0x6b, 0xef, 0xeb, 0x50, 0xf, 0xf3,
    0x0, 0x0, 0x1c, 0xff, 0xff, 0xff, 0xfc, 0x3f,
    0xf3, 0x0, 0x0, 0xcf, 0xfd, 0x63, 0x46, 0xcf,
    0xef, 0xf3, 0x0, 0x6, 0xff, 0xb0, 0x0, 0x0,
    0x7, 0xff, 0xf3, 0x0, 0xe, 0xff, 0x10, 0x0,
    0x0, 0x0, 0xdf, 0xf3, 0x0, 0x3f, 0xf9, 0x0,
    0x0, 0x0, 0x0, 0x8f, 0xf3, 0x0, 0x6f, 0xf5,
    0x0, 0x0, 0x0, 0x0, 0x6f, 0xf3, 0x0, 0x7f,
    0xf3, 0x0, 0x0, 0x0, 0x0, 0x6f, 0xf3, 0x0,
    0x8f, 0xf2, 0x0, 0x0, 0x0, 0x0, 0x6f, 0xf3,
    0x0, 0x7f, 0xf3, 0x0, 0x0, 0x0, 0x0, 0x6f,
    0xf3, 0x0, 0x6f, 0xf5, 0x0, 0x0, 0x0, 0x0,
    0x7f, 0xf3, 0x0, 0x2f, 0xf9, 0x0, 0x0, 0x0,
    0x0, 0x8f, 0xf3, 0x0, 0xe, 0xfe, 0x10, 0x0,
    0x0, 0x0, 0xdf, 0xf3, 0x0, 0x6, 0xff, 0xa0,
    0x0, 0x0, 0x8, 0xff, 0xf3, 0x0, 0x0, 0xcf,
    0xfd, 0x63, 0x46, 0xcf, 0xef, 0xf3, 0x0, 0x0,
    0x1c, 0xff, 0xff, 0xff, 0xfb, 0x6f, 0xf3, 0x0,
    0x0, 0x0, 0x6c, 0xef, 0xeb, 0x50, 0x6f, 0xf3,
    0x0, 0x0, 0x0, 0x0, 0x0, 0x0, 0x0, 0x6f,
    0xf3, 0x0, 0x0, 0x0, 0x0, 0x0, 0x0, 0x0,
    0x6f, 0xf3, 0x0, 0x0, 0x0, 0x0, 0x0, 0x0,
    0x0, 0x5f, 0xf4, 0x0, 0x0, 0x0, 0x0, 0x0,
    0x0, 0x0, 0x3f, 0xfb, 0x34, 0x0, 0x0, 0x0,
    0x0, 0x0, 0x0, 0xc, 0xff, 0xfc, 0x0, 0x0,
    0x0, 0x0, 0x0, 0x0, 0x1, 0x9e, 0xfa,

    /* U+024B "ɋ" */
    0x0, 0x19, 0xef, 0xe9, 0x13, 0xfe, 0x0, 0x0,
    0x3e, 0xff, 0xff, 0xfe, 0x8f, 0xe0, 0x0, 0xd,
    0xff, 0x82, 0x15, 0xef, 0xfe, 0x0, 0x4, 0xff,
    0x90, 0x0, 0x3, 0xff, 0xe0, 0x0, 0x8f, 0xf2,
    0x0, 0x0, 0xc, 0xfe, 0x0, 0xb, 0xff, 0x0,
    0x0, 0x0, 0xaf, 0xe0, 0x0, 0xbf, 0xe0, 0x0,
    0x0, 0x9, 0xfe, 0x0, 0xb, 0xff, 0x0, 0x0,
    0x0, 0x9f, 0xe0, 0x0, 0x9f, 0xf2, 0x0, 0x0,
    0xb, 0xfe, 0x0, 0x5, 0xff, 0x80, 0x0, 0x2,
    0xff, 0xe0, 0x0, 0xd, 0xff, 0x72, 0x14, 0xdf,
    0xfe, 0x0, 0x0, 0x3f, 0xff, 0xff, 0xfd, 0xaf,
    0xe0, 0x0, 0x0, 0x2a, 0xef, 0xe9, 0x1a, 0xfe,
    0x0, 0x0, 0x0, 0x0, 0x0, 0x0, 0xaf, 0xe0,
    0x0, 0x0, 0x0, 0x0, 0x0, 0xa, 0xfe, 0x0,
    0x0, 0x0, 0x0, 0x0, 0x0, 0x9f, 0xf0, 0x0,
    0x0, 0x0, 0x0, 0x0, 0x7, 0xff, 0x52, 0x10,
    0x0, 0x0, 0x0, 0x0, 0x2f, 0xff, 0xf4, 0x0,
    0x0, 0x0, 0x0, 0x0, 0x4c, 0xfe, 0x30,

    /* U+024C "Ɍ" */
    0x0, 0xcf, 0xff, 0xff, 0xec, 0x81, 0x0, 0x0,
    0xc, 0xff, 0xff, 0xff, 0xff, 0xf4, 0x0, 0x0,
    0xcf, 0xd2, 0x22, 0x49, 0xff, 0xe0, 0x0, 0xc,
    0xfd, 0x0, 0x0, 0x9, 0xff, 0x50, 0x0, 0xcf,
    0xd0, 0x0, 0x0, 0x4f, 0xf7, 0x0, 0xc, 0xfd,
    0x0, 0x0, 0x4, 0xff, 0x70, 0x0, 0xcf, 0xd0,
    0x0, 0x0, 0x9f, 0xf3, 0x0, 0xc, 0xfd, 0x0,
    0x2, 0x8f, 0xfb, 0x0, 0xcf, 0xff, 0xff, 0xff,
    0xff, 0xfb, 0x10, 0xc, 0xff, 0xff, 0xff, 0xff,
    0xf7, 0x0, 0x0, 0x12, 0xcf, 0xd2, 0x22, 0xef,
    0xd0, 0x0, 0x0, 0xc, 0xfd, 0x0, 0x5, 0xff,
    0x70, 0x0, 0x0, 0xcf, 0xd0, 0x0, 0xc, 0xff,
    0x20, 0x0, 0xc, 0xfd, 0x0, 0x0, 0x2f, 0xfb,
    0x0, 0x0, 0xcf, 0xd0, 0x0, 0x0, 0x9f, 0xf5,
    0x0, 0xc, 0xfd, 0x0, 0x0, 0x1, 0xef, 0xe1,
    0x0, 0xcf, 0xd0, 0x0, 0x0, 0x6, 0xff, 0x90,

    /* U+024D "ɍ" */
    0x0, 0x0, 0x0, 0x0, 0x0, 0x0, 0xff, 0x0,
    0x8e, 0xfb, 0x0, 0xff, 0x4d, 0xff, 0xf9, 0x0,
    0xff, 0xef, 0x82, 0x11, 0x0, 0xff, 0xf4, 0x0,
    0x0, 0x0, 0xff, 0xc0, 0x0, 0x0, 0xce, 0xff,
    0xfe, 0xe6, 0x0, 0xdf, 0xff, 0xff, 0xf7, 0x0,
    0x0, 0xff, 0x80, 0x0, 0x0, 0x0, 0xff, 0x80,
    0x0, 0x0, 0x0, 0xff, 0x80, 0x0, 0x0, 0x0,
    0xff, 0x80, 0x0, 0x0, 0x0, 0xff, 0x80, 0x0,
    0x0, 0x0, 0xff, 0x80, 0x0, 0x0,

    /* U+024E "Ɏ" */
    0xbf, 0xf1, 0x0, 0x0, 0x0, 0x1f, 0xfc, 0x3,
    0xff, 0x90, 0x0, 0x0, 0x8, 0xff, 0x30, 0xb,
    0xff, 0x20, 0x0, 0x1, 0xff, 0xb0, 0xd, 0xff,
    0xff, 0xff, 0xff, 0xff, 0xff, 0xd0, 0xdf, 0xff,
    0xff, 0xff, 0xff, 0xff, 0xfd, 0x0, 0x1, 0xff,
    0xa0, 0x9, 0xff, 0x10, 0x0, 0x0, 0x8, 0xff,
    0x22, 0xff, 0x70, 0x0, 0x0, 0x0, 0x1e, 0xfb,
    0xaf, 0xe0, 0x0, 0x0, 0x0, 0x0, 0x7f, 0xff,
    0xf6, 0x0, 0x0, 0x0, 0x0, 0x0, 0xdf, 0xfd,
    0x0, 0x0, 0x0, 0x0, 0x0, 0x6, 0xff, 0x50,
    0x0, 0x0, 0x0, 0x0, 0x0, 0x5f, 0xf4, 0x0,
    0x0, 0x0, 0x0, 0x0, 0x5, 0xff, 0x40, 0x0,
    0x0, 0x0, 0x0, 0x0, 0x5f, 0xf4, 0x0, 0x0,
    0x0, 0x0, 0x0, 0x5, 0xff, 0x40, 0x0, 0x0,
    0x0, 0x0, 0x0, 0x5f, 0xf4, 0x0, 0x0, 0x0,
    0x0, 0x0, 0x5, 0xff, 0x40, 0x0, 0x0, 0x0,

    /* U+024F "ɏ" */
    0xcf, 0xe0, 0x0, 0x0, 0x3, 0xff, 0x87, 0xff,
    0x30, 0x0, 0x0, 0x7f, 0xf3, 0x2f, 0xf7, 0x0,
    0x0, 0xc, 0xfe, 0x0, 0xcf, 0xc0, 0x0, 0x1,
    0xff, 0x90, 0x7, 0xff, 0x10, 0x0, 0x5f, 0xf4,
    0xb, 0xff, 0xff, 0xff, 0xff, 0xff, 0xf7, 0xae,
    0xff, 0xfe, 0xee, 0xff, 0xfe, 0x60, 0x4, 0xff,
    0x20, 0x5f, 0xf2, 0x0, 0x0, 0xd, 0xf8, 0xb,
    0xfc, 0x0, 0x0, 0x0, 0x7f, 0xd0, 0xff, 0x50,
    0x0, 0x0, 0x1, 0xff, 0x7f, 0xe0, 0x0, 0x0,
    0x0, 0x9, 0xff, 0xf9, 0x0, 0x0, 0x0, 0x0,
    0x3f, 0xff, 0x20, 0x0, 0x0, 0x0, 0x0, 0xef,
    0xc0, 0x0, 0x0, 0x0, 0x0, 0x3f, 0xf6, 0x0,
    0x0, 0x0, 0x0, 0xb, 0xfe, 0x0, 0x0, 0x0,
    0x11, 0x29, 0xff, 0x60, 0x0, 0x0, 0x9, 0xff,
    0xff, 0xa0, 0x0, 0x0, 0x0, 0x7f, 0xfd, 0x70,
    0x0, 0x0, 0x0, 0x0,

    /* U+0400 "Ѐ" */
    0x1, 0x78, 0x70, 0x0, 0x0, 0x0, 0x7f, 0xf6,
    0x0, 0x0, 0x0, 0x8, 0xff, 0x10, 0x0, 0x0,
    0x0, 0x8f, 0xb0, 0x0, 0x0, 0x0, 0x6, 0x80,
    0x0, 0x0, 0x0, 0x0, 0x0, 0x0, 0xcf, 0xff,
    0xff, 0xff, 0xff, 0xcf, 0xff, 0xff, 0xff, 0xff,
    0xcf, 0xe3, 0x33, 0x33, 0x33, 0xcf, 0xd0, 0x0,
    0x0, 0x0, 0xcf, 0xd0, 0x0, 0x0, 0x0, 0xcf,
    0xd0, 0x0, 0x0, 0x0, 0xcf, 0xd0, 0x0, 0x0,
    0x0, 0xcf, 0xff, 0xff, 0xff, 0xf8, 0xcf, 0xff,
    0xff, 0xff, 0xf8, 0xcf, 0xd3, 0x33, 0x33, 0x31,
    0xcf, 0xd0, 0x0, 0x0, 0x0, 0xcf, 0xd0, 0x0,
    0x0, 0x0, 0xcf, 0xd0, 0x0, 0x0, 0x0, 0xcf,
    0xd0, 0x0, 0x0, 0x0, 0xcf, 0xe3, 0x33, 0x33,
    0x33, 0xcf, 0xff, 0xff, 0xff, 0xff, 0xcf, 0xff,
    0xff, 0xff, 0xff,

    /* U+0401 "Ё" */
    0x0, 0xac, 0x10, 0x6d, 0x50, 0x2, 0xff, 0x50,
    0xcf, 0xb0, 0x0, 0xce, 0x20, 0x8f, 0x60, 0x0,
    0x0, 0x0, 0x0, 0x0, 0x0, 0x0, 0x0, 0x0,
    0x0, 0xcf, 0xff, 0xff, 0xff, 0xff, 0xcf, 0xff,
    0xff, 0xff, 0xff, 0xcf, 0xe3, 0x33, 0x33, 0x33,
    0xcf, 0xd0, 0x0, 0x0, 0x0, 0xcf, 0xd0, 0x0,
    0x0, 0x0, 0xcf, 0xd0, 0x0, 0x0, 0x0, 0xcf,
    0xd0, 0x0, 0x0, 0x0, 0xcf, 0xff, 0xff, 0xff,
    0xf8, 0xcf, 0xff, 0xff, 0xff, 0xf8, 0xcf, 0xd3,
    0x33, 0x33, 0x31, 0xcf, 0xd0, 0x0, 0x0, 0x0,
    0xcf, 0xd0, 0x0, 0x0, 0x0, 0xcf, 0xd0, 0x0,
    0x0, 0x0, 0xcf, 0xd0, 0x0, 0x0, 0x0, 0xcf,
    0xe3, 0x33, 0x33, 0x33, 0xcf, 0xff, 0xff, 0xff,
    0xff, 0xcf, 0xff, 0xff, 0xff, 0xff,

    /* U+0402 "Ђ" */
    0xbf, 0xff, 0xff, 0xff, 0xff, 0xff, 0xa0, 0x0,
    0xb, 0xff, 0xff, 0xff, 0xff, 0xff, 0xfa, 0x0,
    0x0, 0x23, 0x33, 0xbf, 0xf3, 0x33, 0x33, 0x20,
    0x0, 0x0, 0x0, 0x9, 0xff, 0x0, 0x0, 0x0,
    0x0, 0x0, 0x0, 0x0, 0x9f, 0xf0, 0x0, 0x0,
    0x0, 0x0, 0x0, 0x0, 0x9, 0xff, 0x0, 0x0,
    0x0, 0x0, 0x0, 0x0, 0x0, 0x9f, 0xf8, 0xce,
    0xfe, 0xc6, 0x0, 0x0, 0x0, 0x9, 0xff, 0xff,
    0xff, 0xff, 0xfc, 0x10, 0x0, 0x0, 0x9f, 0xf9,
    0x53, 0x35, 0xcf, 0xfa, 0x0, 0x0, 0x9, 0xff,
    0x0, 0x0, 0x0, 0xdf, 0xf1, 0x0, 0x0, 0x9f,
    0xf0, 0x0, 0x0, 0x7, 0xff, 0x40, 0x0, 0x9,
    0xff, 0x0, 0x0, 0x0, 0x5f, 0xf5, 0x0, 0x0,
    0x9f, 0xf0, 0x0, 0x0, 0x6, 0xff, 0x40, 0x0,
    0x9, 0xff, 0x0, 0x0, 0x0, 0xcf, 0xf1, 0x0,
    0x0, 0x9f, 0xf0, 0x4, 0x34, 0xaf, 0xfa, 0x0,
    0x0, 0x9, 0xff, 0x0, 0xdf, 0xff, 0xfd, 0x10,
    0x0, 0x0, 0x9f, 0xf0, 0xd, 0xff, 0xd8, 0x10,
    0x0,

    /* U+0403 "Ѓ" */
    0x0, 0x0, 0x0, 0x78, 0x71, 0x0, 0x0, 0x6,
    0xff, 0x70, 0x0, 0x0, 0x1e, 0xf8, 0x0, 0x0,
    0x0, 0xaf, 0x80, 0x0, 0x0, 0x0, 0x76, 0x0,
    0x0, 0x0, 0x0, 0x0, 0x0, 0x0, 0xbf, 0xff,
    0xff, 0xff, 0xff, 0xbf, 0xff, 0xff, 0xff, 0xff,
    0xbf, 0xe3, 0x33, 0x33, 0x33, 0xbf, 0xe0, 0x0,
    0x0, 0x0, 0xbf, 0xe0, 0x0, 0x0, 0x0, 0xbf,
    0xe0, 0x0, 0x0, 0x0, 0xbf, 0xe0, 0x0, 0x0,
    0x0, 0xbf, 0xe0, 0x0, 0x0, 0x0, 0xbf, 0xe0,
    0x0, 0x0, 0x0, 0xbf, 0xe0, 0x0, 0x0, 0x0,
    0xbf, 0xe0, 0x0, 0x0, 0x0, 0xbf, 0xe0, 0x0,
    0x0, 0x0, 0xbf, 0xe0, 0x0, 0x0, 0x0, 0xbf,
    0xe0, 0x0, 0x0, 0x0, 0xbf, 0xe0, 0x0, 0x0,
    0x0, 0xbf, 0xe0, 0x0, 0x0, 0x0, 0xbf, 0xe0,
    0x0, 0x0, 0x0,

    /* U+0404 "Є" */
    0x0, 0x0, 0x28, 0xce, 0xfe, 0xca, 0x50, 0x0,
    0x7, 0xff, 0xff, 0xff, 0xff, 0xf4, 0x0, 0x9f,
    0xfe, 0x84, 0x34, 0x7b, 0xc0, 0x4, 0xff, 0xc1,
    0x0, 0x0, 0x0, 0x0, 0xd, 0xfe, 0x10, 0x0,
    0x0, 0x0, 0x0, 0x2f, 0xf8, 0x0, 0x0, 0x0,
    0x0, 0x0, 0x6f, 0xf4, 0x0, 0x0, 0x0, 0x0,
    0x0, 0x8f, 0xff, 0xff, 0xff, 0xff, 0xf3, 0x0,
    0x9f, 0xff, 0xff, 0xff, 0xff, 0xf3, 0x0, 0x8f,
    0xf5, 0x33, 0x33, 0x33, 0x30, 0x0, 0x7f, 0xf5,
    0x0, 0x0, 0x0, 0x0, 0x0, 0x3f, 0xf9, 0x0,
    0x0, 0x0, 0x0, 0x0, 0xe, 0xff, 0x20, 0x0,
    0x0, 0x0, 0x0, 0x7, 0xff, 0xd2, 0x0, 0x0,
    0x0, 0x0, 0x0, 0xcf, 0xff, 0x95, 0x34, 0x69,
    0xe0, 0x0, 0xa, 0xff, 0xff, 0xff, 0xff, 0xf0,
    0x0, 0x0, 0x39, 0xde, 0xfe, 0xd9, 0x50,

    /* U+0405 "Ѕ" */
    0x0, 0x3a, 0xdf, 0xfe, 0xb6, 0x10, 0x7, 0xff,
    0xff, 0xff, 0xff, 0x90, 0x3f, 0xfe, 0x73, 0x46,
    0xae, 0x20, 0x8f, 0xf3, 0x0, 0x0, 0x0, 0x0,
    0x9f, 0xf0, 0x0, 0x0, 0x0, 0x0, 0x7f, 0xf4,
    0x0, 0x0, 0x0, 0x0, 0x2f, 0xff, 0x60, 0x0,
    0x0, 0x0, 0x5, 0xff, 0xfe, 0x81, 0x0, 0x0,
    0x0, 0x3b, 0xff, 0xff, 0x91, 0x0, 0x0, 0x0,
    0x29, 0xff, 0xfd, 0x10, 0x0, 0x0, 0x0, 0x19,
    0xff, 0xa0, 0x0, 0x0, 0x0, 0x0, 0xbf, 0xf0,
    0x0, 0x0, 0x0, 0x0, 0x8f, 0xf0, 0x10, 0x0,
    0x0, 0x0, 0xdf, 0xe0, 0xdc, 0x74, 0x33, 0x5c,
    0xff, 0x80, 0xdf, 0xff, 0xff, 0xff, 0xfa, 0x0,
    0x39, 0xce, 0xff, 0xda, 0x40, 0x0,

    /* U+0406 "І" */
    0xcf, 0xdc, 0xfd, 0xcf, 0xdc, 0xfd, 0xcf, 0xdc,
    0xfd, 0xcf, 0xdc, 0xfd, 0xcf, 0xdc, 0xfd, 0xcf,
    0xdc, 0xfd, 0xcf, 0xdc, 0xfd, 0xcf, 0xdc, 0xfd,
    0xcf, 0xd0,

    /* U+0407 "Ї" */
    0x1c, 0xb0, 0x9d, 0x35, 0xff, 0x2f, 0xf7, 0x2e,
    0xc0, 0xbf, 0x30, 0x0, 0x0, 0x0, 0x0, 0x0,
    0x0, 0x0, 0xb, 0xfe, 0x0, 0x0, 0xbf, 0xe0,
    0x0, 0xb, 0xfe, 0x0, 0x0, 0xbf, 0xe0, 0x0,
    0xb, 0xfe, 0x0, 0x0, 0xbf, 0xe0, 0x0, 0xb,
    0xfe, 0x0, 0x0, 0xbf, 0xe0, 0x0, 0xb, 0xfe,
    0x0, 0x0, 0xbf, 0xe0, 0x0, 0xb, 0xfe, 0x0,
    0x0, 0xbf, 0xe0, 0x0, 0xb, 0xfe, 0x0, 0x0,
    0xbf, 0xe0, 0x0, 0xb, 0xfe, 0x0, 0x0, 0xbf,
    0xe0, 0x0, 0xb, 0xfe, 0x0,

    /* U+0408 "Ј" */
    0x0, 0x0, 0xdf, 0xc0, 0x0, 0xd, 0xfc, 0x0,
    0x0, 0xdf, 0xc0, 0x0, 0xd, 0xfc, 0x0, 0x0,
    0xdf, 0xc0, 0x0, 0xd, 0xfc, 0x0, 0x0, 0xdf,
    0xc0, 0x0, 0xd, 0xfc, 0x0, 0x0, 0xdf, 0xc0,
    0x0, 0xd, 0xfc, 0x0, 0x0, 0xdf, 0xc0, 0x0,
    0xd, 0xfc, 0x0, 0x0, 0xdf, 0xc0, 0x0, 0xd,
    0xfc, 0x0, 0x0, 0xdf, 0xc0, 0x0, 0xd, 0xfc,
    0x0, 0x0, 0xdf, 0xc0, 0x0, 0xf, 0xfa, 0x10,
    0x1a, 0xff, 0x6d, 0xff, 0xff, 0xd0, 0xdf, 0xff,
    0xa1, 0x0, 0x22, 0x0, 0x0,

    /* U+0409 "Љ" */
    0x0, 0x0, 0xef, 0xff, 0xff, 0xff, 0xff, 0x80,
    0x0, 0x0, 0x0, 0x0, 0x0, 0x0, 0xff, 0xff,
    0xff, 0xff, 0xff, 0x80, 0x0, 0x0, 0x0, 0x0,
    0x0, 0x0, 0xff, 0x83, 0x33, 0x34, 0xff, 0x80,
    0x0, 0x0, 0x0, 0x0, 0x0, 0x0, 0xff, 0x50,
    0x0, 0x1, 0xff, 0x80, 0x0, 0x0, 0x0, 0x0,
    0x0, 0x1, 0xff, 0x40, 0x0, 0x1, 0xff, 0x80,
    0x0, 0x0, 0x0, 0x0, 0x0, 0x2, 0xff, 0x40,
    0x0, 0x1, 0xff, 0x80, 0x0, 0x0, 0x0, 0x0,
    0x0, 0x3, 0xff, 0x30, 0x0, 0x1, 0xff, 0xff,
    0xff, 0xda, 0x40, 0x0, 0x0, 0x4, 0xff, 0x20,
    0x0, 0x1, 0xff, 0xff, 0xff, 0xff, 0xfa, 0x0,
    0x0, 0x5, 0xff, 0x10, 0x0, 0x1, 0xff, 0x92,
    0x23, 0x6d, 0xff, 0x80, 0x0, 0x6, 0xff, 0x0,
    0x0, 0x1, 0xff, 0x80, 0x0, 0x1, 0xef, 0xe0,
    0x0, 0x7, 0xff, 0x0, 0x0, 0x1, 0xff, 0x80,
    0x0, 0x0, 0x9f, 0xf2, 0x0, 0x8, 0xfd, 0x0,
    0x0, 0x1, 0xff, 0x80, 0x0, 0x0, 0x7f, 0xf3,
    0x0, 0xa, 0xfb, 0x0, 0x0, 0x1, 0xff, 0x80,
    0x0, 0x0, 0x9f, 0xf2, 0x0, 0xe, 0xf8, 0x0,
    0x0, 0x1, 0xff, 0x80, 0x0, 0x1, 0xef, 0xe0,
    0x22, 0x8f, 0xf4, 0x0, 0x0, 0x1, 0xff, 0x81,
    0x12, 0x5d, 0xff, 0x70, 0xef, 0xff, 0xc0, 0x0,
    0x0, 0x1, 0xff, 0xff, 0xff, 0xff, 0xf9, 0x0,
    0xef, 0xea, 0x10, 0x0, 0x0, 0x1, 0xff, 0xff,
    0xff, 0xda, 0x40, 0x0,

    /* U+040A "Њ" */
    0xbf, 0xe0, 0x0, 0x0, 0x0, 0xaf, 0xf0, 0x0,
    0x0, 0x0, 0x0, 0xbf, 0xe0, 0x0, 0x0, 0x0,
    0xaf, 0xf0, 0x0, 0x0, 0x0, 0x0, 0xbf, 0xe0,
    0x0, 0x0, 0x0, 0xaf, 0xf0, 0x0, 0x0, 0x0,
    0x0, 0xbf, 0xe0, 0x0, 0x0, 0x0, 0xaf, 0xf0,
    0x0, 0x0, 0x0, 0x0, 0xbf, 0xe0, 0x0, 0x0,
    0x0, 0xaf, 0xf0, 0x0, 0x0, 0x0, 0x0, 0xbf,
    0xe0, 0x0, 0x0, 0x0, 0xaf, 0xf0, 0x0, 0x0,
    0x0, 0x0, 0xbf, 0xe3, 0x33, 0x33, 0x33, 0xbf,
    0xf3, 0x32, 0x10, 0x0, 0x0, 0xbf, 0xff, 0xff,
    0xff, 0xff, 0xff, 0xff, 0xff, 0xff, 0xb3, 0x0,
    0xbf, 0xff, 0xff, 0xff, 0xff, 0xff, 0xff, 0xff,
    0xff, 0xff, 0x70, 0xbf, 0xe0, 0x0, 0x0, 0x0,
    0xaf, 0xf0, 0x0, 0x16, 0xff, 0xf3, 0xbf, 0xe0,
    0x0, 0x0, 0x0, 0xaf, 0xf0, 0x0, 0x0, 0x5f,
    0xf8, 0xbf, 0xe0, 0x0, 0x0, 0x0, 0xaf, 0xf0,
    0x0, 0x0, 0xf, 0xfa, 0xbf, 0xe0, 0x0, 0x0,
    0x0, 0xaf, 0xf0, 0x0, 0x0, 0x1f, 0xfa, 0xbf,
    0xe0, 0x0, 0x0, 0x0, 0xaf, 0xf0, 0x0, 0x0,
    0x7f, 0xf7, 0xbf, 0xe0, 0x0, 0x0, 0x0, 0xaf,
    0xf2, 0x23, 0x4a, 0xff, 0xf1, 0xbf, 0xe0, 0x0,
    0x0, 0x0, 0xaf, 0xff, 0xff, 0xff, 0xff, 0x40,
    0xbf, 0xe0, 0x0, 0x0, 0x0, 0xaf, 0xff, 0xff,
    0xec, 0x71, 0x0,

    /* U+040B "Ћ" */
    0xbf, 0xff, 0xff, 0xff, 0xff, 0xff, 0xa0, 0x0,
    0xb, 0xff, 0xff, 0xff, 0xff, 0xff, 0xfa, 0x0,
    0x0, 0x23, 0x33, 0xaf, 0xf3, 0x33, 0x33, 0x20,
    0x0, 0x0, 0x0, 0x9, 0xff, 0x0, 0x0, 0x0,
    0x0, 0x0, 0x0, 0x0, 0x9f, 0xf0, 0x0, 0x0,
    0x0, 0x0, 0x0, 0x0, 0x9, 0xff, 0x0, 0x0,
    0x0, 0x0, 0x0, 0x0, 0x0, 0x9f, 0xf0, 0x0,
    0x21, 0x0, 0x0, 0x0, 0x0, 0x9, 0xff, 0xbe,
    0xff, 0xff, 0xb2, 0x0, 0x0, 0x0, 0x9f, 0xff,
    0xff, 0xff, 0xff, 0xf3, 0x0, 0x0, 0x9, 0xff,
    0x62, 0x10, 0x29, 0xff, 0xc0, 0x0, 0x0, 0x9f,
    0xf0, 0x0, 0x0, 0xb, 0xff, 0x10, 0x0, 0x9,
    0xff, 0x0, 0x0, 0x0, 0x7f, 0xf2, 0x0, 0x0,
    0x9f, 0xf0, 0x0, 0x0, 0x6, 0xff, 0x30, 0x0,
    0x9, 0xff, 0x0, 0x0, 0x0, 0x6f, 0xf3, 0x0,
    0x0, 0x9f, 0xf0, 0x0, 0x0, 0x6, 0xff, 0x30,
    0x0, 0x9, 0xff, 0x0, 0x0, 0x0, 0x6f, 0xf3,
    0x0, 0x0, 0x9f, 0xf0, 0x0, 0x0, 0x6, 0xff,
    0x30,

    /* U+040C "Ќ" */
    0x0, 0x0, 0x0, 0x18, 0x86, 0x0, 0x0, 0x0,
    0x0, 0x0, 0xbf, 0xf3, 0x0, 0x0, 0x0, 0x0,
    0x5, 0xff, 0x40, 0x0, 0x0, 0x0, 0x0, 0xe,
    0xf4, 0x0, 0x0, 0x0, 0x0, 0x0, 0x38, 0x40,
    0x0, 0x0, 0x0, 0x0, 0x0, 0x0, 0x0, 0x0,
    0x0, 0x0, 0xbf, 0xe0, 0x0, 0x0, 0x6, 0xff,
    0x60, 0xbf, 0xe0, 0x0, 0x0, 0x1f, 0xfb, 0x0,
    0xbf, 0xe0, 0x0, 0x0, 0xbf, 0xe1, 0x0, 0xbf,
    0xe0, 0x0, 0x6, 0xff, 0x50, 0x0, 0xbf, 0xe0,
    0x0, 0x2f, 0xfa, 0x0, 0x0, 0xbf, 0xe0, 0x0,
    0xcf, 0xe1, 0x0, 0x0, 0xbf, 0xe0, 0x7, 0xff,
    0x40, 0x0, 0x0, 0xbf, 0xff, 0xff, 0xf9, 0x0,
    0x0, 0x0, 0xbf, 0xff, 0xff, 0xfa, 0x0, 0x0,
    0x0, 0xbf, 0xe3, 0x3b, 0xff, 0x40, 0x0, 0x0,
    0xbf, 0xe0, 0x1, 0xef, 0xe1, 0x0, 0x0, 0xbf,
    0xe0, 0x0, 0x5f, 0xf9, 0x0, 0x0, 0xbf, 0xe0,
    0x0, 0xb, 0xff, 0x40, 0x0, 0xbf, 0xe0, 0x0,
    0x1, 0xef, 0xe0, 0x0, 0xbf, 0xe0, 0x0, 0x0,
    0x5f, 0xf9, 0x0, 0xbf, 0xe0, 0x0, 0x0, 0xb,
    0xff, 0x40, 0xbf, 0xe0, 0x0, 0x0, 0x1, 0xff,
    0xe0,

    /* U+040D "Ѝ" */
    0x0, 0x0, 0x78, 0x70, 0x0, 0x0, 0x0, 0x0,
    0x0, 0x5, 0xff, 0x90, 0x0, 0x0, 0x0, 0x0,
    0x0, 0x5, 0xff, 0x30, 0x0, 0x0, 0x0, 0x0,
    0x0, 0x6, 0xfd, 0x0, 0x0, 0x0, 0x0, 0x0,
    0x0, 0x5, 0x82, 0x0, 0x0, 0x0, 0x0, 0x0,
    0x0, 0x0, 0x0, 0x0, 0x0, 0xbf, 0xe0, 0x0,
    0x0, 0x0, 0x3f, 0xff, 0x1b, 0xfe, 0x0, 0x0,
    0x0, 0xc, 0xff, 0xf1, 0xbf, 0xe0, 0x0, 0x0,
    0x6, 0xff, 0xff, 0x1b, 0xfe, 0x0, 0x0, 0x1,
    0xff, 0xdf, 0xf1, 0xbf, 0xe0, 0x0, 0x0, 0xaf,
    0xd6, 0xff, 0x1b, 0xfe, 0x0, 0x0, 0x4f, 0xf4,
    0x7f, 0xf1, 0xbf, 0xe0, 0x0, 0xd, 0xfa, 0x7,
    0xff, 0x1b, 0xfe, 0x0, 0x7, 0xff, 0x10, 0x8f,
    0xf1, 0xbf, 0xd0, 0x2, 0xff, 0x60, 0x8, 0xff,
    0x1b, 0xfd, 0x0, 0xbf, 0xc0, 0x0, 0x8f, 0xf1,
    0xbf, 0xd0, 0x5f, 0xf3, 0x0, 0x8, 0xff, 0x1b,
    0xfd, 0xe, 0xf9, 0x0, 0x0, 0x8f, 0xf1, 0xbf,
    0xc8, 0xfe, 0x10, 0x0, 0x8, 0xff, 0x1b, 0xfd,
    0xff, 0x50, 0x0, 0x0, 0x8f, 0xf1, 0xbf, 0xff,
    0xc0, 0x0, 0x0, 0x8, 0xff, 0x1b, 0xff, 0xf2,
    0x0, 0x0, 0x0, 0x8f, 0xf1, 0xbf, 0xf8, 0x0,
    0x0, 0x0, 0x8, 0xff, 0x10,

    /* U+040E "Ў" */
    0x0, 0x1, 0xff, 0x30, 0x7, 0xfd, 0x0, 0x0,
    0x0, 0xc, 0xfb, 0x12, 0xef, 0x80, 0x0, 0x0,
    0x0, 0x2e, 0xff, 0xff, 0xc0, 0x0, 0x0, 0x0,
    0x0, 0x16, 0x98, 0x50, 0x0, 0x0, 0x0, 0x0,
    0x0, 0x0, 0x0, 0x0, 0x0, 0x9, 0xff, 0x30,
    0x0, 0x0, 0x0, 0xe, 0xfc, 0x1f, 0xfb, 0x0,
    0x0, 0x0, 0x5, 0xff, 0x50, 0x9f, 0xf3, 0x0,
    0x0, 0x0, 0xcf, 0xd0, 0x1, 0xff, 0xb0, 0x0,
    0x0, 0x3f, 0xf6, 0x0, 0x9, 0xff, 0x30, 0x0,
    0xa, 0xfe, 0x0, 0x0, 0x1f, 0xfa, 0x0, 0x1,
    0xff, 0x80, 0x0, 0x0, 0x8f, 0xf2, 0x0, 0x8f,
    0xf1, 0x0, 0x0, 0x1, 0xff, 0xa0, 0xe, 0xf9,
    0x0, 0x0, 0x0, 0x8, 0xff, 0x26, 0xff, 0x20,
    0x0, 0x0, 0x0, 0x1f, 0xf9, 0xcf, 0xb0, 0x0,
    0x0, 0x0, 0x0, 0x8f, 0xff, 0xf4, 0x0, 0x0,
    0x0, 0x0, 0x1, 0xff, 0xfc, 0x0, 0x0, 0x0,
    0x0, 0x0, 0xa, 0xff, 0x50, 0x0, 0x0, 0x0,
    0x0, 0x3, 0xff, 0xc0, 0x0, 0x0, 0x0, 0x16,
    0x58, 0xff, 0xf3, 0x0, 0x0, 0x0, 0x2, 0xff,
    0xff, 0xf6, 0x0, 0x0, 0x0, 0x0, 0x2d, 0xfe,
    0xb3, 0x0, 0x0, 0x0, 0x0,

    /* U+040F "Џ" */
    0xbf, 0xe0, 0x0, 0x0, 0x0, 0x1f, 0xf8, 0xbf,
    0xe0, 0x0, 0x0, 0x0, 0x1f, 0xf8, 0xbf, 0xe0,
    0x0, 0x0, 0x0, 0x1f, 0xf8, 0xbf, 0xe0, 0x0,
    0x0, 0x0, 0x1f, 0xf8, 0xbf, 0xe0, 0x0, 0x0,
    0x0, 0x1f, 0xf8, 0xbf, 0xe0, 0x0, 0x0, 0x0,
    0x1f, 0xf8, 0xbf, 0xe0, 0x0, 0x0, 0x0, 0x1f,
    0xf8, 0xbf, 0xe0, 0x0, 0x0, 0x0, 0x1f, 0xf8,
    0xbf, 0xe0, 0x0, 0x0, 0x0, 0x1f, 0xf8, 0xbf,
    0xe0, 0x0, 0x0, 0x0, 0x1f, 0xf8, 0xbf, 0xe0,
    0x0, 0x0, 0x0, 0x1f, 0xf8, 0xbf, 0xe0, 0x0,
    0x0, 0x0, 0x1f, 0xf8, 0xbf, 0xe0, 0x0, 0x0,
    0x0, 0x1f, 0xf8, 0xbf, 0xe0, 0x0, 0x0, 0x0,
    0x1f, 0xf8, 0xbf, 0xe2, 0x22, 0x22, 0x22, 0x3f,
    0xf8, 0xbf, 0xff, 0xff, 0xff, 0xff, 0xff, 0xf8,
    0xbf, 0xff, 0xff, 0xff, 0xff, 0xff, 0xf8, 0x0,
    0x0, 0x6, 0xff, 0x20, 0x0, 0x0, 0x0, 0x0,
    0x6, 0xff, 0x20, 0x0, 0x0, 0x0, 0x0, 0x6,
    0xff, 0x20, 0x0, 0x0, 0x0, 0x0, 0x3, 0x88,
    0x10, 0x0, 0x0,

    /* U+0410 "А" */
    0x0, 0x0, 0x0, 0xbf, 0xf6, 0x0, 0x0, 0x0,
    0x0, 0x0, 0x1, 0xff, 0xfc, 0x0, 0x0, 0x0,
    0x0, 0x0, 0x7, 0xfe, 0xff, 0x20, 0x0, 0x0,
    0x0, 0x0, 0xd, 0xf8, 0xdf, 0x80, 0x0, 0x0,
    0x0, 0x0, 0x3f, 0xf3, 0x8f, 0xe0, 0x0, 0x0,
    0x0, 0x0, 0x9f, 0xe0, 0x3f, 0xf4, 0x0, 0x0,
    0x0, 0x0, 0xff, 0x90, 0xd, 0xfa, 0x0, 0x0,
    0x0, 0x5, 0xff, 0x30, 0x8, 0xff, 0x10, 0x0,
    0x0, 0xc, 0xfd, 0x0, 0x2, 0xff, 0x70, 0x0,
    0x0, 0x2f, 0xf7, 0x0, 0x0, 0xcf, 0xd0, 0x0,
    0x0, 0x8f, 0xff, 0xff, 0xff, 0xff, 0xf3, 0x0,
    0x0, 0xef, 0xff, 0xff, 0xff, 0xff, 0xf9, 0x0,
    0x4, 0xff, 0x83, 0x33, 0x33, 0x3c, 0xff, 0x0,
    0xa, 0xff, 0x10, 0x0, 0x0, 0x6, 0xff, 0x50,
    0x1f, 0xfa, 0x0, 0x0, 0x0, 0x0, 0xff, 0xb0,
    0x6f, 0xf4, 0x0, 0x0, 0x0, 0x0, 0xaf, 0xf2,
    0xcf, 0xe0, 0x0, 0x0, 0x0, 0x0, 0x3f, 0xf8,

    /* U+0411 "Б" */
    0xbf, 0xff, 0xff, 0xff, 0xff, 0xc0, 0xbf, 0xff,
    0xff, 0xff, 0xff, 0xc0, 0xbf, 0xe3, 0x33, 0x33,
    0x33, 0x20, 0xbf, 0xe0, 0x0, 0x0, 0x0, 0x0,
    0xbf, 0xe0, 0x0, 0x0, 0x0, 0x0, 0xbf, 0xe0,
    0x0, 0x0, 0x0, 0x0, 0xbf, 0xe2, 0x22, 0x10,
    0x0, 0x0, 0xbf, 0xff, 0xff, 0xff, 0xb4, 0x0,
    0xbf, 0xff, 0xff, 0xff, 0xff, 0x90, 0xbf, 0xe0,
    0x0, 0x15, 0xef, 0xf4, 0xbf, 0xe0, 0x0, 0x0,
    0x3f, 0xfa, 0xbf, 0xe0, 0x0, 0x0, 0xe, 0xfc,
    0xbf, 0xe0, 0x0, 0x0, 0xf, 0xfb, 0xbf, 0xe0,
    0x0, 0x0, 0x5f, 0xf8, 0xbf, 0xe2, 0x22, 0x49,
    0xff, 0xf2, 0xbf, 0xff, 0xff, 0xff, 0xff, 0x40,
    0xbf, 0xff, 0xff, 0xec, 0x81, 0x0,

    /* U+0412 "В" */
    0xcf, 0xff, 0xff, 0xfd, 0xa5, 0x0, 0xc, 0xff,
    0xff, 0xff, 0xff, 0xfd, 0x10, 0xcf, 0xd1, 0x11,
    0x25, 0xdf, 0xf9, 0xc, 0xfd, 0x0, 0x0, 0x1,
    0xff, 0xd0, 0xcf, 0xd0, 0x0, 0x0, 0xd, 0xfd,
    0xc, 0xfd, 0x0, 0x0, 0x0, 0xff, 0xa0, 0xcf,
    0xd0, 0x0, 0x3, 0xbf, 0xe2, 0xc, 0xff, 0xff,
    0xff, 0xff, 0x92, 0x0, 0xcf, 0xff, 0xff, 0xff,
    0xfd, 0x60, 0xc, 0xfd, 0x0, 0x1, 0x39, 0xff,
    0x90, 0xcf, 0xd0, 0x0, 0x0, 0xa, 0xff, 0x2c,
    0xfd, 0x0, 0x0, 0x0, 0x5f, 0xf6, 0xcf, 0xd0,
    0x0, 0x0, 0x6, 0xff, 0x6c, 0xfd, 0x0, 0x0,
    0x0, 0xbf, 0xf3, 0xcf, 0xd1, 0x11, 0x24, 0xaf,
    0xfd, 0xc, 0xff, 0xff, 0xff, 0xff, 0xfd, 0x20,
    0xcf, 0xff, 0xff, 0xfe, 0xc7, 0x0, 0x0,

    /* U+0413 "Г" */
    0xbf, 0xff, 0xff, 0xff, 0xff, 0xbf, 0xff, 0xff,
    0xff, 0xff, 0xbf, 0xe3, 0x33, 0x33, 0x33, 0xbf,
    0xe0, 0x0, 0x0, 0x0, 0xbf, 0xe0, 0x0, 0x0,
    0x0, 0xbf, 0xe0, 0x0, 0x0, 0x0, 0xbf, 0xe0,
    0x0, 0x0, 0x0, 0xbf, 0xe0, 0x0, 0x0, 0x0,
    0xbf, 0xe0, 0x0, 0x0, 0x0, 0xbf, 0xe0, 0x0,
    0x0, 0x0, 0xbf, 0xe0, 0x0, 0x0, 0x0, 0xbf,
    0xe0, 0x0, 0x0, 0x0, 0xbf, 0xe0, 0x0, 0x0,
    0x0, 0xbf, 0xe0, 0x0, 0x0, 0x0, 0xbf, 0xe0,
    0x0, 0x0, 0x0, 0xbf, 0xe0, 0x0, 0x0, 0x0,
    0xbf, 0xe0, 0x0, 0x0, 0x0,

    /* U+0414 "Д" */
    0x0, 0x0, 0x5f, 0xff, 0xff, 0xff, 0xff, 0xf5,
    0x0, 0x0, 0x0, 0x6f, 0xff, 0xff, 0xff, 0xff,
    0xf5, 0x0, 0x0, 0x0, 0x6f, 0xf3, 0x33, 0x33,
    0x6f, 0xf5, 0x0, 0x0, 0x0, 0x7f, 0xe0, 0x0,
    0x0, 0x3f, 0xf5, 0x0, 0x0, 0x0, 0x8f, 0xd0,
    0x0, 0x0, 0x3f, 0xf5, 0x0, 0x0, 0x0, 0x9f,
    0xd0, 0x0, 0x0, 0x3f, 0xf5, 0x0, 0x0, 0x0,
    0xaf, 0xc0, 0x0, 0x0, 0x3f, 0xf5, 0x0, 0x0,
    0x0, 0xbf, 0xa0, 0x0, 0x0, 0x3f, 0xf5, 0x0,
    0x0, 0x0, 0xcf, 0x90, 0x0, 0x0, 0x3f, 0xf5,
    0x0, 0x0, 0x0, 0xef, 0x70, 0x0, 0x0, 0x3f,
    0xf5, 0x0, 0x0, 0x1, 0xff, 0x50, 0x0, 0x0,
    0x3f, 0xf5, 0x0, 0x0, 0x5, 0xff, 0x20, 0x0,
    0x0, 0x3f, 0xf5, 0x0, 0x0, 0xb, 0xfd, 0x0,
    0x0, 0x0, 0x3f, 0xf5, 0x0, 0x0, 0x3f, 0xf7,
    0x0, 0x0, 0x0, 0x3f, 0xf5, 0x0, 0x23, 0xdf,
    0xf3, 0x33, 0x33, 0x33, 0x6f, 0xf7, 0x31, 0xcf,
    0xff, 0xff, 0xff, 0xff, 0xff, 0xff, 0xff, 0xf9,
    0xcf, 0xff, 0xff, 0xff, 0xff, 0xff, 0xff, 0xff,
    0xf9, 0xcf, 0xb0, 0x0, 0x0, 0x0, 0x0, 0x0,
    0xe, 0xf9, 0xcf, 0xb0, 0x0, 0x0, 0x0, 0x0,
    0x0, 0xe, 0xf9, 0xcf, 0xb0, 0x0, 0x0, 0x0,
    0x0, 0x0, 0xe, 0xf9, 0x8a, 0x70, 0x0, 0x0,
    0x0, 0x0, 0x0, 0x9, 0xa6,

    /* U+0415 "Е" */
    0xcf, 0xff, 0xff, 0xff, 0xff, 0xcf, 0xff, 0xff,
    0xff, 0xff, 0xcf, 0xe3, 0x33, 0x33, 0x33, 0xcf,
    0xd0, 0x0, 0x0, 0x0, 0xcf, 0xd0, 0x0, 0x0,
    0x0, 0xcf, 0xd0, 0x0, 0x0, 0x0, 0xcf, 0xd0,
    0x0, 0x0, 0x0, 0xcf, 0xff, 0xff, 0xff, 0xf8,
    0xcf, 0xff, 0xff, 0xff, 0xf8, 0xcf, 0xd3, 0x33,
    0x33, 0x31, 0xcf, 0xd0, 0x0, 0x0, 0x0, 0xcf,
    0xd0, 0x0, 0x0, 0x0, 0xcf, 0xd0, 0x0, 0x0,
    0x0, 0xcf, 0xd0, 0x0, 0x0, 0x0, 0xcf, 0xe3,
    0x33, 0x33, 0x33, 0xcf, 0xff, 0xff, 0xff, 0xff,
    0xcf, 0xff, 0xff, 0xff, 0xff,

    /* U+0416 "Ж" */
    0x2f, 0xf9, 0x0, 0x0, 0x1, 0xff, 0x70, 0x0,
    0x0, 0x4f, 0xf6, 0x0, 0x6f, 0xf4, 0x0, 0x0,
    0x1f, 0xf7, 0x0, 0x0, 0x1e, 0xfc, 0x0, 0x0,
    0xbf, 0xe0, 0x0, 0x1, 0xff, 0x70, 0x0, 0xa,
    0xff, 0x20, 0x0, 0x2, 0xff, 0x90, 0x0, 0x1f,
    0xf7, 0x0, 0x4, 0xff, 0x60, 0x0, 0x0, 0x6,
    0xff, 0x40, 0x1, 0xff, 0x70, 0x1, 0xef, 0xc0,
    0x0, 0x0, 0x0, 0xb, 0xfe, 0x10, 0x1f, 0xf7,
    0x0, 0xaf, 0xf2, 0x0, 0x0, 0x0, 0x0, 0x2f,
    0xfa, 0x1, 0xff, 0x70, 0x4f, 0xf6, 0x0, 0x0,
    0x0, 0x0, 0x0, 0x6f, 0xff, 0xff, 0xff, 0xff,
    0xfb, 0x0, 0x0, 0x0, 0x0, 0x0, 0x7, 0xff,
    0xff, 0xff, 0xff, 0xff, 0xc0, 0x0, 0x0, 0x0,
    0x0, 0x1, 0xff, 0xc3, 0x4f, 0xf8, 0x38, 0xff,
    0x60, 0x0, 0x0, 0x0, 0x0, 0xbf, 0xf2, 0x1,
    0xff, 0x70, 0xd, 0xff, 0x10, 0x0, 0x0, 0x0,
    0x5f, 0xf8, 0x0, 0x1f, 0xf7, 0x0, 0x3f, 0xfb,
    0x0, 0x0, 0x0, 0x1e, 0xfd, 0x0, 0x1, 0xff,
    0x70, 0x0, 0x9f, 0xf5, 0x0, 0x0, 0xa, 0xff,
    0x40, 0x0, 0x1f, 0xf7, 0x0, 0x0, 0xef, 0xe1,
    0x0, 0x4, 0xff, 0x90, 0x0, 0x1, 0xff, 0x70,
    0x0, 0x4, 0xff, 0xa0, 0x0, 0xef, 0xe1, 0x0,
    0x0, 0x1f, 0xf7, 0x0, 0x0, 0xa, 0xff, 0x40,
    0x9f, 0xf5, 0x0, 0x0, 0x1, 0xff, 0x70, 0x0,
    0x0, 0x1e, 0xfe, 0x0,

    /* U+0417 "З" */
    0x1, 0x6b, 0xef, 0xfe, 0xb6, 0x0, 0x0, 0xbf,
    0xff, 0xff, 0xff, 0xfd, 0x10, 0x5, 0xd8, 0x53,
    0x35, 0xcf, 0xfb, 0x0, 0x0, 0x0, 0x0, 0x0,
    0xdf, 0xf0, 0x0, 0x0, 0x0, 0x0, 0x9, 0xff,
    0x0, 0x0, 0x0, 0x0, 0x0, 0xdf, 0xc0, 0x0,
    0x0, 0x0, 0x14, 0xbf, 0xf3, 0x0, 0x0, 0xef,
    0xff, 0xfe, 0x92, 0x0, 0x0, 0xe, 0xff, 0xff,
    0xfc, 0x60, 0x0, 0x0, 0x11, 0x12, 0x4a, 0xff,
    0xb0, 0x0, 0x0, 0x0, 0x0, 0x8, 0xff, 0x50,
    0x0, 0x0, 0x0, 0x0, 0x2f, 0xf9, 0x0, 0x0,
    0x0, 0x0, 0x2, 0xff, 0x90, 0x0, 0x0, 0x0,
    0x0, 0x9f, 0xf6, 0xe, 0xa6, 0x43, 0x35, 0xbf,
    0xfe, 0x0, 0xff, 0xff, 0xff, 0xff, 0xfd, 0x20,
    0x5, 0x9d, 0xef, 0xfe, 0xb6, 0x0, 0x0,

    /* U+0418 "И" */
    0xbf, 0xe0, 0x0, 0x0, 0x0, 0x3f, 0xff, 0x1b,
    0xfe, 0x0, 0x0, 0x0, 0xc, 0xff, 0xf1, 0xbf,
    0xe0, 0x0, 0x0, 0x6, 0xff, 0xff, 0x1b, 0xfe,
    0x0, 0x0, 0x1, 0xff, 0xdf, 0xf1, 0xbf, 0xe0,
    0x0, 0x0, 0xaf, 0xd6, 0xff, 0x1b, 0xfe, 0x0,
    0x0, 0x4f, 0xf4, 0x7f, 0xf1, 0xbf, 0xe0, 0x0,
    0xd, 0xfa, 0x7, 0xff, 0x1b, 0xfe, 0x0, 0x7,
    0xff, 0x10, 0x8f, 0xf1, 0xbf, 0xd0, 0x2, 0xff,
    0x60, 0x8, 0xff, 0x1b, 0xfd, 0x0, 0xbf, 0xc0,
    0x0, 0x8f, 0xf1, 0xbf, 0xd0, 0x5f, 0xf3, 0x0,
    0x8, 0xff, 0x1b, 0xfd, 0xe, 0xf9, 0x0, 0x0,
    0x8f, 0xf1, 0xbf, 0xc8, 0xfe, 0x10, 0x0, 0x8,
    0xff, 0x1b, 0xfd, 0xff, 0x50, 0x0, 0x0, 0x8f,
    0xf1, 0xbf, 0xff, 0xc0, 0x0, 0x0, 0x8, 0xff,
    0x1b, 0xff, 0xf2, 0x0, 0x0, 0x0, 0x8f, 0xf1,
    0xbf, 0xf8, 0x0, 0x0, 0x0, 0x8, 0xff, 0x10,

    /* U+0419 "Й" */
    0x0, 0x6, 0x84, 0x0, 0x8, 0x81, 0x0, 0x0,
    0x0, 0x8f, 0xd2, 0x8, 0xff, 0x0, 0x0, 0x0,
    0x1, 0xdf, 0xff, 0xff, 0x50, 0x0, 0x0, 0x0,
    0x0, 0x58, 0x97, 0x10, 0x0, 0x0, 0x0, 0x0,
    0x0, 0x0, 0x0, 0x0, 0x0, 0xb, 0xfe, 0x0,
    0x0, 0x0, 0x3, 0xff, 0xf1, 0xbf, 0xe0, 0x0,
    0x0, 0x0, 0xcf, 0xff, 0x1b, 0xfe, 0x0, 0x0,
    0x0, 0x6f, 0xff, 0xf1, 0xbf, 0xe0, 0x0, 0x0,
    0x1f, 0xfd, 0xff, 0x1b, 0xfe, 0x0, 0x0, 0xa,
    0xfd, 0x6f, 0xf1, 0xbf, 0xe0, 0x0, 0x4, 0xff,
    0x47, 0xff, 0x1b, 0xfe, 0x0, 0x0, 0xdf, 0xa0,
    0x7f, 0xf1, 0xbf, 0xe0, 0x0, 0x7f, 0xf1, 0x8,
    0xff, 0x1b, 0xfd, 0x0, 0x2f, 0xf6, 0x0, 0x8f,
    0xf1, 0xbf, 0xd0, 0xb, 0xfc, 0x0, 0x8, 0xff,
    0x1b, 0xfd, 0x5, 0xff, 0x30, 0x0, 0x8f, 0xf1,
    0xbf, 0xd0, 0xef, 0x90, 0x0, 0x8, 0xff, 0x1b,
    0xfc, 0x8f, 0xe1, 0x0, 0x0, 0x8f, 0xf1, 0xbf,
    0xdf, 0xf5, 0x0, 0x0, 0x8, 0xff, 0x1b, 0xff,
    0xfc, 0x0, 0x0, 0x0, 0x8f, 0xf1, 0xbf, 0xff,
    0x20, 0x0, 0x0, 0x8, 0xff, 0x1b, 0xff, 0x80,
    0x0, 0x0, 0x0, 0x8f, 0xf1,

    /* U+041A "К" */
    0xbf, 0xe0, 0x0, 0x0, 0x6, 0xff, 0x60, 0xbf,
    0xe0, 0x0, 0x0, 0x1f, 0xfb, 0x0, 0xbf, 0xe0,
    0x0, 0x0, 0xbf, 0xe1, 0x0, 0xbf, 0xe0, 0x0,
    0x6, 0xff, 0x50, 0x0, 0xbf, 0xe0, 0x0, 0x2f,
    0xfa, 0x0, 0x0, 0xbf, 0xe0, 0x0, 0xcf, 0xe1,
    0x0, 0x0, 0xbf, 0xe0, 0x7, 0xff, 0x40, 0x0,
    0x0, 0xbf, 0xff, 0xff, 0xf9, 0x0, 0x0, 0x0,
    0xbf, 0xff, 0xff, 0xfa, 0x0, 0x0, 0x0, 0xbf,
    0xe3, 0x3b, 0xff, 0x40, 0x0, 0x0, 0xbf, 0xe0,
    0x1, 0xef, 0xe1, 0x0, 0x0, 0xbf, 0xe0, 0x0,
    0x5f, 0xf9, 0x0, 0x0, 0xbf, 0xe0, 0x0, 0xb,
    0xff, 0x40, 0x0, 0xbf, 0xe0, 0x0, 0x1, 0xef,
    0xe0, 0x0, 0xbf, 0xe0, 0x0, 0x0, 0x5f, 0xf9,
    0x0, 0xbf, 0xe0, 0x0, 0x0, 0xb, 0xff, 0x40,
    0xbf, 0xe0, 0x0, 0x0, 0x1, 0xff, 0xe0,

    /* U+041B "Л" */
    0x0, 0x0, 0xef, 0xff, 0xff, 0xff, 0xff, 0xc0,
    0x0, 0xf, 0xff, 0xff, 0xff, 0xff, 0xfc, 0x0,
    0x0, 0xff, 0x83, 0x33, 0x33, 0xef, 0xc0, 0x0,
    0x1f, 0xf5, 0x0, 0x0, 0xd, 0xfc, 0x0, 0x2,
    0xff, 0x50, 0x0, 0x0, 0xdf, 0xc0, 0x0, 0x2f,
    0xf4, 0x0, 0x0, 0xd, 0xfc, 0x0, 0x3, 0xff,
    0x30, 0x0, 0x0, 0xdf, 0xc0, 0x0, 0x4f, 0xf2,
    0x0, 0x0, 0xd, 0xfc, 0x0, 0x5, 0xff, 0x10,
    0x0, 0x0, 0xdf, 0xc0, 0x0, 0x6f, 0xf0, 0x0,
    0x0, 0xd, 0xfc, 0x0, 0x8, 0xff, 0x0, 0x0,
    0x0, 0xdf, 0xc0, 0x0, 0x9f, 0xd0, 0x0, 0x0,
    0xd, 0xfc, 0x0, 0xb, 0xfb, 0x0, 0x0, 0x0,
    0xdf, 0xc0, 0x1, 0xff, 0x80, 0x0, 0x0, 0xd,
    0xfc, 0x66, 0xcf, 0xf4, 0x0, 0x0, 0x0, 0xdf,
    0xce, 0xff, 0xfc, 0x0, 0x0, 0x0, 0xd, 0xfc,
    0xef, 0xea, 0x10, 0x0, 0x0, 0x0, 0xdf, 0xc0,

    /* U+041C "М" */
    0xbf, 0xff, 0x20, 0x0, 0x0, 0x0, 0x2, 0xff,
    0xfc, 0xbf, 0xff, 0x80, 0x0, 0x0, 0x0, 0x7,
    0xff, 0xfc, 0xbf, 0xef, 0xd0, 0x0, 0x0, 0x0,
    0xd, 0xfe, 0xfc, 0xbf, 0x9f, 0xf3, 0x0, 0x0,
    0x0, 0x3f, 0xea, 0xfc, 0xbf, 0x8b, 0xf9, 0x0,
    0x0, 0x0, 0x9f, 0x9b, 0xfc, 0xbf, 0x96, 0xfe,
    0x0, 0x0, 0x0, 0xff, 0x3b, 0xfc, 0xbf, 0x90,
    0xff, 0x50, 0x0, 0x5, 0xfd, 0xc, 0xfc, 0xbf,
    0x90, 0xaf, 0xa0, 0x0, 0xb, 0xf7, 0xc, 0xfc,
    0xbf, 0xa0, 0x4f, 0xf1, 0x0, 0x1f, 0xf1, 0xc,
    0xfc, 0xbf, 0xa0, 0xe, 0xf6, 0x0, 0x7f, 0xb0,
    0xc, 0xfc, 0xbf, 0xa0, 0x9, 0xfc, 0x0, 0xdf,
    0x50, 0xc, 0xfc, 0xbf, 0xa0, 0x3, 0xff, 0x13,
    0xff, 0x0, 0xc, 0xfc, 0xbf, 0xa0, 0x0, 0xdf,
    0x79, 0xfa, 0x0, 0xc, 0xfc, 0xbf, 0xa0, 0x0,
    0x8f, 0xde, 0xf4, 0x0, 0xc, 0xfc, 0xbf, 0xa0,
    0x0, 0x2f, 0xff, 0xe0, 0x0, 0xc, 0xfc, 0xbf,
    0xa0, 0x0, 0xc, 0xff, 0x80, 0x0, 0xc, 0xfc,
    0xbf, 0xa0, 0x0, 0x6, 0xff, 0x20, 0x0, 0xc,
    0xfc,

    /* U+041D "Н" */
    0xbf, 0xe0, 0x0, 0x0, 0x0, 0xd, 0xfc, 0xbf,
    0xe0, 0x0, 0x0, 0x0, 0xd, 0xfc, 0xbf, 0xe0,
    0x0, 0x0, 0x0, 0xd, 0xfc, 0xbf, 0xe0, 0x0,
    0x0, 0x0, 0xd, 0xfc, 0xbf, 0xe0, 0x0, 0x0,
    0x0, 0xd, 0xfc, 0xbf, 0xe0, 0x0, 0x0, 0x0,
    0xd, 0xfc, 0xbf, 0xe0, 0x0, 0x0, 0x0, 0xd,
    0xfc, 0xbf, 0xff, 0xff, 0xff, 0xff, 0xff, 0xfc,
    0xbf, 0xff, 0xff, 0xff, 0xff, 0xff, 0xfc, 0xbf,
    0xe3, 0x33, 0x33, 0x33, 0x3d, 0xfc, 0xbf, 0xe0,
    0x0, 0x0, 0x0, 0xd, 0xfc, 0xbf, 0xe0, 0x0,
    0x0, 0x0, 0xd, 0xfc, 0xbf, 0xe0, 0x0, 0x0,
    0x0, 0xd, 0xfc, 0xbf, 0xe0, 0x0, 0x0, 0x0,
    0xd, 0xfc, 0xbf, 0xe0, 0x0, 0x0, 0x0, 0xd,
    0xfc, 0xbf, 0xe0, 0x0, 0x0, 0x0, 0xd, 0xfc,
    0xbf, 0xe0, 0x0, 0x0, 0x0, 0xd, 0xfc,

    /* U+041E "О" */
    0x0, 0x0, 0x39, 0xdf, 0xfe, 0xb6, 0x0, 0x0,
    0x0, 0x9, 0xff, 0xff, 0xff, 0xff, 0xe3, 0x0,
    0x0, 0xbf, 0xfd, 0x73, 0x35, 0xaf, 0xff, 0x20,
    0x6, 0xff, 0xb0, 0x0, 0x0, 0x5, 0xff, 0xc0,
    0xe, 0xfe, 0x10, 0x0, 0x0, 0x0, 0x9f, 0xf4,
    0x3f, 0xf8, 0x0, 0x0, 0x0, 0x0, 0x2f, 0xf9,
    0x6f, 0xf4, 0x0, 0x0, 0x0, 0x0, 0xe, 0xfd,
    0x8f, 0xf2, 0x0, 0x0, 0x0, 0x0, 0xc, 0xfe,
    0x9f, 0xf2, 0x0, 0x0, 0x0, 0x0, 0xc, 0xff,
    0x8f, 0xf2, 0x0, 0x0, 0x0, 0x0, 0xc, 0xfe,
    0x6f, 0xf5, 0x0, 0x0, 0x0, 0x0, 0xf, 0xfc,
    0x3f, 0xf9, 0x0, 0x0, 0x0, 0x0, 0x3f, 0xf9,
    0xd, 0xfe, 0x10, 0x0, 0x0, 0x0, 0xaf, 0xf4,
    0x6, 0xff, 0xb0, 0x0, 0x0, 0x6, 0xff, 0xc0,
    0x0, 0xaf, 0xfe, 0x74, 0x35, 0xbf, 0xff, 0x20,
    0x0, 0x9, 0xff, 0xff, 0xff, 0xff, 0xd2, 0x0,
    0x0, 0x0, 0x39, 0xdf, 0xfe, 0xb6, 0x0, 0x0,

    /* U+041F "П" */
    0xbf, 0xff, 0xff, 0xff, 0xff, 0xff, 0xf8, 0xbf,
    0xff, 0xff, 0xff, 0xff, 0xff, 0xf8, 0xbf, 0xe3,
    0x33, 0x33, 0x33, 0x4f, 0xf8, 0xbf, 0xe0, 0x0,
    0x0, 0x0, 0x1f, 0xf8, 0xbf, 0xe0, 0x0, 0x0,
    0x0, 0x1f, 0xf8, 0xbf, 0xe0, 0x0, 0x0, 0x0,
    0x1f, 0xf8, 0xbf, 0xe0, 0x0, 0x0, 0x0, 0x1f,
    0xf8, 0xbf, 0xe0, 0x0, 0x0, 0x0, 0x1f, 0xf8,
    0xbf, 0xe0, 0x0, 0x0, 0x0, 0x1f, 0xf8, 0xbf,
    0xe0, 0x0, 0x0, 0x0, 0x1f, 0xf8, 0xbf, 0xe0,
    0x0, 0x0, 0x0, 0x1f, 0xf8, 0xbf, 0xe0, 0x0,
    0x0, 0x0, 0x1f, 0xf8, 0xbf, 0xe0, 0x0, 0x0,
    0x0, 0x1f, 0xf8, 0xbf, 0xe0, 0x0, 0x0, 0x0,
    0x1f, 0xf8, 0xbf, 0xe0, 0x0, 0x0, 0x0, 0x1f,
    0xf8, 0xbf, 0xe0, 0x0, 0x0, 0x0, 0x1f, 0xf8,
    0xbf, 0xe0, 0x0, 0x0, 0x0, 0x1f, 0xf8,

    /* U+0420 "Р" */
    0xcf, 0xff, 0xff, 0xeb, 0x60, 0x0, 0xcf, 0xff,
    0xff, 0xff, 0xfd, 0x10, 0xcf, 0xd2, 0x23, 0x5c,
    0xff, 0xc0, 0xcf, 0xd0, 0x0, 0x0, 0xcf, 0xf3,
    0xcf, 0xd0, 0x0, 0x0, 0x5f, 0xf6, 0xcf, 0xd0,
    0x0, 0x0, 0x3f, 0xf6, 0xcf, 0xd0, 0x0, 0x0,
    0x5f, 0xf5, 0xcf, 0xd0, 0x0, 0x0, 0xcf, 0xf1,
    0xcf, 0xd2, 0x23, 0x6c, 0xff, 0x80, 0xcf, 0xff,
    0xff, 0xff, 0xfa, 0x0, 0xcf, 0xff, 0xfe, 0xd9,
    0x40, 0x0, 0xcf, 0xd0, 0x0, 0x0, 0x0, 0x0,
    0xcf, 0xd0, 0x0, 0x0, 0x0, 0x0, 0xcf, 0xd0,
    0x0, 0x0, 0x0, 0x0, 0xcf, 0xd0, 0x0, 0x0,
    0x0, 0x0, 0xcf, 0xd0, 0x0, 0x0, 0x0, 0x0,
    0xcf, 0xd0, 0x0, 0x0, 0x0, 0x0,

    /* U+0421 "С" */
    0x0, 0x0, 0x28, 0xce, 0xfe, 0xca, 0x50, 0x0,
    0x7, 0xff, 0xff, 0xff, 0xff, 0xf3, 0x0, 0x9f,
    0xff, 0x95, 0x34, 0x7c, 0xc0, 0x4, 0xff, 0xd2,
    0x0, 0x0, 0x0, 0x0, 0xd, 0xff, 0x20, 0x0,
    0x0, 0x0, 0x0, 0x2f, 0xfa, 0x0, 0x0, 0x0,
    0x0, 0x0, 0x6f, 0xf5, 0x0, 0x0, 0x0, 0x0,
    0x0, 0x8f, 0xf3, 0x0, 0x0, 0x0, 0x0, 0x0,
    0x9f, 0xf2, 0x0, 0x0, 0x0, 0x0, 0x0, 0x8f,
    0xf2, 0x0, 0x0, 0x0, 0x0, 0x0, 0x7f, 0xf5,
    0x0, 0x0, 0x0, 0x0, 0x0, 0x3f, 0xf9, 0x0,
    0x0, 0x0, 0x0, 0x0, 0xe, 0xff, 0x20, 0x0,
    0x0, 0x0, 0x0, 0x7, 0xff, 0xd2, 0x0, 0x0,
    0x0, 0x0, 0x0, 0xbf, 0xff, 0x95, 0x34, 0x69,
    0xe0, 0x0, 0xa, 0xff, 0xff, 0xff, 0xff, 0xf0,
    0x0, 0x0, 0x39, 0xde, 0xfe, 0xda, 0x50,

    /* U+0422 "Т" */
    0xbf, 0xff, 0xff, 0xff, 0xff, 0xff, 0xf2, 0xbf,
    0xff, 0xff, 0xff, 0xff, 0xff, 0xf2, 0x23, 0x33,
    0x3a, 0xff, 0x33, 0x33, 0x30, 0x0, 0x0, 0x8,
    0xff, 0x0, 0x0, 0x0, 0x0, 0x0, 0x8, 0xff,
    0x0, 0x0, 0x0, 0x0, 0x0, 0x8, 0xff, 0x0,
    0x0, 0x0, 0x0, 0x0, 0x8, 0xff, 0x0, 0x0,
    0x0, 0x0, 0x0, 0x8, 0xff, 0x0, 0x0, 0x0,
    0x0, 0x0, 0x8, 0xff, 0x0, 0x0, 0x0, 0x0,
    0x0, 0x8, 0xff, 0x0, 0x0, 0x0, 0x0, 0x0,
    0x8, 0xff, 0x0, 0x0, 0x0, 0x0, 0x0, 0x8,
    0xff, 0x0, 0x0, 0x0, 0x0, 0x0, 0x8, 0xff,
    0x0, 0x0, 0x0, 0x0, 0x0, 0x8, 0xff, 0x0,
    0x0, 0x0, 0x0, 0x0, 0x8, 0xff, 0x0, 0x0,
    0x0, 0x0, 0x0, 0x8, 0xff, 0x0, 0x0, 0x0,
    0x0, 0x0, 0x8, 0xff, 0x0, 0x0, 0x0,

    /* U+0423 "У" */
    0x9f, 0xf3, 0x0, 0x0, 0x0, 0x0, 0xef, 0xc1,
    0xff, 0xb0, 0x0, 0x0, 0x0, 0x5f, 0xf5, 0x9,
    0xff, 0x30, 0x0, 0x0, 0xc, 0xfd, 0x0, 0x1f,
    0xfb, 0x0, 0x0, 0x3, 0xff, 0x60, 0x0, 0x9f,
    0xf3, 0x0, 0x0, 0xaf, 0xe0, 0x0, 0x1, 0xff,
    0xa0, 0x0, 0x1f, 0xf8, 0x0, 0x0, 0x8, 0xff,
    0x20, 0x8, 0xff, 0x10, 0x0, 0x0, 0x1f, 0xfa,
    0x0, 0xef, 0x90, 0x0, 0x0, 0x0, 0x8f, 0xf2,
    0x6f, 0xf2, 0x0, 0x0, 0x0, 0x1, 0xff, 0x9c,
    0xfb, 0x0, 0x0, 0x0, 0x0, 0x8, 0xff, 0xff,
    0x40, 0x0, 0x0, 0x0, 0x0, 0x1f, 0xff, 0xc0,
    0x0, 0x0, 0x0, 0x0, 0x0, 0xaf, 0xf5, 0x0,
    0x0, 0x0, 0x0, 0x0, 0x3f, 0xfc, 0x0, 0x0,
    0x0, 0x1, 0x65, 0x8f, 0xff, 0x30, 0x0, 0x0,
    0x0, 0x2f, 0xff, 0xff, 0x60, 0x0, 0x0, 0x0,
    0x2, 0xdf, 0xeb, 0x30, 0x0, 0x0, 0x0, 0x0,

    /* U+0424 "Ф" */
    0x0, 0x0, 0x0, 0x2, 0xff, 0x50, 0x0, 0x0,
    0x0, 0x0, 0x0, 0x0, 0x3, 0xff, 0x60, 0x0,
    0x0, 0x0, 0x0, 0x2, 0x9d, 0xff, 0xff, 0xff,
    0xda, 0x40, 0x0, 0x0, 0x8f, 0xff, 0xff, 0xff,
    0xff, 0xff, 0xfb, 0x0, 0x8, 0xff, 0xc5, 0x13,
    0xff, 0x51, 0x4b, 0xff, 0xb0, 0x2f, 0xfc, 0x0,
    0x2, 0xff, 0x50, 0x0, 0x9f, 0xf5, 0x7f, 0xf3,
    0x0, 0x2, 0xff, 0x50, 0x0, 0xf, 0xfa, 0xaf,
    0xf0, 0x0, 0x2, 0xff, 0x50, 0x0, 0xb, 0xfd,
    0xbf, 0xe0, 0x0, 0x2, 0xff, 0x50, 0x0, 0xa,
    0xfe, 0xaf, 0xf0, 0x0, 0x2, 0xff, 0x50, 0x0,
    0xc, 0xfd, 0x7f, 0xf3, 0x0, 0x2, 0xff, 0x50,
    0x0, 0x1f, 0xfa, 0x1f, 0xfc, 0x0, 0x2, 0xff,
    0x50, 0x0, 0xaf, 0xf4, 0x7, 0xff, 0xd6, 0x24,
    0xff, 0x62, 0x5c, 0xff, 0xa0, 0x0, 0x7f, 0xff,
    0xff, 0xff, 0xff, 0xff, 0xf9, 0x0, 0x0, 0x1,
    0x8c, 0xef, 0xff, 0xfe, 0xc9, 0x30, 0x0, 0x0,
    0x0, 0x0, 0x2, 0xff, 0x50, 0x0, 0x0, 0x0,
    0x0, 0x0, 0x0, 0x2, 0xff, 0x50, 0x0, 0x0,
    0x0,

    /* U+0425 "Х" */
    0x3f, 0xf9, 0x0, 0x0, 0x0, 0xd, 0xfd, 0x0,
    0x9f, 0xf4, 0x0, 0x0, 0x8, 0xff, 0x30, 0x0,
    0xdf, 0xd0, 0x0, 0x2, 0xff, 0x90, 0x0, 0x4,
    0xff, 0x70, 0x0, 0xcf, 0xd0, 0x0, 0x0, 0x9,
    0xff, 0x20, 0x6f, 0xf4, 0x0, 0x0, 0x0, 0x1e,
    0xfb, 0x1e, 0xf9, 0x0, 0x0, 0x0, 0x0, 0x4f,
    0xfd, 0xfe, 0x10, 0x0, 0x0, 0x0, 0x0, 0xaf,
    0xff, 0x50, 0x0, 0x0, 0x0, 0x0, 0x7, 0xff,
    0xf1, 0x0, 0x0, 0x0, 0x0, 0x1, 0xff, 0xff,
    0xb0, 0x0, 0x0, 0x0, 0x0, 0xbf, 0xd6, 0xff,
    0x50, 0x0, 0x0, 0x0, 0x5f, 0xf4, 0xb, 0xfe,
    0x10, 0x0, 0x0, 0x1e, 0xfa, 0x0, 0x2f, 0xfa,
    0x0, 0x0, 0xa, 0xfe, 0x10, 0x0, 0x8f, 0xf4,
    0x0, 0x4, 0xff, 0x60, 0x0, 0x0, 0xdf, 0xe0,
    0x0, 0xef, 0xc0, 0x0, 0x0, 0x4, 0xff, 0x90,
    0x9f, 0xf2, 0x0, 0x0, 0x0, 0xa, 0xff, 0x40,

    /* U+0426 "Ц" */
    0xbf, 0xe0, 0x0, 0x0, 0x0, 0x1f, 0xf7, 0x0,
    0xbf, 0xe0, 0x0, 0x0, 0x0, 0x1f, 0xf7, 0x0,
    0xbf, 0xe0, 0x0, 0x0, 0x0, 0x1f, 0xf7, 0x0,
    0xbf, 0xe0, 0x0, 0x0, 0x0, 0x1f, 0xf7, 0x0,
    0xbf, 0xe0, 0x0, 0x0, 0x0, 0x1f, 0xf7, 0x0,
    0xbf, 0xe0, 0x0, 0x0, 0x0, 0x1f, 0xf7, 0x0,
    0xbf, 0xe0, 0x0, 0x0, 0x0, 0x1f, 0xf7, 0x0,
    0xbf, 0xe0, 0x0, 0x0, 0x0, 0x1f, 0xf7, 0x0,
    0xbf, 0xe0, 0x0, 0x0, 0x0, 0x1f, 0xf7, 0x0,
    0xbf, 0xe0, 0x0, 0x0, 0x0, 0x1f, 0xf7, 0x0,
    0xbf, 0xe0, 0x0, 0x0, 0x0, 0x1f, 0xf7, 0x0,
    0xbf, 0xe0, 0x0, 0x0, 0x0, 0x1f, 0xf7, 0x0,
    0xbf, 0xe0, 0x0, 0x0, 0x0, 0x1f, 0xf7, 0x0,
    0xbf, 0xe0, 0x0, 0x0, 0x0, 0x1f, 0xf7, 0x0,
    0xbf, 0xe3, 0x33, 0x33, 0x33, 0x4f, 0xf9, 0x32,
    0xbf, 0xff, 0xff, 0xff, 0xff, 0xff, 0xff, 0xfc,
    0xbf, 0xff, 0xff, 0xff, 0xff, 0xff, 0xff, 0xfc,
    0x0, 0x0, 0x0, 0x0, 0x0, 0x0, 0xb, 0xfc,
    0x0, 0x0, 0x0, 0x0, 0x0, 0x0, 0xb, 0xfc,
    0x0, 0x0, 0x0, 0x0, 0x0, 0x0, 0xb, 0xfc,
    0x0, 0x0, 0x0, 0x0, 0x0, 0x0, 0x7, 0xa8,

    /* U+0427 "Ч" */
    0x3f, 0xf5, 0x0, 0x0, 0x0, 0x6f, 0xf3, 0x3f,
    0xf5, 0x0, 0x0, 0x0, 0x6f, 0xf3, 0x3f, 0xf5,
    0x0, 0x0, 0x0, 0x6f, 0xf3, 0x3f, 0xf5, 0x0,
    0x0, 0x0, 0x6f, 0xf3, 0x3f, 0xf5, 0x0, 0x0,
    0x0, 0x6f, 0xf3, 0x3f, 0xf5, 0x0, 0x0, 0x0,
    0x6f, 0xf3, 0x2f, 0xf7, 0x0, 0x0, 0x0, 0x6f,
    0xf3, 0xf, 0xfc, 0x0, 0x0, 0x0, 0x6f, 0xf3,
    0xa, 0xff, 0xb4, 0x23, 0x59, 0xef, 0xf3, 0x1,
    0xdf, 0xff, 0xff, 0xff, 0xff, 0xf3, 0x0, 0x18,
    0xcf, 0xfe, 0xc8, 0x9f, 0xf3, 0x0, 0x0, 0x0,
    0x0, 0x0, 0x6f, 0xf3, 0x0, 0x0, 0x0, 0x0,
    0x0, 0x6f, 0xf3, 0x0, 0x0, 0x0, 0x0, 0x0,
    0x6f, 0xf3, 0x0, 0x0, 0x0, 0x0, 0x0, 0x6f,
    0xf3, 0x0, 0x0, 0x0, 0x0, 0x0, 0x6f, 0xf3,
    0x0, 0x0, 0x0, 0x0, 0x0, 0x6f, 0xf3,

    /* U+0428 "Ш" */
    0xcf, 0xd0, 0x0, 0x0, 0xc, 0xfd, 0x0, 0x0,
    0x0, 0xcf, 0xdc, 0xfd, 0x0, 0x0, 0x0, 0xcf,
    0xd0, 0x0, 0x0, 0xc, 0xfd, 0xcf, 0xd0, 0x0,
    0x0, 0xc, 0xfd, 0x0, 0x0, 0x0, 0xcf, 0xdc,
    0xfd, 0x0, 0x0, 0x0, 0xcf, 0xd0, 0x0, 0x0,
    0xc, 0xfd, 0xcf, 0xd0, 0x0, 0x0, 0xc, 0xfd,
    0x0, 0x0, 0x0, 0xcf, 0xdc, 0xfd, 0x0, 0x0,
    0x0, 0xcf, 0xd0, 0x0, 0x0, 0xc, 0xfd, 0xcf,
    0xd0, 0x0, 0x0, 0xc, 0xfd, 0x0, 0x0, 0x0,
    0xcf, 0xdc, 0xfd, 0x0, 0x0, 0x0, 0xcf, 0xd0,
    0x0, 0x0, 0xc, 0xfd, 0xcf, 0xd0, 0x0, 0x0,
    0xc, 0xfd, 0x0, 0x0, 0x0, 0xcf, 0xdc, 0xfd,
    0x0, 0x0, 0x0, 0xcf, 0xd0, 0x0, 0x0, 0xc,
    0xfd, 0xcf, 0xd0, 0x0, 0x0, 0xc, 0xfd, 0x0,
    0x0, 0x0, 0xcf, 0xdc, 0xfd, 0x0, 0x0, 0x0,
    0xcf, 0xd0, 0x0, 0x0, 0xc, 0xfd, 0xcf, 0xd0,
    0x0, 0x0, 0xc, 0xfd, 0x0, 0x0, 0x0, 0xcf,
    0xdc, 0xfd, 0x0, 0x0, 0x0, 0xcf, 0xd0, 0x0,
    0x0, 0xc, 0xfd, 0xcf, 0xe3, 0x33, 0x33, 0x3d,
    0xfd, 0x33, 0x33, 0x33, 0xdf, 0xdc, 0xff, 0xff,
    0xff, 0xff, 0xff, 0xff, 0xff, 0xff, 0xff, 0xfd,
    0xcf, 0xff, 0xff, 0xff, 0xff, 0xff, 0xff, 0xff,
    0xff, 0xff, 0xd0,

    /* U+0429 "Щ" */
    0xcf, 0xd0, 0x0, 0x0, 0xf, 0xfa, 0x0, 0x0,
    0x2, 0xff, 0x70, 0xc, 0xfd, 0x0, 0x0, 0x0,
    0xff, 0xa0, 0x0, 0x0, 0x2f, 0xf7, 0x0, 0xcf,
    0xd0, 0x0, 0x0, 0xf, 0xfa, 0x0, 0x0, 0x2,
    0xff, 0x70, 0xc, 0xfd, 0x0, 0x0, 0x0, 0xff,
    0xa0, 0x0, 0x0, 0x2f, 0xf7, 0x0, 0xcf, 0xd0,
    0x0, 0x0, 0xf, 0xfa, 0x0, 0x0, 0x2, 0xff,
    0x70, 0xc, 0xfd, 0x0, 0x0, 0x0, 0xff, 0xa0,
    0x0, 0x0, 0x2f, 0xf7, 0x0, 0xcf, 0xd0, 0x0,
    0x0, 0xf, 0xfa, 0x0, 0x0, 0x2, 0xff, 0x70,
    0xc, 0xfd, 0x0, 0x0, 0x0, 0xff, 0xa0, 0x0,
    0x0, 0x2f, 0xf7, 0x0, 0xcf, 0xd0, 0x0, 0x0,
    0xf, 0xfa, 0x0, 0x0, 0x2, 0xff, 0x70, 0xc,
    0xfd, 0x0, 0x0, 0x0, 0xff, 0xa0, 0x0, 0x0,
    0x2f, 0xf7, 0x0, 0xcf, 0xd0, 0x0, 0x0, 0xf,
    0xfa, 0x0, 0x0, 0x2, 0xff, 0x70, 0xc, 0xfd,
    0x0, 0x0, 0x0, 0xff, 0xa0, 0x0, 0x0, 0x2f,
    0xf7, 0x0, 0xcf, 0xd0, 0x0, 0x0, 0xf, 0xfa,
    0x0, 0x0, 0x2, 0xff, 0x70, 0xc, 0xfd, 0x0,
    0x0, 0x0, 0xff, 0xa0, 0x0, 0x0, 0x2f, 0xf7,
    0x0, 0xcf, 0xe3, 0x33, 0x33, 0x3f, 0xfb, 0x33,
    0x33, 0x35, 0xff, 0x83, 0x2c, 0xff, 0xff, 0xff,
    0xff, 0xff, 0xff, 0xff, 0xff, 0xff, 0xff, 0xfc,
    0xcf, 0xff, 0xff, 0xff, 0xff, 0xff, 0xff, 0xff,
    0xff, 0xff, 0xff, 0xc0, 0x0, 0x0, 0x0, 0x0,
    0x0, 0x0, 0x0, 0x0, 0x0, 0xc, 0xfc, 0x0,
    0x0, 0x0, 0x0, 0x0, 0x0, 0x0, 0x0, 0x0,
    0x0, 0xcf, 0xc0, 0x0, 0x0, 0x0, 0x0, 0x0,
    0x0, 0x0, 0x0, 0x0, 0xc, 0xfc, 0x0, 0x0,
    0x0, 0x0, 0x0, 0x0, 0x0, 0x0, 0x0, 0x0,
    0x9c, 0x90,

    /* U+042A "Ъ" */
    0xbf, 0xff, 0xff, 0xf0, 0x0, 0x0, 0x0, 0x0,
    0xbf, 0xff, 0xff, 0xf0, 0x0, 0x0, 0x0, 0x0,
    0x23, 0x33, 0xbf, 0xf0, 0x0, 0x0, 0x0, 0x0,
    0x0, 0x0, 0x9f, 0xf0, 0x0, 0x0, 0x0, 0x0,
    0x0, 0x0, 0x9f, 0xf0, 0x0, 0x0, 0x0, 0x0,
    0x0, 0x0, 0x9f, 0xf0, 0x0, 0x0, 0x0, 0x0,
    0x0, 0x0, 0x9f, 0xf2, 0x22, 0x10, 0x0, 0x0,
    0x0, 0x0, 0x9f, 0xff, 0xff, 0xff, 0xb4, 0x0,
    0x0, 0x0, 0x9f, 0xff, 0xff, 0xff, 0xff, 0x80,
    0x0, 0x0, 0x9f, 0xf0, 0x0, 0x16, 0xef, 0xf3,
    0x0, 0x0, 0x9f, 0xf0, 0x0, 0x0, 0x4f, 0xf9,
    0x0, 0x0, 0x9f, 0xf0, 0x0, 0x0, 0xf, 0xfb,
    0x0, 0x0, 0x9f, 0xf0, 0x0, 0x0, 0xf, 0xfb,
    0x0, 0x0, 0x9f, 0xf0, 0x0, 0x0, 0x6f, 0xf8,
    0x0, 0x0, 0x9f, 0xf2, 0x23, 0x49, 0xff, 0xf1,
    0x0, 0x0, 0x9f, 0xff, 0xff, 0xff, 0xff, 0x40,
    0x0, 0x0, 0x9f, 0xff, 0xff, 0xec, 0x81, 0x0,

    /* U+042B "Ы" */
    0xbf, 0xd0, 0x0, 0x0, 0x0, 0x0, 0x0, 0xff,
    0x9b, 0xfd, 0x0, 0x0, 0x0, 0x0, 0x0, 0xf,
    0xf9, 0xbf, 0xd0, 0x0, 0x0, 0x0, 0x0, 0x0,
    0xff, 0x9b, 0xfd, 0x0, 0x0, 0x0, 0x0, 0x0,
    0xf, 0xf9, 0xbf, 0xd0, 0x0, 0x0, 0x0, 0x0,
    0x0, 0xff, 0x9b, 0xfd, 0x0, 0x0, 0x0, 0x0,
    0x0, 0xf, 0xf9, 0xbf, 0xd2, 0x22, 0x10, 0x0,
    0x0, 0x0, 0xff, 0x9b, 0xff, 0xff, 0xff, 0xea,
    0x30, 0x0, 0xf, 0xf9, 0xbf, 0xff, 0xff, 0xff,
    0xff, 0x50, 0x0, 0xff, 0x9b, 0xfe, 0x0, 0x2,
    0x7f, 0xff, 0x10, 0xf, 0xf9, 0xbf, 0xe0, 0x0,
    0x0, 0x6f, 0xf6, 0x0, 0xff, 0x9b, 0xfe, 0x0,
    0x0, 0x2, 0xff, 0x90, 0xf, 0xf9, 0xbf, 0xe0,
    0x0, 0x0, 0x2f, 0xf8, 0x0, 0xff, 0x9b, 0xfe,
    0x0, 0x0, 0x8, 0xff, 0x50, 0xf, 0xf9, 0xbf,
    0xe2, 0x22, 0x4a, 0xff, 0xe0, 0x0, 0xff, 0x9b,
    0xff, 0xff, 0xff, 0xff, 0xe3, 0x0, 0xf, 0xf9,
    0xbf, 0xff, 0xff, 0xec, 0x71, 0x0, 0x0, 0xff,
    0x90,

    /* U+042C "Ь" */
    0xbf, 0xe0, 0x0, 0x0, 0x0, 0x0, 0xbf, 0xe0,
    0x0, 0x0, 0x0, 0x0, 0xbf, 0xe0, 0x0, 0x0,
    0x0, 0x0, 0xbf, 0xe0, 0x0, 0x0, 0x0, 0x0,
    0xbf, 0xe0, 0x0, 0x0, 0x0, 0x0, 0xbf, 0xe0,
    0x0, 0x0, 0x0, 0x0, 0xbf, 0xe2, 0x22, 0x10,
    0x0, 0x0, 0xbf, 0xff, 0xff, 0xfe, 0xa3, 0x0,
    0xbf, 0xff, 0xff, 0xff, 0xff, 0x60, 0xbf, 0xe0,
    0x0, 0x26, 0xff, 0xf2, 0xbf, 0xe0, 0x0, 0x0,
    0x6f, 0xf7, 0xbf, 0xe0, 0x0, 0x0, 0x1f, 0xf9,
    0xbf, 0xe0, 0x0, 0x0, 0x2f, 0xf9, 0xbf, 0xe0,
    0x0, 0x0, 0x7f, 0xf6, 0xbf, 0xe2, 0x22, 0x49,
    0xff, 0xe1, 0xbf, 0xff, 0xff, 0xff, 0xfe, 0x30,
    0xbf, 0xff, 0xff, 0xec, 0x71, 0x0,

    /* U+042D "Э" */
    0x16, 0xbe, 0xff, 0xeb, 0x60, 0x0, 0x0, 0xcf,
    0xff, 0xff, 0xff, 0xfe, 0x30, 0x0, 0x5e, 0x96,
    0x43, 0x5a, 0xff, 0xf4, 0x0, 0x0, 0x0, 0x0,
    0x0, 0x4f, 0xfe, 0x0, 0x0, 0x0, 0x0, 0x0,
    0x5, 0xff, 0x70, 0x0, 0x0, 0x0, 0x0, 0x0,
    0xef, 0xc0, 0x0, 0x0, 0x0, 0x0, 0x0, 0xaf,
    0xf0, 0x0, 0xaf, 0xff, 0xff, 0xff, 0xff, 0xf1,
    0x0, 0xaf, 0xff, 0xff, 0xff, 0xff, 0xf2, 0x0,
    0x13, 0x33, 0x33, 0x33, 0xaf, 0xf1, 0x0, 0x0,
    0x0, 0x0, 0x0, 0xbf, 0xf0, 0x0, 0x0, 0x0,
    0x0, 0x0, 0xff, 0xb0, 0x0, 0x0, 0x0, 0x0,
    0x7, 0xff, 0x60, 0x0, 0x0, 0x0, 0x0, 0x5f,
    0xfd, 0x0, 0xbb, 0x64, 0x34, 0x6c, 0xff, 0xf3,
    0x0, 0xcf, 0xff, 0xff, 0xff, 0xfd, 0x30, 0x0,
    0x38, 0xce, 0xff, 0xeb, 0x60, 0x0, 0x0,

    /* U+042E "Ю" */
    0xbf, 0xe0, 0x0, 0x0, 0x3, 0x9d, 0xff, 0xea,
    0x50, 0x0, 0xb, 0xfe, 0x0, 0x0, 0x9, 0xff,
    0xff, 0xff, 0xff, 0xc1, 0x0, 0xbf, 0xe0, 0x0,
    0xa, 0xff, 0xe7, 0x43, 0x6c, 0xff, 0xd0, 0xb,
    0xfe, 0x0, 0x4, 0xff, 0xc0, 0x0, 0x0, 0x8,
    0xff, 0x90, 0xbf, 0xe0, 0x0, 0xbf, 0xf2, 0x0,
    0x0, 0x0, 0xd, 0xff, 0x1b, 0xfe, 0x0, 0xf,
    0xfb, 0x0, 0x0, 0x0, 0x0, 0x6f, 0xf5, 0xbf,
    0xe3, 0x35, 0xff, 0x70, 0x0, 0x0, 0x0, 0x3,
    0xff, 0x8b, 0xff, 0xff, 0xff, 0xf5, 0x0, 0x0,
    0x0, 0x0, 0x1f, 0xf9, 0xbf, 0xff, 0xff, 0xff,
    0x40, 0x0, 0x0, 0x0, 0x0, 0xff, 0xab, 0xfe,
    0x0, 0x4f, 0xf5, 0x0, 0x0, 0x0, 0x0, 0x1f,
    0xf9, 0xbf, 0xe0, 0x2, 0xff, 0x70, 0x0, 0x0,
    0x0, 0x3, 0xff, 0x8b, 0xfe, 0x0, 0xe, 0xfb,
    0x0, 0x0, 0x0, 0x0, 0x6f, 0xf5, 0xbf, 0xe0,
    0x0, 0x9f, 0xf1, 0x0, 0x0, 0x0, 0xd, 0xff,
    0x1b, 0xfe, 0x0, 0x2, 0xff, 0xc0, 0x0, 0x0,
    0x8, 0xff, 0x90, 0xbf, 0xe0, 0x0, 0x7, 0xff,
    0xd6, 0x33, 0x5c, 0xff, 0xd0, 0xb, 0xfe, 0x0,
    0x0, 0x7, 0xff, 0xff, 0xff, 0xff, 0xc1, 0x0,
    0xbf, 0xe0, 0x0, 0x0, 0x2, 0x9d, 0xff, 0xea,
    0x50, 0x0, 0x0,

    /* U+042F "Я" */
    0x0, 0x0, 0x5a, 0xdf, 0xff, 0xff, 0xf5, 0x0,
    0x1c, 0xff, 0xff, 0xff, 0xff, 0xf5, 0x0, 0xaf,
    0xfc, 0x53, 0x22, 0x5f, 0xf5, 0x1, 0xff, 0xd0,
    0x0, 0x0, 0x4f, 0xf5, 0x3, 0xff, 0x80, 0x0,
    0x0, 0x4f, 0xf5, 0x2, 0xff, 0x80, 0x0, 0x0,
    0x4f, 0xf5, 0x0, 0xff, 0xd0, 0x0, 0x0, 0x4f,
    0xf5, 0x0, 0x8f, 0xfc, 0x41, 0x0, 0x4f, 0xf5,
    0x0, 0x9, 0xff, 0xff, 0xff, 0xff, 0xf5, 0x0,
    0x0, 0x3d, 0xff, 0xff, 0xff, 0xf5, 0x0, 0x0,
    0x3f, 0xfb, 0x22, 0x5f, 0xf5, 0x0, 0x0, 0xcf,
    0xf1, 0x0, 0x4f, 0xf5, 0x0, 0x7, 0xff, 0x60,
    0x0, 0x4f, 0xf5, 0x0, 0x2f, 0xfc, 0x0, 0x0,
    0x4f, 0xf5, 0x0, 0xbf, 0xf2, 0x0, 0x0, 0x4f,
    0xf5, 0x6, 0xff, 0x80, 0x0, 0x0, 0x4f, 0xf5,
    0x1f, 0xfd, 0x0, 0x0, 0x0, 0x4f, 0xf5,

    /* U+0430 "а" */
    0x3, 0x8c, 0xef, 0xfc, 0x70, 0x0, 0xdf, 0xff,
    0xff, 0xff, 0xc0, 0x5, 0x94, 0x10, 0x19, 0xff,
    0x60, 0x0, 0x0, 0x0, 0xe, 0xfa, 0x0, 0x0,
    0x0, 0x0, 0xcf, 0xc0, 0x6, 0xbe, 0xff, 0xff,
    0xfc, 0x1d, 0xff, 0xda, 0xaa, 0xef, 0xca, 0xff,
    0x60, 0x0, 0xc, 0xfc, 0xef, 0xc0, 0x0, 0x0,
    0xef, 0xcf, 0xfb, 0x0, 0x0, 0x4f, 0xfc, 0xcf,
    0xf5, 0x1, 0x5e, 0xff, 0xc4, 0xff, 0xff, 0xff,
    0xc7, 0xfc, 0x4, 0xcf, 0xfd, 0x70, 0x2f, 0xc0,

    /* U+0431 "б" */
    0x0, 0x0, 0x0, 0x25, 0x7a, 0xc3, 0x0, 0x0,
    0x7, 0xef, 0xff, 0xff, 0x50, 0x0, 0x2d, 0xff,
    0xfe, 0xca, 0x82, 0x0, 0x1e, 0xfe, 0x72, 0x0,
    0x0, 0x0, 0x9, 0xfe, 0x10, 0x0, 0x0, 0x0,
    0x0, 0xff, 0x50, 0x0, 0x0, 0x0, 0x0, 0x5f,
    0xf0, 0x6c, 0xff, 0xc7, 0x0, 0x8, 0xfc, 0xbf,
    0xff, 0xff, 0xfb, 0x0, 0xaf, 0xff, 0x71, 0x2,
    0xbf, 0xf8, 0xb, 0xff, 0x80, 0x0, 0x0, 0xdf,
    0xf0, 0xcf, 0xf2, 0x0, 0x0, 0x7, 0xff, 0x3b,
    0xff, 0x0, 0x0, 0x0, 0x4f, 0xf5, 0xbf, 0xf0,
    0x0, 0x0, 0x4, 0xff, 0x58, 0xff, 0x0, 0x0,
    0x0, 0x5f, 0xf4, 0x5f, 0xf3, 0x0, 0x0, 0x8,
    0xff, 0x10, 0xff, 0xa0, 0x0, 0x1, 0xef, 0xc0,
    0x7, 0xff, 0x92, 0x3, 0xcf, 0xf3, 0x0, 0xa,
    0xff, 0xff, 0xff, 0xf6, 0x0, 0x0, 0x5, 0xbe,
    0xfd, 0x92, 0x0, 0x0,

    /* U+0432 "в" */
    0xf, 0xff, 0xff, 0xfe, 0xc7, 0x0, 0xf, 0xff,
    0xee, 0xff, 0xff, 0xc0, 0xf, 0xf8, 0x0, 0x1,
    0xbf, 0xf3, 0xf, 0xf8, 0x0, 0x0, 0x4f, 0xf4,
    0xf, 0xf8, 0x0, 0x1, 0xbf, 0xe1, 0xf, 0xff,
    0xee, 0xef, 0xfb, 0x20, 0xf, 0xff, 0xff, 0xff,
    0xfb, 0x40, 0xf, 0xf8, 0x0, 0x3, 0xbf, 0xf3,
    0xf, 0xf8, 0x0, 0x0, 0xf, 0xf9, 0xf, 0xf8,
    0x0, 0x0, 0xf, 0xfa, 0xf, 0xf8, 0x0, 0x1,
    0x9f, 0xf7, 0xf, 0xff, 0xff, 0xff, 0xff, 0xc0,
    0xf, 0xff, 0xff, 0xfe, 0xc6, 0x0,

    /* U+0433 "г" */
    0xff, 0xff, 0xff, 0xff, 0x4f, 0xff, 0xff, 0xff,
    0xf4, 0xff, 0x91, 0x11, 0x11, 0xf, 0xf9, 0x0,
    0x0, 0x0, 0xff, 0x90, 0x0, 0x0, 0xf, 0xf9,
    0x0, 0x0, 0x0, 0xff, 0x90, 0x0, 0x0, 0xf,
    0xf9, 0x0, 0x0, 0x0, 0xff, 0x90, 0x0, 0x0,
    0xf, 0xf9, 0x0, 0x0, 0x0, 0xff, 0x90, 0x0,
    0x0, 0xf, 0xf9, 0x0, 0x0, 0x0, 0xff, 0x90,
    0x0, 0x0, 0x0,

    /* U+0434 "д" */
    0x0, 0x7, 0xff, 0xff, 0xff, 0xff, 0xa0, 0x0,
    0x0, 0x8f, 0xff, 0xff, 0xff, 0xfa, 0x0, 0x0,
    0x8, 0xfc, 0x0, 0x0, 0xef, 0xa0, 0x0, 0x0,
    0x9f, 0xb0, 0x0, 0xe, 0xfa, 0x0, 0x0, 0xa,
    0xfa, 0x0, 0x0, 0xef, 0xa0, 0x0, 0x0, 0xbf,
    0x80, 0x0, 0xe, 0xfa, 0x0, 0x0, 0xd, 0xf7,
    0x0, 0x0, 0xef, 0xa0, 0x0, 0x0, 0xff, 0x50,
    0x0, 0xe, 0xfa, 0x0, 0x0, 0x2f, 0xf2, 0x0,
    0x0, 0xef, 0xa0, 0x0, 0x8, 0xfe, 0x0, 0x0,
    0xe, 0xfa, 0x0, 0x2, 0xff, 0x70, 0x0, 0x0,
    0xef, 0xa0, 0xc, 0xff, 0xff, 0xff, 0xff, 0xff,
    0xff, 0xf8, 0xcf, 0xff, 0xff, 0xff, 0xff, 0xff,
    0xff, 0x8c, 0xf9, 0x0, 0x0, 0x0, 0x0, 0xe,
    0xf8, 0xcf, 0x90, 0x0, 0x0, 0x0, 0x0, 0xef,
    0x8c, 0xf9, 0x0, 0x0, 0x0, 0x0, 0xe, 0xf8,
    0x35, 0x30, 0x0, 0x0, 0x0, 0x0, 0x45, 0x20,

    /* U+0435 "е" */
    0x0, 0x7, 0xcf, 0xfd, 0x70, 0x0, 0x2, 0xdf,
    0xff, 0xff, 0xfd, 0x10, 0xc, 0xfe, 0x40, 0x5,
    0xff, 0xa0, 0x5f, 0xf4, 0x0, 0x0, 0x8f, 0xf1,
    0xaf, 0xf0, 0x0, 0x0, 0x3f, 0xf5, 0xcf, 0xfe,
    0xee, 0xee, 0xef, 0xf6, 0xdf, 0xff, 0xff, 0xff,
    0xff, 0xf7, 0xcf, 0xd0, 0x0, 0x0, 0x0, 0x0,
    0xaf, 0xf0, 0x0, 0x0, 0x0, 0x0, 0x5f, 0xf8,
    0x0, 0x0, 0x0, 0x0, 0xc, 0xff, 0xa3, 0x12,
    0x48, 0xa0, 0x1, 0xcf, 0xff, 0xff, 0xff, 0xd0,
    0x0, 0x6, 0xbe, 0xff, 0xd8, 0x30,

    /* U+0436 "ж" */
    0x2f, 0xf8, 0x0, 0x0, 0xcf, 0xb0, 0x0, 0x8,
    0xff, 0x20, 0x6f, 0xf3, 0x0, 0xc, 0xfb, 0x0,
    0x4, 0xff, 0x50, 0x0, 0xbf, 0xe0, 0x0, 0xcf,
    0xb0, 0x1, 0xef, 0xa0, 0x0, 0x1, 0xef, 0xa0,
    0xc, 0xfb, 0x0, 0xaf, 0xe0, 0x0, 0x0, 0x4,
    0xff, 0x50, 0xcf, 0xb0, 0x5f, 0xf3, 0x0, 0x0,
    0x0, 0x9, 0xff, 0xff, 0xff, 0xff, 0xf8, 0x0,
    0x0, 0x0, 0x0, 0xbf, 0xff, 0xff, 0xff, 0xff,
    0xa0, 0x0, 0x0, 0x0, 0x5f, 0xf6, 0xc, 0xfb,
    0x7, 0xff, 0x40, 0x0, 0x0, 0x1e, 0xfc, 0x0,
    0xcf, 0xb0, 0xd, 0xfe, 0x0, 0x0, 0x9, 0xff,
    0x30, 0xc, 0xfb, 0x0, 0x3f, 0xf9, 0x0, 0x3,
    0xff, 0x90, 0x0, 0xcf, 0xb0, 0x0, 0x9f, 0xf3,
    0x0, 0xdf, 0xe0, 0x0, 0xc, 0xfb, 0x0, 0x1,
    0xef, 0xd0, 0x8f, 0xf5, 0x0, 0x0, 0xcf, 0xb0,
    0x0, 0x6, 0xff, 0x70,

    /* U+0437 "з" */
    0x4, 0x9c, 0xef, 0xec, 0x70, 0x0, 0xdf, 0xff,
    0xff, 0xff, 0xc0, 0x5, 0x73, 0x10, 0x2a, 0xff,
    0x50, 0x0, 0x0, 0x0, 0x2f, 0xf6, 0x0, 0x0,
    0x0, 0x1a, 0xff, 0x10, 0x3, 0xee, 0xff, 0xfa,
    0x20, 0x0, 0x3f, 0xff, 0xff, 0xc4, 0x0, 0x0,
    0x0, 0x2, 0xaf, 0xf4, 0x0, 0x0, 0x0, 0x0,
    0xef, 0xb0, 0x0, 0x0, 0x0, 0xe, 0xfc, 0x2a,
    0x52, 0x10, 0x3a, 0xff, 0x82, 0xff, 0xff, 0xff,
    0xff, 0xd1, 0x7, 0xbd, 0xff, 0xec, 0x60, 0x0,

    /* U+0438 "и" */
    0xff, 0x80, 0x0, 0x1, 0xff, 0xf4, 0xff, 0x80,
    0x0, 0xa, 0xff, 0xf4, 0xff, 0x80, 0x0, 0x3f,
    0xff, 0xf4, 0xff, 0x80, 0x0, 0xcf, 0xaf, 0xf4,
    0xff, 0x80, 0x5, 0xfe, 0x3f, 0xf4, 0xff, 0x80,
    0xe, 0xf6, 0x3f, 0xf4, 0xff, 0x80, 0x7f, 0xc0,
    0x3f, 0xf4, 0xff, 0x71, 0xff, 0x30, 0x3f, 0xf4,
    0xff, 0x7a, 0xfa, 0x0, 0x3f, 0xf4, 0xff, 0x9f,
    0xf1, 0x0, 0x3f, 0xf4, 0xff, 0xff, 0x80, 0x0,
    0x3f, 0xf4, 0xff, 0xfe, 0x0, 0x0, 0x3f, 0xf4,
    0xff, 0xf5, 0x0, 0x0, 0x3f, 0xf4,

    /* U+0439 "й" */
    0x2, 0x87, 0x0, 0x5, 0x84, 0x0, 0x0, 0xff,
    0x70, 0x3f, 0xf5, 0x0, 0x0, 0x6f, 0xff, 0xff,
    0xa0, 0x0, 0x0, 0x2, 0x78, 0x73, 0x0, 0x0,
    0x0, 0x0, 0x0, 0x0, 0x0, 0x0, 0xff, 0x80,
    0x0, 0x1, 0xff, 0xf4, 0xff, 0x80, 0x0, 0xa,
    0xff, 0xf4, 0xff, 0x80, 0x0, 0x3f, 0xff, 0xf4,
    0xff, 0x80, 0x0, 0xcf, 0xaf, 0xf4, 0xff, 0x80,
    0x5, 0xfe, 0x3f, 0xf4, 0xff, 0x80, 0xe, 0xf6,
    0x3f, 0xf4, 0xff, 0x80, 0x7f, 0xc0, 0x3f, 0xf4,
    0xff, 0x71, 0xff, 0x30, 0x3f, 0xf4, 0xff, 0x7a,
    0xfa, 0x0, 0x3f, 0xf4, 0xff, 0x9f, 0xf1, 0x0,
    0x3f, 0xf4, 0xff, 0xff, 0x80, 0x0, 0x3f, 0xf4,
    0xff, 0xfe, 0x0, 0x0, 0x3f, 0xf4, 0xff, 0xf5,
    0x0, 0x0, 0x3f, 0xf4,

    /* U+043A "к" */
    0xff, 0x90, 0x0, 0x3, 0xff, 0x70, 0xff, 0x90,
    0x0, 0xd, 0xfb, 0x0, 0xff, 0x90, 0x0, 0xaf,
    0xe1, 0x0, 0xff, 0x90, 0x6, 0xff, 0x40, 0x0,
    0xff, 0x90, 0x2f, 0xf8, 0x0, 0x0, 0xff, 0xff,
    0xff, 0xc0, 0x0, 0x0, 0xff, 0xff, 0xff, 0xe0,
    0x0, 0x0, 0xff, 0x90, 0x3f, 0xf9, 0x0, 0x0,
    0xff, 0x90, 0x9, 0xff, 0x30, 0x0, 0xff, 0x90,
    0x0, 0xef, 0xd0, 0x0, 0xff, 0x90, 0x0, 0x5f,
    0xf8, 0x0, 0xff, 0x90, 0x0, 0xa, 0xff, 0x30,
    0xff, 0x90, 0x0, 0x1, 0xff, 0xd0,

    /* U+043B "л" */
    0x0, 0xc, 0xff, 0xff, 0xff, 0xff, 0x60, 0x0,
    0xdf, 0xff, 0xff, 0xff, 0xf6, 0x0, 0xe, 0xf7,
    0x11, 0x13, 0xff, 0x60, 0x0, 0xff, 0x50, 0x0,
    0x2f, 0xf6, 0x0, 0xf, 0xf4, 0x0, 0x2, 0xff,
    0x60, 0x1, 0xff, 0x30, 0x0, 0x2f, 0xf6, 0x0,
    0x2f, 0xf2, 0x0, 0x2, 0xff, 0x60, 0x3, 0xff,
    0x10, 0x0, 0x2f, 0xf6, 0x0, 0x5f, 0xf0, 0x0,
    0x2, 0xff, 0x60, 0x8, 0xfd, 0x0, 0x0, 0x2f,
    0xf6, 0x35, 0xef, 0xa0, 0x0, 0x2, 0xff, 0x6f,
    0xff, 0xf3, 0x0, 0x0, 0x2f, 0xf6, 0xdf, 0xd6,
    0x0, 0x0, 0x2, 0xff, 0x60,

    /* U+043C "м" */
    0xff, 0xfb, 0x0, 0x0, 0x0, 0xb, 0xff, 0xef,
    0xff, 0xf1, 0x0, 0x0, 0x2, 0xff, 0xfe, 0xff,
    0xff, 0x80, 0x0, 0x0, 0x8f, 0xff, 0xef, 0xfa,
    0xfe, 0x0, 0x0, 0xe, 0xfa, 0xfe, 0xff, 0x6e,
    0xf4, 0x0, 0x5, 0xfd, 0x7f, 0xef, 0xf5, 0x8f,
    0xa0, 0x0, 0xbf, 0x77, 0xfe, 0xff, 0x62, 0xff,
    0x10, 0x2f, 0xf1, 0x7f, 0xef, 0xf6, 0xc, 0xf7,
    0x8, 0xfa, 0x7, 0xfe, 0xff, 0x60, 0x5f, 0xd0,
    0xef, 0x30, 0x7f, 0xef, 0xf6, 0x0, 0xef, 0xaf,
    0xd0, 0x7, 0xfe, 0xff, 0x60, 0x9, 0xff, 0xf6,
    0x0, 0x7f, 0xef, 0xf6, 0x0, 0x2f, 0xff, 0x10,
    0x7, 0xfe, 0xff, 0x60, 0x0, 0xcf, 0x90, 0x0,
    0x7f, 0xe0,

    /* U+043D "н" */
    0xff, 0x90, 0x0, 0x0, 0x8f, 0xf0, 0xff, 0x90,
    0x0, 0x0, 0x8f, 0xf0, 0xff, 0x90, 0x0, 0x0,
    0x8f, 0xf0, 0xff, 0x90, 0x0, 0x0, 0x8f, 0xf0,
    0xff, 0x90, 0x0, 0x0, 0x8f, 0xf0, 0xff, 0xff,
    0xff, 0xff, 0xff, 0xf0, 0xff, 0xff, 0xff, 0xff,
    0xff, 0xf0, 0xff, 0x90, 0x0, 0x0, 0x8f, 0xf0,
    0xff, 0x90, 0x0, 0x0, 0x8f, 0xf0, 0xff, 0x90,
    0x0, 0x0, 0x8f, 0xf0, 0xff, 0x90, 0x0, 0x0,
    0x8f, 0xf0, 0xff, 0x90, 0x0, 0x0, 0x8f, 0xf0,
    0xff, 0x90, 0x0, 0x0, 0x8f, 0xf0,

    /* U+043E "о" */
    0x0, 0x7, 0xce, 0xfd, 0x92, 0x0, 0x0, 0x2d,
    0xff, 0xff, 0xff, 0xf6, 0x0, 0xc, 0xff, 0x61,
    0x3, 0xcf, 0xf3, 0x5, 0xff, 0x60, 0x0, 0x1,
    0xff, 0xb0, 0xaf, 0xf0, 0x0, 0x0, 0x9, 0xff,
    0x1c, 0xfd, 0x0, 0x0, 0x0, 0x6f, 0xf3, 0xdf,
    0xc0, 0x0, 0x0, 0x5, 0xff, 0x4c, 0xfd, 0x0,
    0x0, 0x0, 0x6f, 0xf3, 0xaf, 0xf1, 0x0, 0x0,
    0x9, 0xff, 0x14, 0xff, 0x70, 0x0, 0x1, 0xff,
    0xc0, 0xc, 0xff, 0x61, 0x3, 0xcf, 0xf4, 0x0,
    0x1c, 0xff, 0xff, 0xff, 0xf6, 0x0, 0x0, 0x6,
    0xce, 0xfd, 0x92, 0x0, 0x0,

    /* U+043F "п" */
    0xff, 0xff, 0xff, 0xff, 0xff, 0xdf, 0xff, 0xff,
    0xff, 0xff, 0xfd, 0xff, 0x90, 0x0, 0x0, 0xbf,
    0xdf, 0xf9, 0x0, 0x0, 0xb, 0xfd, 0xff, 0x90,
    0x0, 0x0, 0xbf, 0xdf, 0xf9, 0x0, 0x0, 0xb,
    0xfd, 0xff, 0x90, 0x0, 0x0, 0xbf, 0xdf, 0xf9,
    0x0, 0x0, 0xb, 0xfd, 0xff, 0x90, 0x0, 0x0,
    0xbf, 0xdf, 0xf9, 0x0, 0x0, 0xb, 0xfd, 0xff,
    0x90, 0x0, 0x0, 0xbf, 0xdf, 0xf9, 0x0, 0x0,
    0xb, 0xfd, 0xff, 0x90, 0x0, 0x0, 0xbf, 0xd0,

    /* U+0440 "р" */
    0xff, 0x22, 0xae, 0xfe, 0x91, 0x0, 0xff, 0xaf,
    0xfd, 0xef, 0xfe, 0x20, 0xff, 0xfa, 0x10, 0x4,
    0xff, 0xc0, 0xff, 0xf0, 0x0, 0x0, 0x9f, 0xf3,
    0xff, 0xb0, 0x0, 0x0, 0x3f, 0xf7, 0xff, 0x90,
    0x0, 0x0, 0x1f, 0xf9, 0xff, 0x90, 0x0, 0x0,
    0xf, 0xfa, 0xff, 0xa0, 0x0, 0x0, 0x1f, 0xf9,
    0xff, 0xd0, 0x0, 0x0, 0x4f, 0xf7, 0xff, 0xf3,
    0x0, 0x0, 0xbf, 0xf3, 0xff, 0xfd, 0x41, 0x28,
    0xff, 0xc0, 0xff, 0xaf, 0xff, 0xff, 0xfe, 0x20,
    0xff, 0x82, 0xae, 0xfe, 0x91, 0x0, 0xff, 0x80,
    0x0, 0x0, 0x0, 0x0, 0xff, 0x90, 0x0, 0x0,
    0x0, 0x0, 0xff, 0x90, 0x0, 0x0, 0x0, 0x0,
    0xff, 0x90, 0x0, 0x0, 0x0, 0x0, 0xff, 0x90,
    0x0, 0x0, 0x0, 0x0, 0xff, 0x90, 0x0, 0x0,
    0x0, 0x0,

    /* U+0441 "с" */
    0x0, 0x6, 0xbe, 0xfe, 0xb6, 0x0, 0x1c, 0xff,
    0xff, 0xff, 0xd0, 0xc, 0xff, 0x93, 0x12, 0x65,
    0x5, 0xff, 0x80, 0x0, 0x0, 0x0, 0xaf, 0xf1,
    0x0, 0x0, 0x0, 0xd, 0xfd, 0x0, 0x0, 0x0,
    0x0, 0xdf, 0xc0, 0x0, 0x0, 0x0, 0xd, 0xfd,
    0x0, 0x0, 0x0, 0x0, 0xaf, 0xf0, 0x0, 0x0,
    0x0, 0x6, 0xff, 0x80, 0x0, 0x0, 0x0, 0xd,
    0xff, 0x93, 0x12, 0x46, 0x0, 0x2e, 0xff, 0xff,
    0xff, 0xc0, 0x0, 0x7, 0xcf, 0xfe, 0xc6, 0x0,

    /* U+0442 "т" */
    0xaf, 0xff, 0xff, 0xff, 0xff, 0xf1, 0xaf, 0xff,
    0xff, 0xff, 0xff, 0xf1, 0x0, 0x0, 0x9f, 0xf0,
    0x0, 0x0, 0x0, 0x0, 0x9f, 0xf0, 0x0, 0x0,
    0x0, 0x0, 0x9f, 0xf0, 0x0, 0x0, 0x0, 0x0,
    0x9f, 0xf0, 0x0, 0x0, 0x0, 0x0, 0x9f, 0xf0,
    0x0, 0x0, 0x0, 0x0, 0x9f, 0xf0, 0x0, 0x0,
    0x0, 0x0, 0x9f, 0xf0, 0x0, 0x0, 0x0, 0x0,
    0x9f, 0xf0, 0x0, 0x0, 0x0, 0x0, 0x9f, 0xf0,
    0x0, 0x0, 0x0, 0x0, 0x9f, 0xf0, 0x0, 0x0,
    0x0, 0x0, 0x9f, 0xf0, 0x0, 0x0,

    /* U+0443 "у" */
    0xcf, 0xe0, 0x0, 0x0, 0x3, 0xff, 0x76, 0xff,
    0x40, 0x0, 0x0, 0x9f, 0xf1, 0xf, 0xfa, 0x0,
    0x0, 0xe, 0xfb, 0x0, 0xaf, 0xf0, 0x0, 0x4,
    0xff, 0x50, 0x3, 0xff, 0x50, 0x0, 0x9f, 0xf0,
    0x0, 0xd, 0xfb, 0x0, 0xe, 0xf9, 0x0, 0x0,
    0x7f, 0xf1, 0x4, 0xff, 0x30, 0x0, 0x1, 0xff,
    0x60, 0x9f, 0xd0, 0x0, 0x0, 0xa, 0xfb, 0xe,
    0xf7, 0x0, 0x0, 0x0, 0x4f, 0xf4, 0xff, 0x10,
    0x0, 0x0, 0x0, 0xdf, 0xcf, 0xb0, 0x0, 0x0,
    0x0, 0x7, 0xff, 0xf5, 0x0, 0x0, 0x0, 0x0,
    0x1f, 0xff, 0x0, 0x0, 0x0, 0x0, 0x0, 0xef,
    0xa0, 0x0, 0x0, 0x0, 0x0, 0x4f, 0xf4, 0x0,
    0x0, 0x0, 0x0, 0xc, 0xfd, 0x0, 0x0, 0x0,
    0x23, 0x4b, 0xff, 0x50, 0x0, 0x0, 0x8, 0xff,
    0xff, 0x90, 0x0, 0x0, 0x0, 0x7f, 0xfd, 0x70,
    0x0, 0x0, 0x0, 0x0,

    /* U+0444 "ф" */
    0x0, 0x0, 0x0, 0x18, 0x82, 0x0, 0x0, 0x0,
    0x0, 0x0, 0x0, 0x2, 0xff, 0x50, 0x0, 0x0,
    0x0, 0x0, 0x0, 0x0, 0x2f, 0xf5, 0x0, 0x0,
    0x0, 0x0, 0x0, 0x0, 0x2, 0xff, 0x50, 0x0,
    0x0, 0x0, 0x0, 0x0, 0x0, 0x2f, 0xf5, 0x0,
    0x0, 0x0, 0x0, 0x0, 0x4a, 0xef, 0xff, 0xfe,
    0xb6, 0x0, 0x0, 0x0, 0xbf, 0xff, 0xff, 0xff,
    0xff, 0xfd, 0x20, 0x0, 0xbf, 0xfb, 0x31, 0xff,
    0x41, 0x8f, 0xfd, 0x0, 0x4f, 0xf9, 0x0, 0x1f,
    0xf4, 0x0, 0x6f, 0xf7, 0x9, 0xff, 0x10, 0x1,
    0xff, 0x40, 0x0, 0xdf, 0xd0, 0xcf, 0xd0, 0x0,
    0x1f, 0xf4, 0x0, 0xa, 0xff, 0xd, 0xfc, 0x0,
    0x1, 0xff, 0x40, 0x0, 0x9f, 0xf1, 0xcf, 0xd0,
    0x0, 0x1f, 0xf4, 0x0, 0xa, 0xff, 0x9, 0xff,
    0x10, 0x1, 0xff, 0x40, 0x0, 0xdf, 0xd0, 0x4f,
    0xf9, 0x0, 0x1f, 0xf4, 0x0, 0x6f, 0xf7, 0x0,
    0xaf, 0xfa, 0x21, 0xff, 0x41, 0x7f, 0xfd, 0x0,
    0x0, 0xbf, 0xff, 0xff, 0xff, 0xff, 0xfd, 0x20,
    0x0, 0x0, 0x4a, 0xef, 0xff, 0xfe, 0xb6, 0x0,
    0x0, 0x0, 0x0, 0x0, 0x2f, 0xf5, 0x0, 0x0,
    0x0, 0x0, 0x0, 0x0, 0x2, 0xff, 0x50, 0x0,
    0x0, 0x0, 0x0, 0x0, 0x0, 0x2f, 0xf5, 0x0,
    0x0, 0x0, 0x0, 0x0, 0x0, 0x2, 0xff, 0x50,
    0x0, 0x0, 0x0, 0x0, 0x0, 0x0, 0x2f, 0xf5,
    0x0, 0x0, 0x0, 0x0, 0x0, 0x0, 0x2, 0xff,
    0x50, 0x0, 0x0, 0x0,

    /* U+0445 "х" */
    0x4f, 0xf9, 0x0, 0x0, 0xd, 0xfe, 0x10, 0x9f,
    0xf4, 0x0, 0x8, 0xff, 0x40, 0x0, 0xdf, 0xd0,
    0x2, 0xff, 0x90, 0x0, 0x3, 0xff, 0x90, 0xcf,
    0xd0, 0x0, 0x0, 0x8, 0xff, 0xaf, 0xf3, 0x0,
    0x0, 0x0, 0xd, 0xff, 0xf8, 0x0, 0x0, 0x0,
    0x0, 0x6f, 0xff, 0x20, 0x0, 0x0, 0x0, 0x1e,
    0xff, 0xfb, 0x0, 0x0, 0x0, 0xb, 0xfe, 0x6f,
    0xf6, 0x0, 0x0, 0x6, 0xff, 0x50, 0xaf, 0xf2,
    0x0, 0x2, 0xff, 0xb0, 0x1, 0xef, 0xc0, 0x0,
    0xcf, 0xe1, 0x0, 0x5, 0xff, 0x80, 0x7f, 0xf6,
    0x0, 0x0, 0xa, 0xff, 0x30,

    /* U+0446 "ц" */
    0xf, 0xf8, 0x0, 0x0, 0xc, 0xfc, 0x0, 0xf,
    0xf8, 0x0, 0x0, 0xc, 0xfc, 0x0, 0xf, 0xf8,
    0x0, 0x0, 0xc, 0xfc, 0x0, 0xf, 0xf8, 0x0,
    0x0, 0xc, 0xfc, 0x0, 0xf, 0xf8, 0x0, 0x0,
    0xc, 0xfc, 0x0, 0xf, 0xf8, 0x0, 0x0, 0xc,
    0xfc, 0x0, 0xf, 0xf8, 0x0, 0x0, 0xc, 0xfc,
    0x0, 0xf, 0xf8, 0x0, 0x0, 0xc, 0xfc, 0x0,
    0xf, 0xf8, 0x0, 0x0, 0xc, 0xfc, 0x0, 0xf,
    0xf8, 0x0, 0x0, 0xc, 0xfc, 0x0, 0xf, 0xf8,
    0x11, 0x11, 0x1c, 0xfc, 0x10, 0xf, 0xff, 0xff,
    0xff, 0xff, 0xff, 0xfb, 0xf, 0xff, 0xff, 0xff,
    0xff, 0xff, 0xfb, 0x0, 0x0, 0x0, 0x0, 0x0,
    0xb, 0xfb, 0x0, 0x0, 0x0, 0x0, 0x0, 0xb,
    0xfb, 0x0, 0x0, 0x0, 0x0, 0x0, 0xb, 0xfb,
    0x0, 0x0, 0x0, 0x0, 0x0, 0x3, 0x53,

    /* U+0447 "ч" */
    0x9f, 0xf0, 0x0, 0x0, 0x1f, 0xf7, 0x9f, 0xf0,
    0x0, 0x0, 0x1f, 0xf7, 0x9f, 0xf0, 0x0, 0x0,
    0x1f, 0xf7, 0x9f, 0xf0, 0x0, 0x0, 0x1f, 0xf7,
    0x8f, 0xf0, 0x0, 0x0, 0x1f, 0xf7, 0x7f, 0xf3,
    0x0, 0x0, 0x1f, 0xf7, 0x3f, 0xfd, 0x41, 0x13,
    0x9f, 0xf7, 0x9, 0xff, 0xff, 0xff, 0xff, 0xf7,
    0x0, 0x6c, 0xff, 0xeb, 0x7f, 0xf7, 0x0, 0x0,
    0x0, 0x0, 0x1f, 0xf7, 0x0, 0x0, 0x0, 0x0,
    0x1f, 0xf7, 0x0, 0x0, 0x0, 0x0, 0x1f, 0xf7,
    0x0, 0x0, 0x0, 0x0, 0x1f, 0xf7,

    /* U+0448 "ш" */
    0x1f, 0xf7, 0x0, 0x0, 0x5f, 0xf3, 0x0, 0x0,
    0xaf, 0xe1, 0xff, 0x70, 0x0, 0x5, 0xff, 0x30,
    0x0, 0xa, 0xfe, 0x1f, 0xf7, 0x0, 0x0, 0x5f,
    0xf3, 0x0, 0x0, 0xaf, 0xe1, 0xff, 0x70, 0x0,
    0x5, 0xff, 0x30, 0x0, 0xa, 0xfe, 0x1f, 0xf7,
    0x0, 0x0, 0x5f, 0xf3, 0x0, 0x0, 0xaf, 0xe1,
    0xff, 0x70, 0x0, 0x5, 0xff, 0x30, 0x0, 0xa,
    0xfe, 0x1f, 0xf7, 0x0, 0x0, 0x5f, 0xf3, 0x0,
    0x0, 0xaf, 0xe1, 0xff, 0x70, 0x0, 0x5, 0xff,
    0x30, 0x0, 0xa, 0xfe, 0x1f, 0xf7, 0x0, 0x0,
    0x5f, 0xf3, 0x0, 0x0, 0xaf, 0xe1, 0xff, 0x70,
    0x0, 0x5, 0xff, 0x30, 0x0, 0xa, 0xfe, 0x1f,
    0xf8, 0x0, 0x0, 0x5f, 0xf3, 0x0, 0x0, 0xaf,
    0xe1, 0xff, 0xff, 0xff, 0xff, 0xff, 0xff, 0xff,
    0xff, 0xfe, 0x1f, 0xff, 0xff, 0xff, 0xff, 0xff,
    0xff, 0xff, 0xff, 0xe0,

    /* U+0449 "щ" */
    0xff, 0x90, 0x0, 0x6, 0xff, 0x20, 0x0, 0xc,
    0xfc, 0x0, 0xff, 0x90, 0x0, 0x6, 0xff, 0x20,
    0x0, 0xc, 0xfc, 0x0, 0xff, 0x90, 0x0, 0x6,
    0xff, 0x20, 0x0, 0xc, 0xfc, 0x0, 0xff, 0x90,
    0x0, 0x6, 0xff, 0x20, 0x0, 0xc, 0xfc, 0x0,
    0xff, 0x90, 0x0, 0x6, 0xff, 0x20, 0x0, 0xc,
    0xfc, 0x0, 0xff, 0x90, 0x0, 0x6, 0xff, 0x20,
    0x0, 0xc, 0xfc, 0x0, 0xff, 0x90, 0x0, 0x6,
    0xff, 0x20, 0x0, 0xc, 0xfc, 0x0, 0xff, 0x90,
    0x0, 0x6, 0xff, 0x20, 0x0, 0xc, 0xfc, 0x0,
    0xff, 0x90, 0x0, 0x6, 0xff, 0x20, 0x0, 0xc,
    0xfc, 0x0, 0xff, 0x90, 0x0, 0x6, 0xff, 0x20,
    0x0, 0xc, 0xfc, 0x0, 0xff, 0x90, 0x0, 0x6,
    0xff, 0x20, 0x0, 0xc, 0xfc, 0x0, 0xff, 0xff,
    0xff, 0xff, 0xff, 0xff, 0xff, 0xff, 0xff, 0xfb,
    0xff, 0xff, 0xff, 0xff, 0xff, 0xff, 0xff, 0xff,
    0xff, 0xfb, 0x0, 0x0, 0x0, 0x0, 0x0, 0x0,
    0x0, 0x0, 0xb, 0xfb, 0x0, 0x0, 0x0, 0x0,
    0x0, 0x0, 0x0, 0x0, 0xb, 0xfb, 0x0, 0x0,
    0x0, 0x0, 0x0, 0x0, 0x0, 0x0, 0xb, 0xfb,
    0x0, 0x0, 0x0, 0x0, 0x0, 0x0, 0x0, 0x0,
    0x3, 0x53,

    /* U+044A "ъ" */
    0xaf, 0xff, 0xff, 0x70, 0x0, 0x0, 0x0, 0xa,
    0xff, 0xff, 0xf7, 0x0, 0x0, 0x0, 0x0, 0x0,
    0x1, 0xff, 0x70, 0x0, 0x0, 0x0, 0x0, 0x0,
    0x1f, 0xf7, 0x0, 0x0, 0x0, 0x0, 0x0, 0x1,
    0xff, 0x70, 0x0, 0x0, 0x0, 0x0, 0x0, 0x1f,
    0xff, 0xff, 0xfe, 0xa3, 0x0, 0x0, 0x1, 0xff,
    0xff, 0xff, 0xff, 0xf6, 0x0, 0x0, 0x1f, 0xf7,
    0x0, 0x15, 0xef, 0xf0, 0x0, 0x1, 0xff, 0x70,
    0x0, 0x7, 0xff, 0x30, 0x0, 0x1f, 0xf7, 0x0,
    0x0, 0x7f, 0xf3, 0x0, 0x1, 0xff, 0x70, 0x1,
    0x5f, 0xfe, 0x0, 0x0, 0x1f, 0xff, 0xff, 0xff,
    0xff, 0x50, 0x0, 0x1, 0xff, 0xff, 0xff, 0xd9,
    0x20, 0x0,

    /* U+044B "ы" */
    0xff, 0x90, 0x0, 0x0, 0x0, 0x0, 0xaf, 0xef,
    0xf9, 0x0, 0x0, 0x0, 0x0, 0xa, 0xfe, 0xff,
    0x90, 0x0, 0x0, 0x0, 0x0, 0xaf, 0xef, 0xf9,
    0x0, 0x0, 0x0, 0x0, 0xa, 0xfe, 0xff, 0x90,
    0x0, 0x0, 0x0, 0x0, 0xaf, 0xef, 0xff, 0xff,
    0xfe, 0xa3, 0x0, 0xa, 0xfe, 0xff, 0xff, 0xff,
    0xff, 0xf6, 0x0, 0xaf, 0xef, 0xf9, 0x0, 0x14,
    0xef, 0xf0, 0xa, 0xfe, 0xff, 0x90, 0x0, 0x7,
    0xff, 0x30, 0xaf, 0xef, 0xf9, 0x0, 0x0, 0x7f,
    0xf3, 0xa, 0xfe, 0xff, 0x90, 0x0, 0x5e, 0xfe,
    0x0, 0xaf, 0xef, 0xff, 0xff, 0xff, 0xff, 0x50,
    0xa, 0xfe, 0xff, 0xff, 0xff, 0xd9, 0x20, 0x0,
    0xaf, 0xe0,

    /* U+044C "ь" */
    0xff, 0x90, 0x0, 0x0, 0x0, 0xf, 0xf9, 0x0,
    0x0, 0x0, 0x0, 0xff, 0x90, 0x0, 0x0, 0x0,
    0xf, 0xf9, 0x0, 0x0, 0x0, 0x0, 0xff, 0x90,
    0x0, 0x0, 0x0, 0xf, 0xff, 0xff, 0xfe, 0xa4,
    0x0, 0xff, 0xff, 0xff, 0xff, 0xf8, 0xf, 0xf9,
    0x0, 0x14, 0xdf, 0xf1, 0xff, 0x90, 0x0, 0x5,
    0xff, 0x5f, 0xf9, 0x0, 0x0, 0x5f, 0xf4, 0xff,
    0x90, 0x1, 0x4e, 0xff, 0x1f, 0xff, 0xff, 0xff,
    0xff, 0x60, 0xff, 0xff, 0xff, 0xda, 0x30, 0x0,

    /* U+044D "э" */
    0x6, 0xbd, 0xff, 0xc7, 0x10, 0x0, 0xcf, 0xff,
    0xff, 0xfe, 0x20, 0x4, 0x62, 0x12, 0x7f, 0xfe,
    0x0, 0x0, 0x0, 0x0, 0x5f, 0xf7, 0x0, 0x0,
    0x0, 0x0, 0xdf, 0xb0, 0x8, 0xee, 0xee, 0xef,
    0xfe, 0x0, 0x9f, 0xff, 0xff, 0xff, 0xf0, 0x0,
    0x0, 0x0, 0xb, 0xfe, 0x0, 0x0, 0x0, 0x0,
    0xff, 0xb0, 0x0, 0x0, 0x0, 0x7f, 0xf6, 0x9,
    0x42, 0x13, 0x9f, 0xfd, 0x0, 0xff, 0xff, 0xff,
    0xfd, 0x20, 0x7, 0xce, 0xff, 0xc7, 0x0, 0x0,

    /* U+044E "ю" */
    0xff, 0x90, 0x0, 0x3, 0xae, 0xfe, 0xb4, 0x0,
    0xf, 0xf9, 0x0, 0x8, 0xff, 0xfd, 0xff, 0xf8,
    0x0, 0xff, 0x90, 0x4, 0xff, 0x90, 0x0, 0x6f,
    0xf5, 0xf, 0xf9, 0x0, 0xcf, 0xe0, 0x0, 0x0,
    0xbf, 0xd0, 0xff, 0x90, 0xf, 0xf9, 0x0, 0x0,
    0x5, 0xff, 0x3f, 0xff, 0xff, 0xff, 0x70, 0x0,
    0x0, 0x3f, 0xf5, 0xff, 0xff, 0xff, 0xf6, 0x0,
    0x0, 0x3, 0xff, 0x6f, 0xf9, 0x1, 0xff, 0x70,
    0x0, 0x0, 0x4f, 0xf5, 0xff, 0x90, 0xe, 0xfa,
    0x0, 0x0, 0x6, 0xff, 0x3f, 0xf9, 0x0, 0x9f,
    0xf1, 0x0, 0x0, 0xcf, 0xe0, 0xff, 0x90, 0x2,
    0xff, 0xc3, 0x12, 0xaf, 0xf6, 0xf, 0xf9, 0x0,
    0x5, 0xff, 0xff, 0xff, 0xf9, 0x0, 0xff, 0x90,
    0x0, 0x2, 0xae, 0xfe, 0xb5, 0x0, 0x0,

    /* U+044F "я" */
    0x0, 0x7, 0xcf, 0xff, 0xff, 0xff, 0x20, 0xb,
    0xff, 0xff, 0xff, 0xff, 0xf2, 0x4, 0xff, 0xa1,
    0x0, 0x7, 0xff, 0x20, 0x8f, 0xf2, 0x0, 0x0,
    0x7f, 0xf2, 0x7, 0xff, 0x20, 0x0, 0x7, 0xff,
    0x20, 0x3f, 0xfb, 0x20, 0x0, 0x7f, 0xf2, 0x0,
    0x9f, 0xff, 0xff, 0xff, 0xff, 0x20, 0x0, 0x5e,
    0xff, 0xff, 0xff, 0xf2, 0x0, 0x4, 0xff, 0x80,
    0x7, 0xff, 0x20, 0x0, 0xef, 0xd0, 0x0, 0x7f,
    0xf2, 0x0, 0x9f, 0xf3, 0x0, 0x7, 0xff, 0x20,
    0x4f, 0xf8, 0x0, 0x0, 0x7f, 0xf2, 0x1e, 0xfd,
    0x0, 0x0, 0x7, 0xff, 0x20,

    /* U+0450 "ѐ" */
    0x0, 0x38, 0x85, 0x0, 0x0, 0x0, 0x0, 0xb,
    0xff, 0x20, 0x0, 0x0, 0x0, 0x0, 0xbf, 0xc0,
    0x0, 0x0, 0x0, 0x0, 0xc, 0xf6, 0x0, 0x0,
    0x0, 0x0, 0x0, 0x76, 0x0, 0x0, 0x0, 0x0,
    0x0, 0x0, 0x0, 0x0, 0x0, 0x7, 0xcf, 0xfd,
    0x70, 0x0, 0x2, 0xdf, 0xff, 0xff, 0xfd, 0x10,
    0xc, 0xfe, 0x40, 0x5, 0xff, 0xa0, 0x5f, 0xf4,
    0x0, 0x0, 0x8f, 0xf1, 0xaf, 0xf0, 0x0, 0x0,
    0x3f, 0xf5, 0xcf, 0xfe, 0xee, 0xee, 0xef, 0xf6,
    0xdf, 0xff, 0xff, 0xff, 0xff, 0xf7, 0xcf, 0xd0,
    0x0, 0x0, 0x0, 0x0, 0xaf, 0xf0, 0x0, 0x0,
    0x0, 0x0, 0x5f, 0xf8, 0x0, 0x0, 0x0, 0x0,
    0xc, 0xff, 0xa3, 0x12, 0x48, 0xa0, 0x1, 0xcf,
    0xff, 0xff, 0xff, 0xd0, 0x0, 0x6, 0xbe, 0xff,
    0xd8, 0x30,

    /* U+0451 "ё" */
    0x0, 0x4f, 0xb0, 0xa, 0xf4, 0x0, 0x0, 0x8f,
    0xf0, 0xf, 0xf8, 0x0, 0x0, 0x2a, 0x60, 0x6,
    0xa2, 0x0, 0x0, 0x0, 0x0, 0x0, 0x0, 0x0,
    0x0, 0x7, 0xcf, 0xfd, 0x70, 0x0, 0x2, 0xdf,
    0xff, 0xff, 0xfd, 0x10, 0xc, 0xfe, 0x40, 0x5,
    0xff, 0xa0, 0x5f, 0xf4, 0x0, 0x0, 0x8f, 0xf1,
    0xaf, 0xf0, 0x0, 0x0, 0x3f, 0xf5, 0xcf, 0xfe,
    0xee, 0xee, 0xef, 0xf6, 0xdf, 0xff, 0xff, 0xff,
    0xff, 0xf7, 0xcf, 0xd0, 0x0, 0x0, 0x0, 0x0,
    0xaf, 0xf0, 0x0, 0x0, 0x0, 0x0, 0x5f, 0xf8,
    0x0, 0x0, 0x0, 0x0, 0xc, 0xff, 0xa3, 0x12,
    0x48, 0xa0, 0x1, 0xcf, 0xff, 0xff, 0xff, 0xd0,
    0x0, 0x6, 0xbe, 0xff, 0xd8, 0x30,

    /* U+0452 "ђ" */
    0x0, 0xff, 0x90, 0x0, 0x0, 0x0, 0x0, 0x0,
    0xff, 0x90, 0x0, 0x0, 0x0, 0x0, 0xce, 0xff,
    0xfe, 0xee, 0xd0, 0x0, 0x0, 0xef, 0xff, 0xff,
    0xff, 0xf0, 0x0, 0x0, 0x0, 0xff, 0x90, 0x0,
    0x0, 0x0, 0x0, 0x0, 0xff, 0x91, 0x9e, 0xfe,
    0xa3, 0x0, 0x0, 0xff, 0xae, 0xff, 0xff, 0xff,
    0x30, 0x0, 0xff, 0xfe, 0x62, 0x28, 0xff, 0xc0,
    0x0, 0xff, 0xf4, 0x0, 0x0, 0xaf, 0xf1, 0x0,
    0xff, 0xe0, 0x0, 0x0, 0x6f, 0xf2, 0x0, 0xff,
    0xb0, 0x0, 0x0, 0x5f, 0xf3, 0x0, 0xff, 0x90,
    0x0, 0x0, 0x5f, 0xf3, 0x0, 0xff, 0x90, 0x0,
    0x0, 0x5f, 0xf3, 0x0, 0xff, 0x90, 0x0, 0x0,
    0x5f, 0xf3, 0x0, 0xff, 0x90, 0x0, 0x0, 0x5f,
    0xf3, 0x0, 0xff, 0x90, 0x0, 0x0, 0x5f, 0xf3,
    0x0, 0xff, 0x90, 0x0, 0x0, 0x5f, 0xf3, 0x0,
    0xff, 0x90, 0x0, 0x0, 0x5f, 0xf3, 0x0, 0x0,
    0x0, 0x0, 0x0, 0x5f, 0xf3, 0x0, 0x0, 0x0,
    0x0, 0x0, 0x5f, 0xf2, 0x0, 0x0, 0x0, 0x0,
    0x0, 0x8f, 0xf1, 0x0, 0x0, 0x0, 0x3, 0x15,
    0xef, 0xd0, 0x0, 0x0, 0x0, 0x2f, 0xff, 0xff,
    0x50, 0x0, 0x0, 0x0, 0x1d, 0xff, 0xc4, 0x0,

    /* U+0453 "ѓ" */
    0x0, 0x0, 0x2f, 0xfc, 0x10, 0x0, 0xd, 0xfb,
    0x0, 0x0, 0x9, 0xfa, 0x0, 0x0, 0x0, 0x76,
    0x0, 0x0, 0x0, 0x0, 0x0, 0x0, 0xf, 0xff,
    0xff, 0xff, 0xf4, 0xff, 0xff, 0xff, 0xff, 0x4f,
    0xf9, 0x11, 0x11, 0x10, 0xff, 0x90, 0x0, 0x0,
    0xf, 0xf9, 0x0, 0x0, 0x0, 0xff, 0x90, 0x0,
    0x0, 0xf, 0xf9, 0x0, 0x0, 0x0, 0xff, 0x90,
    0x0, 0x0, 0xf, 0xf9, 0x0, 0x0, 0x0, 0xff,
    0x90, 0x0, 0x0, 0xf, 0xf9, 0x0, 0x0, 0x0,
    0xff, 0x90, 0x0, 0x0, 0xf, 0xf9, 0x0, 0x0,
    0x0,

    /* U+0454 "є" */
    0x0, 0x6, 0xbe, 0xfe, 0xb6, 0x0, 0x1c, 0xff,
    0xff, 0xff, 0xc0, 0xc, 0xff, 0x83, 0x12, 0x54,
    0x5, 0xff, 0x60, 0x0, 0x0, 0x0, 0xaf, 0xe0,
    0x0, 0x0, 0x0, 0xc, 0xff, 0xee, 0xee, 0xe9,
    0x0, 0xdf, 0xff, 0xff, 0xff, 0xa0, 0xd, 0xfd,
    0x0, 0x0, 0x0, 0x0, 0xaf, 0xf0, 0x0, 0x0,
    0x0, 0x6, 0xff, 0x90, 0x0, 0x0, 0x0, 0xd,
    0xff, 0xa3, 0x12, 0x47, 0x0, 0x2e, 0xff, 0xff,
    0xff, 0xc0, 0x0, 0x7, 0xcf, 0xfe, 0xc6, 0x0,

    /* U+0455 "ѕ" */
    0x0, 0x29, 0xdf, 0xed, 0xa4, 0x0, 0x5f, 0xff,
    0xff, 0xff, 0xe0, 0xd, 0xfc, 0x20, 0x13, 0x86,
    0x0, 0xff, 0x80, 0x0, 0x0, 0x0, 0xc, 0xff,
    0x60, 0x0, 0x0, 0x0, 0x3e, 0xff, 0xe8, 0x20,
    0x0, 0x0, 0x18, 0xff, 0xff, 0xa1, 0x0, 0x0,
    0x0, 0x6d, 0xff, 0xd0, 0x0, 0x0, 0x0, 0x8,
    0xff, 0x50, 0x0, 0x0, 0x0, 0x2f, 0xf6, 0xc,
    0x73, 0x10, 0x2a, 0xff, 0x30, 0xff, 0xff, 0xff,
    0xff, 0x90, 0x5, 0xad, 0xef, 0xeb, 0x50, 0x0,

    /* U+0456 "і" */
    0xc, 0xf6, 0x1f, 0xfb, 0xa, 0xd4, 0x0, 0x0,
    0xf, 0xf8, 0xf, 0xf8, 0xf, 0xf8, 0xf, 0xf8,
    0xf, 0xf8, 0xf, 0xf8, 0xf, 0xf8, 0xf, 0xf8,
    0xf, 0xf8, 0xf, 0xf8, 0xf, 0xf8, 0xf, 0xf8,
    0xf, 0xf8,

    /* U+0457 "ї" */
    0x3e, 0xa2, 0xeb, 0x6, 0xfe, 0x5f, 0xf0, 0x2d,
    0x81, 0xc9, 0x0, 0x0, 0x0, 0x0, 0x0, 0xff,
    0x90, 0x0, 0xf, 0xf9, 0x0, 0x0, 0xff, 0x90,
    0x0, 0xf, 0xf9, 0x0, 0x0, 0xff, 0x90, 0x0,
    0xf, 0xf9, 0x0, 0x0, 0xff, 0x90, 0x0, 0xf,
    0xf9, 0x0, 0x0, 0xff, 0x90, 0x0, 0xf, 0xf9,
    0x0, 0x0, 0xff, 0x90, 0x0, 0xf, 0xf9, 0x0,
    0x0, 0xff, 0x90, 0x0,

    /* U+0458 "ј" */
    0x0, 0x0, 0xcf, 0x50, 0x0, 0x2f, 0xfa, 0x0,
    0x0, 0xad, 0x40, 0x0, 0x0, 0x0, 0x0, 0x0,
    0xff, 0x80, 0x0, 0xf, 0xf8, 0x0, 0x0, 0xff,
    0x80, 0x0, 0xf, 0xf8, 0x0, 0x0, 0xff, 0x80,
    0x0, 0xf, 0xf8, 0x0, 0x0, 0xff, 0x80, 0x0,
    0xf, 0xf8, 0x0, 0x0, 0xff, 0x80, 0x0, 0xf,
    0xf8, 0x0, 0x0, 0xff, 0x80, 0x0, 0xf, 0xf8,
    0x0, 0x0, 0xff, 0x80, 0x0, 0xf, 0xf8, 0x0,
    0x0, 0xff, 0x80, 0x0, 0x1f, 0xf7, 0x12, 0x19,
    0xff, 0x44, 0xff, 0xff, 0xc0, 0x3e, 0xfe, 0xa1,
    0x0,

    /* U+0459 "љ" */
    0x0, 0xb, 0xff, 0xff, 0xff, 0xff, 0x20, 0x0,
    0x0, 0x0, 0x0, 0xc, 0xff, 0xff, 0xff, 0xff,
    0x20, 0x0, 0x0, 0x0, 0x0, 0xd, 0xf7, 0x0,
    0x6, 0xff, 0x20, 0x0, 0x0, 0x0, 0x0, 0xe,
    0xf6, 0x0, 0x6, 0xff, 0x20, 0x0, 0x0, 0x0,
    0x0, 0xf, 0xf5, 0x0, 0x6, 0xff, 0x20, 0x0,
    0x0, 0x0, 0x0, 0xf, 0xf4, 0x0, 0x6, 0xff,
    0xff, 0xff, 0xc8, 0x10, 0x0, 0x1f, 0xf3, 0x0,
    0x6, 0xff, 0xff, 0xff, 0xff, 0xe1, 0x0, 0x2f,
    0xf2, 0x0, 0x6, 0xff, 0x20, 0x2, 0x8f, 0xf9,
    0x0, 0x3f, 0xf0, 0x0, 0x6, 0xff, 0x20, 0x0,
    0xd, 0xfc, 0x0, 0x7f, 0xe0, 0x0, 0x6, 0xff,
    0x20, 0x0, 0xe, 0xfc, 0x34, 0xef, 0xb0, 0x0,
    0x6, 0xff, 0x43, 0x35, 0xbf, 0xf8, 0xff, 0xff,
    0x40, 0x0, 0x6, 0xff, 0xff, 0xff, 0xff, 0xd0,
    0xdf, 0xd6, 0x0, 0x0, 0x6, 0xff, 0xff, 0xfe,
    0xc7, 0x0,

    /* U+045A "њ" */
    0xff, 0x90, 0x0, 0x0, 0xbf, 0xd0, 0x0, 0x0,
    0x0, 0xf, 0xf9, 0x0, 0x0, 0xb, 0xfd, 0x0,
    0x0, 0x0, 0x0, 0xff, 0x90, 0x0, 0x0, 0xbf,
    0xd0, 0x0, 0x0, 0x0, 0xf, 0xf9, 0x0, 0x0,
    0xb, 0xfd, 0x0, 0x0, 0x0, 0x0, 0xff, 0x90,
    0x0, 0x0, 0xbf, 0xd0, 0x0, 0x0, 0x0, 0xf,
    0xff, 0xff, 0xff, 0xff, 0xff, 0xff, 0xfe, 0xb6,
    0x0, 0xff, 0xff, 0xff, 0xff, 0xff, 0xff, 0xff,
    0xff, 0xfb, 0xf, 0xf9, 0x0, 0x0, 0xb, 0xfd,
    0x0, 0x13, 0xbf, 0xf4, 0xff, 0x90, 0x0, 0x0,
    0xbf, 0xd0, 0x0, 0x2, 0xff, 0x8f, 0xf9, 0x0,
    0x0, 0xb, 0xfd, 0x0, 0x0, 0x2f, 0xf8, 0xff,
    0x90, 0x0, 0x0, 0xbf, 0xd0, 0x0, 0x3c, 0xff,
    0x4f, 0xf9, 0x0, 0x0, 0xb, 0xff, 0xff, 0xff,
    0xff, 0xa0, 0xff, 0x90, 0x0, 0x0, 0xbf, 0xff,
    0xff, 0xeb, 0x50, 0x0,

    /* U+045B "ћ" */
    0x0, 0xff, 0x90, 0x0, 0x0, 0x0, 0x0, 0x0,
    0xff, 0x90, 0x0, 0x0, 0x0, 0x0, 0xef, 0xff,
    0xff, 0xff, 0xf4, 0x0, 0x0, 0xce, 0xff, 0xfe,
    0xee, 0xe4, 0x0, 0x0, 0x0, 0xff, 0x90, 0x0,
    0x0, 0x0, 0x0, 0x0, 0xff, 0x91, 0x8d, 0xfe,
    0xb3, 0x0, 0x0, 0xff, 0x9e, 0xff, 0xff, 0xff,
    0x40, 0x0, 0xff, 0xfe, 0x62, 0x28, 0xff, 0xd0,
    0x0, 0xff, 0xf4, 0x0, 0x0, 0xaf, 0xf1, 0x0,
    0xff, 0xd0, 0x0, 0x0, 0x6f, 0xf3, 0x0, 0xff,
    0xb0, 0x0, 0x0, 0x4f, 0xf3, 0x0, 0xff, 0x90,
    0x0, 0x0, 0x4f, 0xf3, 0x0, 0xff, 0x90, 0x0,
    0x0, 0x4f, 0xf3, 0x0, 0xff, 0x90, 0x0, 0x0,
    0x4f, 0xf3, 0x0, 0xff, 0x90, 0x0, 0x0, 0x4f,
    0xf3, 0x0, 0xff, 0x90, 0x0, 0x0, 0x4f, 0xf3,
    0x0, 0xff, 0x90, 0x0, 0x0, 0x4f, 0xf3, 0x0,
    0xff, 0x90, 0x0, 0x0, 0x4f, 0xf3,

    /* U+045C "ќ" */
    0x0, 0x0, 0x0, 0xef, 0xe2, 0x0, 0x0, 0x0,
    0xa, 0xfd, 0x20, 0x0, 0x0, 0x0, 0x6f, 0xc1,
    0x0, 0x0, 0x0, 0x0, 0x67, 0x0, 0x0, 0x0,
    0x0, 0x0, 0x0, 0x0, 0x0, 0x0, 0xff, 0x90,
    0x0, 0x3, 0xff, 0x70, 0xff, 0x90, 0x0, 0xd,
    0xfb, 0x0, 0xff, 0x90, 0x0, 0xaf, 0xe1, 0x0,
    0xff, 0x90, 0x6, 0xff, 0x40, 0x0, 0xff, 0x90,
    0x2f, 0xf8, 0x0, 0x0, 0xff, 0xff, 0xff, 0xc0,
    0x0, 0x0, 0xff, 0xff, 0xff, 0xe0, 0x0, 0x0,
    0xff, 0x90, 0x3f, 0xf9, 0x0, 0x0, 0xff, 0x90,
    0x9, 0xff, 0x30, 0x0, 0xff, 0x90, 0x0, 0xef,
    0xd0, 0x0, 0xff, 0x90, 0x0, 0x5f, 0xf8, 0x0,
    0xff, 0x90, 0x0, 0xa, 0xff, 0x30, 0xff, 0x90,
    0x0, 0x1, 0xff, 0xd0,

    /* U+045D "ѝ" */
    0x0, 0x7f, 0xf8, 0x0, 0x0, 0x0, 0x0, 0x6,
    0xff, 0x40, 0x0, 0x0, 0x0, 0x0, 0x5f, 0xe1,
    0x0, 0x0, 0x0, 0x0, 0x3, 0x83, 0x0, 0x0,
    0x0, 0x0, 0x0, 0x0, 0x0, 0x0, 0xff, 0x80,
    0x0, 0x1, 0xff, 0xf4, 0xff, 0x80, 0x0, 0xa,
    0xff, 0xf4, 0xff, 0x80, 0x0, 0x3f, 0xff, 0xf4,
    0xff, 0x80, 0x0, 0xcf, 0xaf, 0xf4, 0xff, 0x80,
    0x5, 0xfe, 0x3f, 0xf4, 0xff, 0x80, 0xe, 0xf6,
    0x3f, 0xf4, 0xff, 0x80, 0x7f, 0xc0, 0x3f, 0xf4,
    0xff, 0x71, 0xff, 0x30, 0x3f, 0xf4, 0xff, 0x7a,
    0xfa, 0x0, 0x3f, 0xf4, 0xff, 0x9f, 0xf1, 0x0,
    0x3f, 0xf4, 0xff, 0xff, 0x80, 0x0, 0x3f, 0xf4,
    0xff, 0xfe, 0x0, 0x0, 0x3f, 0xf4, 0xff, 0xf5,
    0x0, 0x0, 0x3f, 0xf4,

    /* U+045E "ў" */
    0x0, 0x38, 0x60, 0x0, 0x68, 0x30, 0x0, 0x3,
    0xff, 0x10, 0x1f, 0xf3, 0x0, 0x0, 0xb, 0xfe,
    0xae, 0xfb, 0x0, 0x0, 0x0, 0x8, 0xdf, 0xd8,
    0x0, 0x0, 0x0, 0x0, 0x0, 0x0, 0x0, 0x0,
    0xc, 0xfe, 0x0, 0x0, 0x0, 0x3f, 0xf7, 0x6f,
    0xf4, 0x0, 0x0, 0x9, 0xff, 0x10, 0xff, 0xa0,
    0x0, 0x0, 0xef, 0xb0, 0xa, 0xff, 0x0, 0x0,
    0x4f, 0xf5, 0x0, 0x3f, 0xf5, 0x0, 0x9, 0xff,
    0x0, 0x0, 0xdf, 0xb0, 0x0, 0xef, 0x90, 0x0,
    0x7, 0xff, 0x10, 0x4f, 0xf3, 0x0, 0x0, 0x1f,
    0xf6, 0x9, 0xfd, 0x0, 0x0, 0x0, 0xaf, 0xb0,
    0xef, 0x70, 0x0, 0x0, 0x4, 0xff, 0x4f, 0xf1,
    0x0, 0x0, 0x0, 0xd, 0xfc, 0xfb, 0x0, 0x0,
    0x0, 0x0, 0x7f, 0xff, 0x50, 0x0, 0x0, 0x0,
    0x1, 0xff, 0xf0, 0x0, 0x0, 0x0, 0x0, 0xe,
    0xfa, 0x0, 0x0, 0x0, 0x0, 0x4, 0xff, 0x40,
    0x0, 0x0, 0x0, 0x0, 0xcf, 0xd0, 0x0, 0x0,
    0x2, 0x34, 0xbf, 0xf5, 0x0, 0x0, 0x0, 0x8f,
    0xff, 0xf9, 0x0, 0x0, 0x0, 0x7, 0xff, 0xd7,
    0x0, 0x0, 0x0, 0x0,

    /* U+045F "џ" */
    0xff, 0x90, 0x0, 0x0, 0xbf, 0xdf, 0xf9, 0x0,
    0x0, 0xb, 0xfd, 0xff, 0x90, 0x0, 0x0, 0xbf,
    0xdf, 0xf9, 0x0, 0x0, 0xb, 0xfd, 0xff, 0x90,
    0x0, 0x0, 0xbf, 0xdf, 0xf9, 0x0, 0x0, 0xb,
    0xfd, 0xff, 0x90, 0x0, 0x0, 0xbf, 0xdf, 0xf9,
    0x0, 0x0, 0xb, 0xfd, 0xff, 0x90, 0x0, 0x0,
    0xbf, 0xdf, 0xf9, 0x0, 0x0, 0xb, 0xfd, 0xff,
    0x90, 0x0, 0x0, 0xbf, 0xdf, 0xff, 0xff, 0xff,
    0xff, 0xfd, 0xff, 0xff, 0xff, 0xff, 0xff, 0xd0,
    0x0, 0xc, 0xfa, 0x0, 0x0, 0x0, 0x0, 0xcf,
    0xa0, 0x0, 0x0, 0x0, 0xc, 0xfa, 0x0, 0x0,
    0x0, 0x0, 0x68, 0x50, 0x0, 0x0,

    /* U+0460 "Ѡ" */
    0x6f, 0xf4, 0x0, 0x0, 0x7, 0xff, 0x30, 0x0,
    0x0, 0xf, 0xfb, 0x4f, 0xf6, 0x0, 0x0, 0x6,
    0xff, 0x40, 0x0, 0x0, 0xf, 0xfa, 0x3f, 0xf7,
    0x0, 0x0, 0x4, 0xff, 0x60, 0x0, 0x0, 0x1f,
    0xf9, 0x1f, 0xfa, 0x0, 0x0, 0x2, 0xff, 0x80,
    0x0, 0x0, 0x2f, 0xf8, 0xe, 0xfc, 0x0, 0x0,
    0x0, 0xff, 0xb0, 0x0, 0x0, 0x3f, 0xf6, 0xb,
    0xff, 0x0, 0x0, 0x2, 0xff, 0xf0, 0x0, 0x0,
    0x6f, 0xf4, 0x8, 0xff, 0x30, 0x0, 0x8, 0xff,
    0xf3, 0x0, 0x0, 0x9f, 0xf1, 0x4, 0xff, 0x70,
    0x0, 0xd, 0xff, 0xf6, 0x0, 0x0, 0xbf, 0xe0,
    0x0, 0xff, 0xb0, 0x0, 0x3f, 0xff, 0xfb, 0x0,
    0x0, 0xef, 0xa0, 0x0, 0xaf, 0xf1, 0x0, 0x9f,
    0xba, 0xff, 0x10, 0x3, 0xff, 0x60, 0x0, 0x5f,
    0xf5, 0x0, 0xff, 0x65, 0xff, 0x50, 0x7, 0xff,
    0x10, 0x0, 0xe, 0xfb, 0x5, 0xff, 0x10, 0xef,
    0xb0, 0xc, 0xfc, 0x0, 0x0, 0x8, 0xff, 0x1a,
    0xfb, 0x0, 0x8f, 0xf1, 0x2f, 0xf6, 0x0, 0x0,
    0x1, 0xff, 0x8e, 0xf5, 0x0, 0x1f, 0xf8, 0x9f,
    0xf0, 0x0, 0x0, 0x0, 0xaf, 0xff, 0xf0, 0x0,
    0xa, 0xff, 0xff, 0x80, 0x0, 0x0, 0x0, 0x2f,
    0xff, 0xa0, 0x0, 0x2, 0xff, 0xfe, 0x10, 0x0,
    0x0, 0x0, 0x9, 0xff, 0x50, 0x0, 0x0, 0x8f,
    0xf6, 0x0, 0x0,

    /* U+0461 "ѡ" */
    0x8f, 0xf0, 0x0, 0x0, 0xcf, 0xc0, 0x0, 0x0,
    0xaf, 0xe7, 0xff, 0x10, 0x0, 0xb, 0xfd, 0x0,
    0x0, 0xc, 0xfc, 0x5f, 0xf3, 0x0, 0x0, 0x9f,
    0xf0, 0x0, 0x0, 0xdf, 0xa2, 0xff, 0x60, 0x0,
    0x6, 0xff, 0x20, 0x0, 0xf, 0xf8, 0xe, 0xf9,
    0x0, 0x0, 0x3f, 0xf5, 0x0, 0x3, 0xff, 0x40,
    0xaf, 0xd0, 0x0, 0x7, 0xff, 0x80, 0x0, 0x7f,
    0xf0, 0x5, 0xff, 0x20, 0x0, 0xef, 0xfd, 0x0,
    0xb, 0xfc, 0x0, 0x1f, 0xf7, 0x0, 0x7f, 0xef,
    0xf2, 0x1, 0xff, 0x60, 0x0, 0xaf, 0xd0, 0xe,
    0xf3, 0xef, 0x70, 0x6f, 0xf1, 0x0, 0x3, 0xff,
    0x37, 0xfb, 0x8, 0xfd, 0xd, 0xf8, 0x0, 0x0,
    0xb, 0xfb, 0xef, 0x30, 0x1f, 0xf9, 0xff, 0x10,
    0x0, 0x0, 0x3f, 0xff, 0xb0, 0x0, 0x9f, 0xff,
    0x70, 0x0, 0x0, 0x0, 0x9f, 0xf3, 0x0, 0x1,
    0xff, 0xd0, 0x0, 0x0,

    /* U+0462 "Ѣ" */
    0x0, 0x6, 0xff, 0x30, 0x0, 0x0, 0x0, 0x0,
    0x0, 0x6f, 0xf3, 0x0, 0x0, 0x0, 0x0, 0xdf,
    0xff, 0xff, 0xff, 0xff, 0xf0, 0x0, 0xd, 0xff,
    0xff, 0xff, 0xff, 0xff, 0x0, 0x0, 0x0, 0x6,
    0xff, 0x40, 0x0, 0x0, 0x0, 0x0, 0x0, 0x6f,
    0xf3, 0x0, 0x0, 0x0, 0x0, 0x0, 0x6, 0xff,
    0x30, 0x0, 0x0, 0x0, 0x0, 0x0, 0x6f, 0xff,
    0xff, 0xfd, 0x92, 0x0, 0x0, 0x6, 0xff, 0xff,
    0xff, 0xff, 0xf7, 0x0, 0x0, 0x6f, 0xf6, 0x33,
    0x48, 0xef, 0xf5, 0x0, 0x6, 0xff, 0x30, 0x0,
    0x1, 0xff, 0xb0, 0x0, 0x6f, 0xf3, 0x0, 0x0,
    0xb, 0xfe, 0x0, 0x6, 0xff, 0x30, 0x0, 0x0,
    0xcf, 0xe0, 0x0, 0x6f, 0xf3, 0x0, 0x0, 0x2f,
    0xfb, 0x0, 0x6, 0xff, 0x52, 0x23, 0x7e, 0xff,
    0x50, 0x0, 0x6f, 0xff, 0xff, 0xff, 0xff, 0x80,
    0x0, 0x6, 0xff, 0xff, 0xff, 0xd9, 0x30, 0x0,

    /* U+0463 "ѣ" */
    0x0, 0x8, 0x84, 0x0, 0x0, 0x0, 0x0, 0x0,
    0x0, 0xff, 0x80, 0x0, 0x0, 0x0, 0x0, 0x0,
    0xf, 0xf8, 0x0, 0x0, 0x0, 0x0, 0xd, 0xff,
    0xff, 0xff, 0xff, 0xa0, 0x0, 0x0, 0xcf, 0xff,
    0xff, 0xff, 0xfa, 0x0, 0x0, 0x0, 0x0, 0xff,
    0x80, 0x0, 0x0, 0x0, 0x0, 0x0, 0xf, 0xf8,
    0x0, 0x0, 0x0, 0x0, 0x0, 0x0, 0xff, 0x80,
    0x0, 0x0, 0x0, 0x0, 0x0, 0xf, 0xff, 0xff,
    0xfe, 0xd9, 0x30, 0x0, 0x0, 0xff, 0xff, 0xff,
    0xff, 0xff, 0x60, 0x0, 0xf, 0xf8, 0x0, 0x1,
    0x4e, 0xff, 0x0, 0x0, 0xff, 0x80, 0x0, 0x0,
    0x6f, 0xf3, 0x0, 0xf, 0xf8, 0x0, 0x0, 0x6,
    0xff, 0x20, 0x0, 0xff, 0x80, 0x0, 0x4, 0xef,
    0xe0, 0x0, 0xf, 0xff, 0xee, 0xef, 0xff, 0xf5,
    0x0, 0x0, 0xff, 0xff, 0xff, 0xfd, 0xa3, 0x0,

    /* U+0464 "Ѥ" */
    0xbf, 0xe0, 0x0, 0x0, 0x0, 0x17, 0xce, 0xfe,
    0xdb, 0x61, 0xbf, 0xe0, 0x0, 0x0, 0x7, 0xff,
    0xff, 0xff, 0xff, 0xf4, 0xbf, 0xe0, 0x0, 0x0,
    0x9f, 0xfc, 0x40, 0x0, 0x38, 0xb0, 0xbf, 0xe0,
    0x0, 0x6, 0xff, 0x90, 0x0, 0x0, 0x0, 0x0,
    0xbf, 0xe0, 0x0, 0xe, 0xfd, 0x0, 0x0, 0x0,
    0x0, 0x0, 0xbf, 0xe0, 0x0, 0x4f, 0xf7, 0x0,
    0x0, 0x0, 0x0, 0x0, 0xbf, 0xe3, 0x33, 0x8f,
    0xf5, 0x33, 0x33, 0x33, 0x20, 0x0, 0xbf, 0xff,
    0xff, 0xff, 0xff, 0xff, 0xff, 0xff, 0xf0, 0x0,
    0xbf, 0xff, 0xff, 0xff, 0xff, 0xff, 0xff, 0xff,
    0xf0, 0x0, 0xbf, 0xe0, 0x0, 0x9f, 0xf2, 0x0,
    0x0, 0x0, 0x0, 0x0, 0xbf, 0xe0, 0x0, 0x7f,
    0xf4, 0x0, 0x0, 0x0, 0x0, 0x0, 0xbf, 0xe0,
    0x0, 0x3f, 0xf9, 0x0, 0x0, 0x0, 0x0, 0x0,
    0xbf, 0xe0, 0x0, 0xe, 0xff, 0x10, 0x0, 0x0,
    0x0, 0x0, 0xbf, 0xe0, 0x0, 0x6, 0xff, 0xc1,
    0x0, 0x0, 0x0, 0x0, 0xbf, 0xe0, 0x0, 0x0,
    0xbf, 0xfe, 0x84, 0x34, 0x69, 0xc0, 0xbf, 0xe0,
    0x0, 0x0, 0x9, 0xff, 0xff, 0xff, 0xff, 0xe0,
    0xbf, 0xe0, 0x0, 0x0, 0x0, 0x39, 0xde, 0xff,
    0xda, 0x50,

    /* U+0465 "ѥ" */
    0xf, 0xf8, 0x0, 0x0, 0x5, 0xbe, 0xff, 0xdb,
    0x20, 0xff, 0x80, 0x0, 0xb, 0xff, 0xfd, 0xef,
    0xf1, 0xf, 0xf8, 0x0, 0x9, 0xff, 0x70, 0x0,
    0x13, 0x0, 0xff, 0x80, 0x1, 0xff, 0xa0, 0x0,
    0x0, 0x0, 0xf, 0xf8, 0x0, 0x4f, 0xf5, 0x0,
    0x0, 0x0, 0x0, 0xff, 0xff, 0xff, 0xff, 0xff,
    0xff, 0xff, 0x0, 0xf, 0xff, 0xff, 0xff, 0xff,
    0xff, 0xff, 0xf0, 0x0, 0xff, 0x80, 0x5, 0xff,
    0x30, 0x0, 0x0, 0x0, 0xf, 0xf8, 0x0, 0x3f,
    0xf6, 0x0, 0x0, 0x0, 0x0, 0xff, 0x80, 0x0,
    0xdf, 0xc0, 0x0, 0x0, 0x0, 0xf, 0xf8, 0x0,
    0x6, 0xff, 0xc3, 0x12, 0x49, 0x20, 0xff, 0x80,
    0x0, 0x8, 0xff, 0xff, 0xff, 0xf3, 0xf, 0xf8,
    0x0, 0x0, 0x4, 0xae, 0xff, 0xd8, 0x0,

    /* U+0466 "Ѧ" */
    0x0, 0x0, 0x0, 0x4f, 0xfe, 0x0, 0x0, 0x0,
    0x0, 0x0, 0x0, 0xa, 0xff, 0xf5, 0x0, 0x0,
    0x0, 0x0, 0x0, 0x1, 0xff, 0xaf, 0xc0, 0x0,
    0x0, 0x0, 0x0, 0x0, 0x7f, 0xd2, 0xff, 0x20,
    0x0, 0x0, 0x0, 0x0, 0xe, 0xf7, 0xc, 0xf9,
    0x0, 0x0, 0x0, 0x0, 0x4, 0xff, 0x10, 0x5f,
    0xf0, 0x0, 0x0, 0x0, 0x0, 0xbf, 0xa0, 0x0,
    0xef, 0x60, 0x0, 0x0, 0x0, 0x1f, 0xff, 0xff,
    0xff, 0xfd, 0x0, 0x0, 0x0, 0x8, 0xff, 0xff,
    0xff, 0xff, 0xf3, 0x0, 0x0, 0x0, 0xef, 0x81,
    0xdf, 0x91, 0xcf, 0xa0, 0x0, 0x0, 0x5f, 0xf1,
    0xc, 0xf8, 0x6, 0xff, 0x10, 0x0, 0xc, 0xfb,
    0x0, 0xcf, 0x80, 0xf, 0xf7, 0x0, 0x2, 0xff,
    0x50, 0xc, 0xf8, 0x0, 0xaf, 0xd0, 0x0, 0x9f,
    0xe0, 0x0, 0xcf, 0x80, 0x4, 0xff, 0x40, 0xe,
    0xf9, 0x0, 0xc, 0xf8, 0x0, 0xd, 0xfb, 0x6,
    0xff, 0x20, 0x0, 0xcf, 0x80, 0x0, 0x7f, 0xf2,
    0xcf, 0xc0, 0x0, 0xc, 0xf8, 0x0, 0x1, 0xff,
    0x80,

    /* U+0467 "ѧ" */
    0x0, 0x0, 0xa, 0xff, 0xd0, 0x0, 0x0, 0x0,
    0x0, 0x1, 0xff, 0xff, 0x40, 0x0, 0x0, 0x0,
    0x0, 0x8f, 0xca, 0xfb, 0x0, 0x0, 0x0, 0x0,
    0xe, 0xf7, 0x4f, 0xf2, 0x0, 0x0, 0x0, 0x5,
    0xff, 0x10, 0xef, 0x80, 0x0, 0x0, 0x0, 0xcf,
    0xb0, 0x8, 0xfe, 0x0, 0x0, 0x0, 0x3f, 0xff,
    0xff, 0xff, 0xf6, 0x0, 0x0, 0x9, 0xff, 0xef,
    0xfe, 0xff, 0xc0, 0x0, 0x1, 0xff, 0x80, 0xff,
    0x35, 0xff, 0x30, 0x0, 0x7f, 0xf1, 0xf, 0xf3,
    0xe, 0xfa, 0x0, 0xd, 0xfa, 0x0, 0xff, 0x30,
    0x7f, 0xf1, 0x4, 0xff, 0x30, 0xf, 0xf3, 0x1,
    0xff, 0x80, 0xbf, 0xc0, 0x0, 0xff, 0x30, 0x9,
    0xfe, 0x0,

    /* U+0468 "Ѩ" */
    0xbf, 0xe0, 0x0, 0x0, 0x0, 0x2f, 0xff, 0x10,
    0x0, 0x0, 0xb, 0xfe, 0x0, 0x0, 0x0, 0x8,
    0xff, 0xf8, 0x0, 0x0, 0x0, 0xbf, 0xe0, 0x0,
    0x0, 0x0, 0xef, 0xaf, 0xe0, 0x0, 0x0, 0xb,
    0xfe, 0x0, 0x0, 0x0, 0x6f, 0xe1, 0xff, 0x50,
    0x0, 0x0, 0xbf, 0xe0, 0x0, 0x0, 0xc, 0xf9,
    0xa, 0xfb, 0x0, 0x0, 0xb, 0xfe, 0x0, 0x0,
    0x3, 0xff, 0x30, 0x4f, 0xf2, 0x0, 0x0, 0xbf,
    0xe0, 0x0, 0x0, 0x9f, 0xc0, 0x0, 0xef, 0x80,
    0x0, 0xb, 0xff, 0xff, 0xff, 0xff, 0xff, 0xff,
    0xff, 0xfe, 0x0, 0x0, 0xbf, 0xff, 0xff, 0xff,
    0xff, 0xff, 0xff, 0xff, 0xf5, 0x0, 0xb, 0xfe,
    0x33, 0x33, 0xef, 0xb3, 0xbf, 0xb3, 0xcf, 0xc0,
    0x0, 0xbf, 0xe0, 0x0, 0x4f, 0xf4, 0xb, 0xfa,
    0x5, 0xff, 0x20, 0xb, 0xfe, 0x0, 0xa, 0xfe,
    0x0, 0xbf, 0xa0, 0xe, 0xf9, 0x0, 0xbf, 0xe0,
    0x1, 0xff, 0x80, 0xb, 0xfa, 0x0, 0x9f, 0xf0,
    0xb, 0xfe, 0x0, 0x7f, 0xf2, 0x0, 0xbf, 0xa0,
    0x3, 0xff, 0x60, 0xbf, 0xe0, 0xd, 0xfb, 0x0,
    0xb, 0xfa, 0x0, 0xd, 0xfc, 0xb, 0xfe, 0x4,
    0xff, 0x50, 0x0, 0xbf, 0xa0, 0x0, 0x7f, 0xf3,
    0xbf, 0xe0, 0xaf, 0xf0, 0x0, 0xb, 0xfa, 0x0,
    0x1, 0xff, 0x90,

    /* U+0469 "ѩ" */
    0xf, 0xf6, 0x0, 0x0, 0x4, 0xff, 0xf3, 0x0,
    0x0, 0x0, 0xff, 0x60, 0x0, 0x0, 0xcf, 0xdf,
    0xa0, 0x0, 0x0, 0xf, 0xf6, 0x0, 0x0, 0x3f,
    0xf3, 0xff, 0x10, 0x0, 0x0, 0xff, 0x60, 0x0,
    0xa, 0xfa, 0xa, 0xf7, 0x0, 0x0, 0xf, 0xf6,
    0x0, 0x2, 0xff, 0x20, 0x3f, 0xe0, 0x0, 0x0,
    0xff, 0xff, 0xff, 0xff, 0xff, 0xff, 0xff, 0x50,
    0x0, 0xf, 0xff, 0xff, 0xff, 0xff, 0xff, 0xff,
    0xfb, 0x0, 0x0, 0xff, 0x60, 0x6, 0xff, 0x1a,
    0xf9, 0x1f, 0xf2, 0x0, 0xf, 0xf6, 0x0, 0xcf,
    0xa0, 0xaf, 0x90, 0xbf, 0x90, 0x0, 0xff, 0x60,
    0x3f, 0xf4, 0xa, 0xf9, 0x5, 0xff, 0x0, 0xf,
    0xf6, 0x9, 0xfe, 0x0, 0xaf, 0x90, 0xe, 0xf6,
    0x0, 0xff, 0x60, 0xff, 0x80, 0xa, 0xf9, 0x0,
    0x9f, 0xd0, 0xf, 0xf6, 0x6f, 0xf2, 0x0, 0xaf,
    0x90, 0x3, 0xff, 0x40,

    /* U+046A "Ѫ" */
    0x1, 0xff, 0xff, 0xff, 0xff, 0xff, 0xff, 0xff,
    0x20, 0x0, 0xff, 0xff, 0xff, 0xff, 0xff, 0xff,
    0xff, 0x10, 0x0, 0x5f, 0xf8, 0x33, 0x33, 0x33,
    0x8f, 0xf5, 0x0, 0x0, 0x7, 0xff, 0x30, 0x0,
    0x3, 0xff, 0x70, 0x0, 0x0, 0x0, 0xaf, 0xe1,
    0x0, 0x1e, 0xfa, 0x0, 0x0, 0x0, 0x0, 0xc,
    0xfc, 0x0, 0xcf, 0xc0, 0x0, 0x0, 0x0, 0x0,
    0x1, 0xef, 0xaa, 0xfd, 0x10, 0x0, 0x0, 0x0,
    0x0, 0x28, 0xdf, 0xff, 0xfd, 0x82, 0x0, 0x0,
    0x0, 0x5, 0xff, 0xff, 0xff, 0xff, 0xff, 0x50,
    0x0, 0x0, 0x2f, 0xfd, 0x56, 0xff, 0x75, 0xdf,
    0xf1, 0x0, 0x0, 0x9f, 0xf2, 0x4, 0xff, 0x40,
    0x2f, 0xf9, 0x0, 0x0, 0xef, 0xb0, 0x4, 0xff,
    0x40, 0xa, 0xfe, 0x0, 0x4, 0xff, 0x60, 0x4,
    0xff, 0x40, 0x5, 0xff, 0x40, 0x9, 0xff, 0x10,
    0x4, 0xff, 0x40, 0x0, 0xff, 0x90, 0xe, 0xfc,
    0x0, 0x4, 0xff, 0x40, 0x0, 0xbf, 0xe0, 0x3f,
    0xf7, 0x0, 0x4, 0xff, 0x40, 0x0, 0x6f, 0xf3,
    0x8f, 0xf2, 0x0, 0x4, 0xff, 0x40, 0x0, 0x1f,
    0xf8,

    /* U+046B "ѫ" */
    0x7, 0xff, 0xff, 0xff, 0xff, 0xff, 0xfb, 0x0,
    0x3, 0xff, 0xfe, 0xee, 0xee, 0xff, 0xf6, 0x0,
    0x0, 0x5f, 0xf3, 0x0, 0x1, 0xdf, 0x80, 0x0,
    0x0, 0x6, 0xfe, 0x20, 0xc, 0xfa, 0x0, 0x0,
    0x0, 0x0, 0x8f, 0xd1, 0xbf, 0xb0, 0x0, 0x0,
    0x0, 0x0, 0x6f, 0xfe, 0xff, 0x71, 0x0, 0x0,
    0x0, 0x1d, 0xff, 0xff, 0xff, 0xff, 0x30, 0x0,
    0x0, 0xbf, 0xd4, 0x9f, 0xc4, 0xcf, 0xd0, 0x0,
    0x2, 0xff, 0x30, 0x8f, 0xc0, 0x1f, 0xf5, 0x0,
    0x8, 0xfd, 0x0, 0x8f, 0xc0, 0xa, 0xfb, 0x0,
    0xe, 0xf7, 0x0, 0x8f, 0xc0, 0x4, 0xff, 0x10,
    0x4f, 0xf1, 0x0, 0x8f, 0xc0, 0x0, 0xef, 0x70,
    0xaf, 0xb0, 0x0, 0x8f, 0xc0, 0x0, 0x8f, 0xd0,

    /* U+046C "Ѭ" */
    0xbf, 0xe0, 0x0, 0xcf, 0xff, 0xff, 0xff, 0xff,
    0xff, 0xff, 0x70, 0xb, 0xfe, 0x0, 0xb, 0xff,
    0xff, 0xff, 0xff, 0xff, 0xff, 0xf6, 0x0, 0xbf,
    0xe0, 0x0, 0x1e, 0xfd, 0x33, 0x33, 0x33, 0x5f,
    0xfa, 0x0, 0xb, 0xfe, 0x0, 0x0, 0x3f, 0xf8,
    0x0, 0x0, 0xc, 0xfc, 0x0, 0x0, 0xbf, 0xe0,
    0x0, 0x0, 0x5f, 0xf5, 0x0, 0xa, 0xfe, 0x10,
    0x0, 0xb, 0xfe, 0x0, 0x0, 0x0, 0x8f, 0xf3,
    0x7, 0xff, 0x20, 0x0, 0x0, 0xbf, 0xe0, 0x0,
    0x0, 0x0, 0xaf, 0xe6, 0xff, 0x40, 0x0, 0x0,
    0xb, 0xff, 0xff, 0xff, 0xff, 0xff, 0xff, 0xff,
    0xfa, 0x50, 0x0, 0x0, 0xbf, 0xff, 0xff, 0xff,
    0xff, 0xff, 0xff, 0xff, 0xff, 0xa0, 0x0, 0xb,
    0xfe, 0x22, 0x22, 0xcf, 0xf7, 0x3f, 0xfb, 0x39,
    0xff, 0x60, 0x0, 0xbf, 0xe0, 0x0, 0x3f, 0xf6,
    0x0, 0xff, 0xa0, 0xb, 0xfe, 0x0, 0xb, 0xfe,
    0x0, 0x9, 0xff, 0x0, 0xf, 0xfa, 0x0, 0x4f,
    0xf4, 0x0, 0xbf, 0xe0, 0x0, 0xef, 0xa0, 0x0,
    0xff, 0xa0, 0x0, 0xef, 0x90, 0xb, 0xfe, 0x0,
    0x3f, 0xf5, 0x0, 0xf, 0xfa, 0x0, 0xa, 0xfe,
    0x0, 0xbf, 0xe0, 0x9, 0xff, 0x10, 0x0, 0xff,
    0xa0, 0x0, 0x5f, 0xf3, 0xb, 0xfe, 0x0, 0xef,
    0xc0, 0x0, 0xf, 0xfa, 0x0, 0x0, 0xff, 0x80,
    0xbf, 0xe0, 0x3f, 0xf7, 0x0, 0x0, 0xff, 0xa0,
    0x0, 0xb, 0xfd, 0x0,

    /* U+046D "ѭ" */
    0xf, 0xf6, 0x1, 0xff, 0xff, 0xff, 0xff, 0xff,
    0xff, 0x10, 0xf, 0xf6, 0x0, 0xcf, 0xfe, 0xee,
    0xee, 0xef, 0xfc, 0x0, 0xf, 0xf6, 0x0, 0xc,
    0xf9, 0x0, 0x0, 0x9f, 0xd1, 0x0, 0xf, 0xf6,
    0x0, 0x1, 0xdf, 0x80, 0x8, 0xfe, 0x10, 0x0,
    0xf, 0xf6, 0x0, 0x0, 0x2e, 0xf7, 0x7f, 0xe2,
    0x0, 0x0, 0xf, 0xfe, 0xee, 0xee, 0xef, 0xff,
    0xff, 0xc5, 0x0, 0x0, 0xf, 0xff, 0xff, 0xff,
    0xff, 0xff, 0xff, 0xff, 0xa0, 0x0, 0xf, 0xf6,
    0x0, 0x6f, 0xf5, 0x2f, 0xf3, 0x5f, 0xf5, 0x0,
    0xf, 0xf6, 0x0, 0xdf, 0x90, 0x2f, 0xf2, 0x9,
    0xfc, 0x0, 0xf, 0xf6, 0x3, 0xff, 0x30, 0x2f,
    0xf2, 0x3, 0xff, 0x20, 0xf, 0xf6, 0x9, 0xfd,
    0x0, 0x2f, 0xf2, 0x0, 0xdf, 0x80, 0xf, 0xf6,
    0xe, 0xf7, 0x0, 0x2f, 0xf2, 0x0, 0x7f, 0xd0,
    0xf, 0xf6, 0x4f, 0xf1, 0x0, 0x2f, 0xf2, 0x0,
    0x2f, 0xf3,

    /* U+046E "Ѯ" */
    0x0, 0x12, 0x10, 0x0, 0x0, 0x10, 0x0, 0x0,
    0x4f, 0xe3, 0x0, 0x5e, 0xfb, 0x0, 0x0, 0x4,
    0xff, 0x36, 0xfe, 0x64, 0x0, 0x0, 0x0, 0x5f,
    0xff, 0xd1, 0x0, 0x0, 0x0, 0x29, 0xdf, 0xff,
    0xfa, 0x40, 0x0, 0xa, 0xff, 0xff, 0xff, 0xff,
    0xfa, 0x0, 0x8, 0xfa, 0x40, 0x0, 0x3c, 0xff,
    0x60, 0x0, 0x20, 0x0, 0x0, 0x1, 0xff, 0xb0,
    0x0, 0x0, 0x0, 0x0, 0x0, 0xef, 0xb0, 0x0,
    0x0, 0x0, 0x0, 0x4, 0xff, 0x60, 0x0, 0x0,
    0x0, 0x13, 0x8f, 0xfb, 0x0, 0x0, 0xf, 0xff,
    0xff, 0xfa, 0x50, 0x0, 0x0, 0xf, 0xff, 0xff,
    0xfc, 0x80, 0x0, 0x0, 0x1, 0x11, 0x35, 0x9f,
    0xfe, 0x30, 0x0, 0x0, 0x0, 0x0, 0x1, 0xef,
    0xd0, 0x0, 0x0, 0x0, 0x0, 0x0, 0x8f, 0xf1,
    0x0, 0x0, 0x0, 0x0, 0x0, 0x8f, 0xf1, 0x0,
    0x0, 0x0, 0x0, 0x0, 0xdf, 0xe0, 0x0, 0x0,
    0x0, 0x12, 0x5c, 0xff, 0x70, 0x1, 0x8d, 0xff,
    0xff, 0xff, 0xf9, 0x0, 0xd, 0xff, 0xff, 0xff,
    0xd9, 0x30, 0x0, 0x4f, 0xf9, 0x20, 0x0, 0x0,
    0x0, 0x0, 0x4f, 0xf8, 0x0, 0x0, 0x0, 0x0,
    0x0, 0xe, 0xff, 0xff, 0xff, 0xff, 0xfd, 0x0,
    0x2, 0xaf, 0xff, 0xff, 0xff, 0xff, 0x10, 0x0,
    0x0, 0x1, 0x11, 0x11, 0x25, 0x0,

    /* U+046F "ѯ" */
    0x3, 0xfd, 0x20, 0x3, 0xcf, 0xa0, 0x0, 0x5f,
    0xe2, 0x4f, 0xf9, 0x60, 0x0, 0x7, 0xfe, 0xff,
    0x30, 0x0, 0x8, 0xdf, 0xff, 0xff, 0xb3, 0x0,
    0xa, 0xff, 0xdc, 0xdf, 0xff, 0x30, 0x2, 0x50,
    0x0, 0x1, 0xdf, 0xa0, 0x0, 0x0, 0x0, 0x0,
    0xaf, 0xb0, 0x0, 0x0, 0x0, 0x16, 0xff, 0x50,
    0x0, 0x8, 0xef, 0xff, 0xd5, 0x0, 0x0, 0x9,
    0xff, 0xff, 0xe8, 0x0, 0x0, 0x0, 0x0, 0x26,
    0xff, 0xb0, 0x0, 0x0, 0x0, 0x0, 0x7f, 0xf1,
    0x0, 0x0, 0x0, 0x0, 0x7f, 0xf2, 0x0, 0x0,
    0x0, 0x16, 0xff, 0xd0, 0x2, 0x9d, 0xef, 0xff,
    0xff, 0x30, 0x3f, 0xff, 0xff, 0xec, 0x81, 0x0,
    0x9f, 0xc2, 0x0, 0x0, 0x0, 0x0, 0xaf, 0xc1,
    0x0, 0x0, 0x0, 0x0, 0x5f, 0xff, 0xff, 0xff,
    0xfe, 0x50, 0x5, 0xcf, 0xff, 0xff, 0xff, 0x80,
    0x0, 0x0, 0x0, 0x0, 0x1, 0x20,

    /* U+0470 "Ѱ" */
    0xdf, 0xb0, 0x0, 0x2f, 0xf4, 0x0, 0x9, 0xff,
    0xdf, 0xb0, 0x0, 0x2f, 0xf4, 0x0, 0x9, 0xff,
    0xdf, 0xb0, 0x0, 0x2f, 0xf4, 0x0, 0x9, 0xff,
    0xdf, 0xb0, 0x0, 0x2f, 0xf4, 0x0, 0x9, 0xff,
    0xdf, 0xb0, 0x0, 0x2f, 0xf4, 0x0, 0x9, 0xff,
    0xdf, 0xb0, 0x0, 0x2f, 0xf4, 0x0, 0x9, 0xff,
    0xcf, 0xc0, 0x0, 0x2f, 0xf4, 0x0, 0xb, 0xfe,
    0xaf, 0xf0, 0x0, 0x2f, 0xf4, 0x0, 0xe, 0xfb,
    0x5f, 0xf7, 0x0, 0x2f, 0xf4, 0x0, 0x6f, 0xf6,
    0xd, 0xff, 0x82, 0x3f, 0xf4, 0x28, 0xff, 0xd0,
    0x2, 0xdf, 0xff, 0xff, 0xff, 0xff, 0xfd, 0x20,
    0x0, 0x6, 0xcf, 0xff, 0xff, 0xfc, 0x70, 0x0,
    0x0, 0x0, 0x0, 0x2f, 0xf4, 0x0, 0x0, 0x0,
    0x0, 0x0, 0x0, 0x2f, 0xf4, 0x0, 0x0, 0x0,
    0x0, 0x0, 0x0, 0x2f, 0xf4, 0x0, 0x0, 0x0,
    0x0, 0x0, 0x0, 0x2f, 0xf4, 0x0, 0x0, 0x0,
    0x0, 0x0, 0x0, 0x2f, 0xf4, 0x0, 0x0, 0x0,

    /* U+0471 "ѱ" */
    0x0, 0x0, 0x0, 0x7, 0x83, 0x0, 0x0, 0x0,
    0x0, 0x0, 0x0, 0xf, 0xf7, 0x0, 0x0, 0x0,
    0x0, 0x0, 0x0, 0xf, 0xf7, 0x0, 0x0, 0x0,
    0x0, 0x0, 0x0, 0xf, 0xf7, 0x0, 0x0, 0x0,
    0x0, 0x0, 0x0, 0xf, 0xf7, 0x0, 0x0, 0x0,
    0x2f, 0xf5, 0x0, 0xf, 0xf7, 0x0, 0x4f, 0xf3,
    0x2f, 0xf5, 0x0, 0xf, 0xf7, 0x0, 0x1f, 0xf7,
    0x2f, 0xf5, 0x0, 0xf, 0xf7, 0x0, 0xd, 0xfa,
    0x2f, 0xf5, 0x0, 0xf, 0xf7, 0x0, 0xb, 0xfc,
    0x2f, 0xf5, 0x0, 0xf, 0xf7, 0x0, 0xa, 0xfd,
    0x2f, 0xf5, 0x0, 0xf, 0xf7, 0x0, 0x9, 0xfe,
    0x2f, 0xf5, 0x0, 0xf, 0xf7, 0x0, 0x9, 0xfe,
    0x1f, 0xf5, 0x0, 0xf, 0xf7, 0x0, 0xa, 0xfc,
    0xf, 0xf8, 0x0, 0xf, 0xf7, 0x0, 0xe, 0xfa,
    0xb, 0xfe, 0x10, 0xf, 0xf7, 0x0, 0x8f, 0xf4,
    0x4, 0xff, 0xd4, 0x1f, 0xf8, 0x4b, 0xff, 0xc0,
    0x0, 0x7f, 0xff, 0xff, 0xff, 0xff, 0xfc, 0x10,
    0x0, 0x3, 0x9d, 0xff, 0xff, 0xeb, 0x60, 0x0,
    0x0, 0x0, 0x0, 0xf, 0xf7, 0x0, 0x0, 0x0,
    0x0, 0x0, 0x0, 0xf, 0xf7, 0x0, 0x0, 0x0,
    0x0, 0x0, 0x0, 0xf, 0xf7, 0x0, 0x0, 0x0,
    0x0, 0x0, 0x0, 0xf, 0xf7, 0x0, 0x0, 0x0,
    0x0, 0x0, 0x0, 0xf, 0xf7, 0x0, 0x0, 0x0,
    0x0, 0x0, 0x0, 0xf, 0xf7, 0x0, 0x0, 0x0,

    /* U+0472 "Ѳ" */
    0x0, 0x0, 0x39, 0xdf, 0xff, 0xc8, 0x10, 0x0,
    0x0, 0x0, 0x9f, 0xff, 0xff, 0xff, 0xff, 0x60,
    0x0, 0x0, 0xaf, 0xfd, 0x63, 0x23, 0x7e, 0xff,
    0x70, 0x0, 0x5f, 0xf9, 0x0, 0x0, 0x0, 0xc,
    0xff, 0x20, 0xd, 0xfd, 0x0, 0x0, 0x0, 0x0,
    0x1f, 0xfa, 0x2, 0xff, 0x70, 0x0, 0x0, 0x0,
    0x0, 0xaf, 0xf0, 0x6f, 0xf3, 0x0, 0x0, 0x0,
    0x0, 0x6, 0xff, 0x37, 0xff, 0xff, 0xff, 0xff,
    0xff, 0xff, 0xff, 0xf5, 0x8f, 0xff, 0xff, 0xff,
    0xff, 0xff, 0xff, 0xff, 0x67, 0xff, 0x41, 0x11,
    0x11, 0x11, 0x11, 0x6f, 0xf4, 0x6f, 0xf4, 0x0,
    0x0, 0x0, 0x0, 0x7, 0xff, 0x32, 0xff, 0x90,
    0x0, 0x0, 0x0, 0x0, 0xcf, 0xf0, 0xd, 0xfe,
    0x10, 0x0, 0x0, 0x0, 0x3f, 0xfa, 0x0, 0x5f,
    0xfb, 0x0, 0x0, 0x0, 0x1d, 0xff, 0x20, 0x0,
    0xaf, 0xfd, 0x73, 0x24, 0x8e, 0xff, 0x70, 0x0,
    0x0, 0x9f, 0xff, 0xff, 0xff, 0xff, 0x60, 0x0,
    0x0, 0x0, 0x39, 0xdf, 0xff, 0xc8, 0x10, 0x0,
    0x0,

    /* U+0473 "ѳ" */
    0x0, 0x6, 0xce, 0xfd, 0x93, 0x0, 0x0, 0x1c,
    0xff, 0xff, 0xff, 0xf6, 0x0, 0xb, 0xff, 0x73,
    0x14, 0xbf, 0xf4, 0x3, 0xff, 0x60, 0x0, 0x0,
    0xcf, 0xc0, 0x8f, 0xf0, 0x0, 0x0, 0x6, 0xff,
    0x2a, 0xff, 0xff, 0xff, 0xff, 0xff, 0xf4, 0xbf,
    0xff, 0xff, 0xff, 0xff, 0xff, 0x5a, 0xff, 0x0,
    0x0, 0x0, 0x5f, 0xf5, 0x8f, 0xf2, 0x0, 0x0,
    0x8, 0xff, 0x22, 0xff, 0x90, 0x0, 0x0, 0xef,
    0xd0, 0x9, 0xff, 0x93, 0x14, 0xdf, 0xf5, 0x0,
    0xb, 0xff, 0xff, 0xff, 0xf7, 0x0, 0x0, 0x5,
    0xbe, 0xfe, 0xa3, 0x0, 0x0,

    /* U+0474 "Ѵ" */
    0xdf, 0xd0, 0x0, 0x0, 0x0, 0x0, 0x4d, 0xfe,
    0x37, 0xff, 0x20, 0x0, 0x0, 0x0, 0x3f, 0xff,
    0xf4, 0x1f, 0xf8, 0x0, 0x0, 0x0, 0xb, 0xfe,
    0x20, 0x0, 0xcf, 0xe0, 0x0, 0x0, 0x1, 0xff,
    0x70, 0x0, 0x6, 0xff, 0x30, 0x0, 0x0, 0x7f,
    0xf1, 0x0, 0x0, 0x1f, 0xf9, 0x0, 0x0, 0xc,
    0xfb, 0x0, 0x0, 0x0, 0xaf, 0xe0, 0x0, 0x1,
    0xff, 0x60, 0x0, 0x0, 0x5, 0xff, 0x40, 0x0,
    0x7f, 0xf1, 0x0, 0x0, 0x0, 0xe, 0xfa, 0x0,
    0xc, 0xfc, 0x0, 0x0, 0x0, 0x0, 0x9f, 0xf0,
    0x1, 0xff, 0x60, 0x0, 0x0, 0x0, 0x3, 0xff,
    0x50, 0x6f, 0xf1, 0x0, 0x0, 0x0, 0x0, 0xe,
    0xfa, 0xb, 0xfc, 0x0, 0x0, 0x0, 0x0, 0x0,
    0x8f, 0xf0, 0xff, 0x70, 0x0, 0x0, 0x0, 0x0,
    0x2, 0xff, 0x7f, 0xf1, 0x0, 0x0, 0x0, 0x0,
    0x0, 0xd, 0xfe, 0xfc, 0x0, 0x0, 0x0, 0x0,
    0x0, 0x0, 0x7f, 0xff, 0x70, 0x0, 0x0, 0x0,
    0x0, 0x0, 0x1, 0xff, 0xf2, 0x0, 0x0, 0x0,
    0x0,

    /* U+0475 "ѵ" */
    0xdf, 0xd0, 0x0, 0x0, 0x0, 0x9e, 0xe4, 0x7f,
    0xf2, 0x0, 0x0, 0x7, 0xff, 0xf5, 0x1f, 0xf8,
    0x0, 0x0, 0xe, 0xfa, 0x0, 0xb, 0xfd, 0x0,
    0x0, 0x4f, 0xf2, 0x0, 0x5, 0xff, 0x30, 0x0,
    0xaf, 0xc0, 0x0, 0x0, 0xef, 0x90, 0x0, 0xff,
    0x70, 0x0, 0x0, 0x9f, 0xe0, 0x4, 0xff, 0x10,
    0x0, 0x0, 0x3f, 0xf4, 0xa, 0xfc, 0x0, 0x0,
    0x0, 0xd, 0xf9, 0xe, 0xf6, 0x0, 0x0, 0x0,
    0x7, 0xfe, 0x3f, 0xf1, 0x0, 0x0, 0x0, 0x1,
    0xff, 0xaf, 0xb0, 0x0, 0x0, 0x0, 0x0, 0xbf,
    0xff, 0x60, 0x0, 0x0, 0x0, 0x0, 0x5f, 0xff,
    0x10, 0x0, 0x0,

    /* U+0476 "Ѷ" */
    0x0, 0xdf, 0xd0, 0x7f, 0xf3, 0x0, 0x0, 0x0,
    0x0, 0x2, 0xef, 0x50, 0xbf, 0xb0, 0x0, 0x0,
    0x0, 0x0, 0x3, 0xfe, 0x0, 0xcf, 0x40, 0x0,
    0x0, 0x0, 0x0, 0x3, 0xc6, 0x0, 0xab, 0x0,
    0x0, 0x0, 0x0, 0x0, 0x0, 0x0, 0x0, 0x0,
    0x0, 0x0, 0xd, 0xfd, 0x0, 0x0, 0x0, 0x0,
    0x4, 0xdf, 0xe3, 0x7f, 0xf2, 0x0, 0x0, 0x0,
    0x3, 0xff, 0xff, 0x41, 0xff, 0x80, 0x0, 0x0,
    0x0, 0xbf, 0xe2, 0x0, 0xc, 0xfe, 0x0, 0x0,
    0x0, 0x1f, 0xf7, 0x0, 0x0, 0x6f, 0xf3, 0x0,
    0x0, 0x7, 0xff, 0x10, 0x0, 0x1, 0xff, 0x90,
    0x0, 0x0, 0xcf, 0xb0, 0x0, 0x0, 0xa, 0xfe,
    0x0, 0x0, 0x1f, 0xf6, 0x0, 0x0, 0x0, 0x5f,
    0xf4, 0x0, 0x7, 0xff, 0x10, 0x0, 0x0, 0x0,
    0xef, 0xa0, 0x0, 0xcf, 0xc0, 0x0, 0x0, 0x0,
    0x9, 0xff, 0x0, 0x1f, 0xf6, 0x0, 0x0, 0x0,
    0x0, 0x3f, 0xf5, 0x6, 0xff, 0x10, 0x0, 0x0,
    0x0, 0x0, 0xef, 0xa0, 0xbf, 0xc0, 0x0, 0x0,
    0x0, 0x0, 0x8, 0xff, 0xf, 0xf7, 0x0, 0x0,
    0x0, 0x0, 0x0, 0x2f, 0xf7, 0xff, 0x10, 0x0,
    0x0, 0x0, 0x0, 0x0, 0xdf, 0xef, 0xc0, 0x0,
    0x0, 0x0, 0x0, 0x0, 0x7, 0xff, 0xf7, 0x0,
    0x0, 0x0, 0x0, 0x0, 0x0, 0x1f, 0xff, 0x20,
    0x0, 0x0, 0x0,

    /* U+0477 "ѷ" */
    0x1e, 0xfb, 0xa, 0xff, 0x10, 0x0, 0x0, 0x3,
    0xff, 0x30, 0xdf, 0x90, 0x0, 0x0, 0x0, 0x5f,
    0xc0, 0x1d, 0xf3, 0x0, 0x0, 0x0, 0x4, 0xc4,
    0x1, 0xb9, 0x0, 0x0, 0x0, 0x0, 0x0, 0x0,
    0x0, 0x0, 0x0, 0xdf, 0xd0, 0x0, 0x0, 0x0,
    0x9e, 0xe4, 0x7f, 0xf2, 0x0, 0x0, 0x7, 0xff,
    0xf5, 0x1f, 0xf8, 0x0, 0x0, 0xe, 0xfa, 0x0,
    0xb, 0xfd, 0x0, 0x0, 0x4f, 0xf2, 0x0, 0x5,
    0xff, 0x30, 0x0, 0xaf, 0xc0, 0x0, 0x0, 0xef,
    0x90, 0x0, 0xff, 0x70, 0x0, 0x0, 0x9f, 0xe0,
    0x4, 0xff, 0x10, 0x0, 0x0, 0x3f, 0xf4, 0xa,
    0xfc, 0x0, 0x0, 0x0, 0xd, 0xf9, 0xe, 0xf6,
    0x0, 0x0, 0x0, 0x7, 0xfe, 0x3f, 0xf1, 0x0,
    0x0, 0x0, 0x1, 0xff, 0xaf, 0xb0, 0x0, 0x0,
    0x0, 0x0, 0xbf, 0xff, 0x60, 0x0, 0x0, 0x0,
    0x0, 0x5f, 0xff, 0x10, 0x0, 0x0,

    /* U+0478 "Ѹ" */
    0x0, 0x0, 0x5b, 0xef, 0xfd, 0x93, 0x0, 0x0,
    0x0, 0x0, 0x0, 0x0, 0x0, 0x0, 0x0, 0x1,
    0xcf, 0xff, 0xff, 0xff, 0xf7, 0x0, 0x0, 0x0,
    0x0, 0x0, 0x0, 0x0, 0x0, 0x0, 0xdf, 0xfc,
    0x63, 0x47, 0xdf, 0xf8, 0x0, 0x0, 0x0, 0x0,
    0x0, 0x0, 0x0, 0x0, 0x7f, 0xf9, 0x0, 0x0,
    0x0, 0xcf, 0xf2, 0x0, 0x0, 0x0, 0x0, 0x0,
    0x0, 0x0, 0xe, 0xfe, 0x0, 0x0, 0x0, 0x3,
    0xff, 0x90, 0x8f, 0xf3, 0x0, 0x0, 0x0, 0xff,
    0xb3, 0xff, 0x80, 0x0, 0x0, 0x0, 0xd, 0xfe,
    0x1, 0xff, 0x90, 0x0, 0x0, 0x5f, 0xf5, 0x6f,
    0xf4, 0x0, 0x0, 0x0, 0x0, 0x9f, 0xf1, 0xb,
    0xfe, 0x0, 0x0, 0xa, 0xff, 0x7, 0xff, 0x20,
    0x0, 0x0, 0x0, 0x7, 0xff, 0x20, 0x4f, 0xf5,
    0x0, 0x0, 0xff, 0x90, 0x8f, 0xf2, 0x0, 0x0,
    0x0, 0x0, 0x7f, 0xf3, 0x0, 0xef, 0xb0, 0x0,
    0x5f, 0xf3, 0x7, 0xff, 0x20, 0x0, 0x0, 0x0,
    0x7, 0xff, 0x20, 0x7, 0xff, 0x10, 0xb, 0xfd,
    0x0, 0x6f, 0xf4, 0x0, 0x0, 0x0, 0x0, 0x9f,
    0xf1, 0x0, 0x1f, 0xf7, 0x1, 0xff, 0x80, 0x3,
    0xff, 0x80, 0x0, 0x0, 0x0, 0xd, 0xfe, 0x0,
    0x0, 0xaf, 0xd0, 0x6f, 0xf2, 0x0, 0xe, 0xfe,
    0x0, 0x0, 0x0, 0x3, 0xff, 0x90, 0x0, 0x4,
    0xff, 0x2b, 0xfc, 0x0, 0x0, 0x7f, 0xf9, 0x0,
    0x0, 0x0, 0xcf, 0xf2, 0x0, 0x0, 0xd, 0xf7,
    0xff, 0x60, 0x0, 0x0, 0xdf, 0xfb, 0x53, 0x36,
    0xdf, 0xf8, 0x0, 0x0, 0x0, 0x7f, 0xef, 0xf0,
    0x0, 0x0, 0x1, 0xcf, 0xff, 0xff, 0xff, 0xf7,
    0x0, 0x0, 0x0, 0x1, 0xff, 0xfa, 0x0, 0x0,
    0x0, 0x0, 0x5b, 0xef, 0xfd, 0x93, 0x0, 0x0,
    0x0, 0x0, 0xa, 0xff, 0x40, 0x0, 0x0, 0x0,
    0x0, 0x0, 0x0, 0x0, 0x0, 0x0, 0x0, 0x0,
    0x0, 0xcf, 0xe0, 0x0, 0x0, 0x0, 0x0, 0x0,
    0x0, 0x0, 0x0, 0x0, 0x0, 0x0, 0x0, 0x2f,
    0xf8, 0x0, 0x0, 0x0, 0x0, 0x0, 0x0, 0x0,
    0x0, 0x0, 0x0, 0x0, 0x0, 0x9, 0xff, 0x20,
    0x0, 0x0, 0x0, 0x0, 0x0, 0x0, 0x0, 0x0,
    0x0, 0x0, 0x1, 0x18, 0xff, 0x90, 0x0, 0x0,
    0x0, 0x0, 0x0, 0x0, 0x0, 0x0, 0x0, 0x0,
    0x5, 0xff, 0xff, 0xc0, 0x0, 0x0, 0x0, 0x0,
    0x0, 0x0, 0x0, 0x0, 0x0, 0x0, 0x0, 0x4e,
    0xfe, 0x90, 0x0, 0x0, 0x0, 0x0,

    /* U+0479 "ѹ" */
    0x0, 0x6, 0xce, 0xfd, 0xa3, 0x0, 0x9, 0xff,
    0x10, 0x0, 0x0, 0x1f, 0xfa, 0x1, 0xcf, 0xff,
    0xff, 0xff, 0x70, 0x3, 0xff, 0x70, 0x0, 0x0,
    0x6f, 0xf4, 0xb, 0xff, 0x82, 0x3, 0xbf, 0xf5,
    0x0, 0xcf, 0xd0, 0x0, 0x0, 0xbf, 0xe0, 0x3f,
    0xf9, 0x0, 0x0, 0xe, 0xfd, 0x0, 0x6f, 0xf3,
    0x0, 0x1, 0xff, 0x80, 0x8f, 0xf2, 0x0, 0x0,
    0x8, 0xff, 0x20, 0xe, 0xf9, 0x0, 0x7, 0xff,
    0x20, 0xaf, 0xf0, 0x0, 0x0, 0x5, 0xff, 0x50,
    0x9, 0xfe, 0x0, 0xc, 0xfc, 0x0, 0xbf, 0xe0,
    0x0, 0x0, 0x3, 0xff, 0x60, 0x2, 0xff, 0x50,
    0x2f, 0xf7, 0x0, 0xaf, 0xf0, 0x0, 0x0, 0x5,
    0xff, 0x50, 0x0, 0xcf, 0xa0, 0x8f, 0xf1, 0x0,
    0x7f, 0xf2, 0x0, 0x0, 0x8, 0xff, 0x20, 0x0,
    0x5f, 0xf0, 0xdf, 0xb0, 0x0, 0x2f, 0xf9, 0x0,
    0x0, 0xe, 0xfe, 0x0, 0x0, 0xe, 0xf7, 0xff,
    0x50, 0x0, 0x9, 0xff, 0x81, 0x3, 0xbf, 0xf5,
    0x0, 0x0, 0x8, 0xfe, 0xfe, 0x0, 0x0, 0x0,
    0xbf, 0xff, 0xff, 0xff, 0x80, 0x0, 0x0, 0x2,
    0xff, 0xf9, 0x0, 0x0, 0x0, 0x5, 0xbe, 0xfe,
    0xa3, 0x0, 0x0, 0x0, 0x0, 0xbf, 0xf3, 0x0,
    0x0, 0x0, 0x0, 0x0, 0x0, 0x0, 0x0, 0x0,
    0x0, 0x0, 0xdf, 0xd0, 0x0, 0x0, 0x0, 0x0,
    0x0, 0x0, 0x0, 0x0, 0x0, 0x0, 0x3, 0xff,
    0x70, 0x0, 0x0, 0x0, 0x0, 0x0, 0x0, 0x0,
    0x0, 0x0, 0x0, 0xb, 0xff, 0x10, 0x0, 0x0,
    0x0, 0x0, 0x0, 0x0, 0x0, 0x0, 0x1, 0x12,
    0x9f, 0xf8, 0x0, 0x0, 0x0, 0x0, 0x0, 0x0,
    0x0, 0x0, 0x0, 0x6, 0xff, 0xff, 0xc0, 0x0,
    0x0, 0x0, 0x0, 0x0, 0x0, 0x0, 0x0, 0x0,
    0x5, 0xff, 0xe8, 0x0, 0x0, 0x0, 0x0,

    /* U+047A "Ѻ" */
    0x0, 0x0, 0x0, 0x1, 0x87, 0x0, 0x0, 0x0,
    0x0, 0x0, 0x0, 0x0, 0x2c, 0xff, 0x91, 0x0,
    0x0, 0x0, 0x0, 0x0, 0x7e, 0xff, 0xff, 0xff,
    0xc4, 0x0, 0x0, 0x0, 0x1d, 0xff, 0xff, 0xff,
    0xff, 0xff, 0x90, 0x0, 0x0, 0xdf, 0xfb, 0x36,
    0xfd, 0x34, 0xdf, 0xf9, 0x0, 0x8, 0xff, 0x90,
    0x0, 0x0, 0x0, 0xc, 0xff, 0x30, 0xe, 0xfe,
    0x0, 0x0, 0x0, 0x0, 0x3, 0xff, 0xb0, 0x4f,
    0xf8, 0x0, 0x0, 0x0, 0x0, 0x0, 0xcf, 0xf0,
    0x7f, 0xf4, 0x0, 0x0, 0x0, 0x0, 0x0, 0x8f,
    0xf3, 0x8f, 0xf3, 0x0, 0x0, 0x0, 0x0, 0x0,
    0x7f, 0xf4, 0x8f, 0xf2, 0x0, 0x0, 0x0, 0x0,
    0x0, 0x6f, 0xf5, 0x7f, 0xf3, 0x0, 0x0, 0x0,
    0x0, 0x0, 0x8f, 0xf3, 0x5f, 0xf6, 0x0, 0x0,
    0x0, 0x0, 0x0, 0xaf, 0xf1, 0xf, 0xfc, 0x0,
    0x0, 0x0, 0x0, 0x1, 0xff, 0xc0, 0xa, 0xff,
    0x50, 0x0, 0x0, 0x0, 0x9, 0xff, 0x60, 0x2,
    0xff, 0xf5, 0x2, 0x87, 0x0, 0x8f, 0xfd, 0x0,
    0x0, 0x4f, 0xff, 0xdd, 0xff, 0xce, 0xff, 0xe2,
    0x0, 0x0, 0x3, 0xcf, 0xff, 0xff, 0xff, 0xfa,
    0x10, 0x0, 0x0, 0x0, 0x4, 0x8e, 0xff, 0xd7,
    0x20, 0x0, 0x0, 0x0, 0x0, 0x0, 0x5, 0xee,
    0x30, 0x0, 0x0, 0x0,

    /* U+047B "ѻ" */
    0x0, 0x0, 0x0, 0x11, 0x0, 0x0, 0x0, 0x0,
    0x0, 0x5, 0xff, 0x50, 0x0, 0x0, 0x0, 0x6,
    0xcf, 0xff, 0xfc, 0x50, 0x0, 0x0, 0xcf, 0xff,
    0xff, 0xff, 0xfb, 0x0, 0xa, 0xff, 0x83, 0xde,
    0x48, 0xff, 0xa0, 0x3f, 0xf9, 0x0, 0x0, 0x0,
    0x9f, 0xf3, 0x8f, 0xf2, 0x0, 0x0, 0x0, 0x2f,
    0xf8, 0xaf, 0xf0, 0x0, 0x0, 0x0, 0xf, 0xfa,
    0xbf, 0xe0, 0x0, 0x0, 0x0, 0xe, 0xfb, 0xaf,
    0xf0, 0x0, 0x0, 0x0, 0xf, 0xfa, 0x7f, 0xf3,
    0x0, 0x0, 0x0, 0x3f, 0xf7, 0x1f, 0xfb, 0x0,
    0x11, 0x0, 0xbf, 0xf1, 0x7, 0xff, 0xb7, 0xff,
    0x7b, 0xff, 0x80, 0x0, 0x8f, 0xff, 0xff, 0xff,
    0xf8, 0x0, 0x0, 0x2, 0x8e, 0xff, 0xe9, 0x30,
    0x0, 0x0, 0x0, 0x3, 0xee, 0x30, 0x0, 0x0,

    /* U+047C "Ѽ" */
    0x0, 0x0, 0x0, 0x0, 0x9e, 0xfc, 0x71, 0x0,
    0x0, 0x0, 0x0, 0x0, 0x0, 0x0, 0x0, 0x8f,
    0xfd, 0xff, 0xfd, 0xb1, 0x0, 0x0, 0x0, 0x0,
    0x0, 0x0, 0xb, 0xf1, 0x14, 0x6b, 0xef, 0x20,
    0x0, 0x0, 0x0, 0x0, 0x0, 0x0, 0x0, 0xf,
    0xf8, 0x0, 0x0, 0x0, 0x0, 0x0, 0x0, 0x0,
    0x0, 0x0, 0x0, 0x9f, 0xc0, 0x0, 0x0, 0x0,
    0x0, 0x0, 0x0, 0x0, 0x0, 0x0, 0x0, 0xf9,
    0x0, 0x0, 0x0, 0x0, 0x0, 0x0, 0x0, 0x0,
    0x0, 0x2, 0xeb, 0x0, 0x0, 0x0, 0x0, 0x0,
    0x0, 0x0, 0x0, 0x0, 0x0, 0x13, 0x0, 0x0,
    0x0, 0x0, 0x0, 0x0, 0x0, 0x1, 0x9d, 0xfe,
    0xb3, 0x0, 0x3, 0xae, 0xfe, 0x92, 0x0, 0x0,
    0x3, 0xef, 0xff, 0xff, 0xf1, 0x0, 0xff, 0xff,
    0xff, 0xf3, 0x0, 0x1, 0xef, 0xf7, 0x23, 0x88,
    0x0, 0x7, 0x83, 0x26, 0xff, 0xf1, 0x0, 0x9f,
    0xf4, 0x0, 0x0, 0x0, 0x0, 0x0, 0x0, 0x3,
    0xff, 0xa0, 0xf, 0xfb, 0x0, 0x0, 0x0, 0x0,
    0x0, 0x0, 0x0, 0xa, 0xff, 0x4, 0xff, 0x60,
    0x0, 0x0, 0x0, 0x0, 0x0, 0x0, 0x0, 0x4f,
    0xf4, 0x6f, 0xf3, 0x0, 0x0, 0x0, 0x0, 0x0,
    0x0, 0x0, 0x1, 0xff, 0x78, 0xff, 0x10, 0x0,
    0x0, 0x0, 0x0, 0x0, 0x0, 0x0, 0xf, 0xf8,
    0x8f, 0xf1, 0x0, 0x0, 0x0, 0x0, 0x0, 0x0,
    0x0, 0x0, 0xff, 0x97, 0xff, 0x20, 0x0, 0x0,
    0xc, 0xfc, 0x0, 0x0, 0x0, 0xf, 0xf8, 0x6f,
    0xf4, 0x0, 0x0, 0x0, 0xcf, 0xc0, 0x0, 0x0,
    0x2, 0xff, 0x62, 0xff, 0x80, 0x0, 0x0, 0xc,
    0xfc, 0x0, 0x0, 0x0, 0x7f, 0xf3, 0xe, 0xfe,
    0x0, 0x0, 0x0, 0xcf, 0xc0, 0x0, 0x0, 0xd,
    0xfe, 0x0, 0x6f, 0xfa, 0x0, 0x0, 0xd, 0xfd,
    0x0, 0x0, 0x9, 0xff, 0x70, 0x0, 0xcf, 0xfc,
    0x64, 0x5c, 0xff, 0xfc, 0x64, 0x6c, 0xff, 0xd0,
    0x0, 0x1, 0xdf, 0xff, 0xff, 0xff, 0xaf, 0xff,
    0xff, 0xff, 0xd1, 0x0, 0x0, 0x0, 0x7c, 0xff,
    0xea, 0x30, 0x29, 0xdf, 0xfc, 0x70, 0x0, 0x0,

    /* U+047D "ѽ" */
    0x0, 0x0, 0x0, 0x7d, 0xfd, 0xa6, 0x31, 0x0,
    0x0, 0x0, 0x0, 0x0, 0x4, 0xff, 0xdf, 0xff,
    0xff, 0x70, 0x0, 0x0, 0x0, 0x0, 0x4, 0xb4,
    0x27, 0x66, 0x9a, 0x50, 0x0, 0x0, 0x0, 0x0,
    0x0, 0x0, 0xbf, 0xf0, 0x0, 0x0, 0x0, 0x0,
    0x0, 0x0, 0x0, 0x0, 0x1c, 0xf1, 0x0, 0x0,
    0x0, 0x0, 0x0, 0x0, 0x0, 0x0, 0x3e, 0x90,
    0x0, 0x0, 0x0, 0x0, 0x0, 0x0, 0x0, 0x0,
    0xb6, 0x0, 0x0, 0x0, 0x0, 0x0, 0x0, 0x0,
    0x0, 0x0, 0x0, 0x0, 0x0, 0x0, 0x0, 0x0,
    0x0, 0x19, 0xdf, 0xea, 0x20, 0x3, 0xae, 0xfd,
    0x81, 0x0, 0x2, 0xef, 0xff, 0xff, 0x20, 0x3,
    0xff, 0xff, 0xfd, 0x10, 0xc, 0xff, 0x62, 0x36,
    0x0, 0x0, 0x63, 0x27, 0xff, 0xb0, 0x3f, 0xf8,
    0x0, 0x0, 0x0, 0x0, 0x0, 0x0, 0x9f, 0xf2,
    0x7f, 0xf2, 0x0, 0x0, 0x0, 0x0, 0x0, 0x0,
    0x3f, 0xf6, 0xaf, 0xf0, 0x0, 0x0, 0x0, 0x0,
    0x0, 0x0, 0xf, 0xf9, 0xaf, 0xf0, 0x0, 0x0,
    0x3b, 0xb2, 0x0, 0x0, 0xf, 0xf9, 0xaf, 0xf0,
    0x0, 0x0, 0x4f, 0xf4, 0x0, 0x0, 0x1f, 0xf9,
    0x7f, 0xf3, 0x0, 0x0, 0x4f, 0xf4, 0x0, 0x0,
    0x4f, 0xf7, 0x3f, 0xfa, 0x0, 0x0, 0x5f, 0xf4,
    0x0, 0x0, 0xbf, 0xf2, 0xc, 0xff, 0x92, 0x16,
    0xef, 0xfe, 0x61, 0x29, 0xff, 0xb0, 0x2, 0xdf,
    0xff, 0xff, 0xf9, 0xaf, 0xff, 0xff, 0xfd, 0x10,
    0x0, 0x18, 0xdf, 0xfc, 0x60, 0x6, 0xcf, 0xfd,
    0x80, 0x0,

    /* U+047E "Ѿ" */
    0x0, 0x0, 0x0, 0x1, 0x11, 0x11, 0x11, 0x11,
    0x0, 0x0, 0x0, 0x0, 0x0, 0x0, 0x8f, 0xff,
    0xff, 0xff, 0xff, 0x10, 0x0, 0x0, 0x0, 0x0,
    0x0, 0x2f, 0x64, 0x9e, 0x44, 0xc9, 0x0, 0x0,
    0x0, 0x0, 0x0, 0x0, 0x5, 0x0, 0x4, 0x0,
    0x31, 0x0, 0x0, 0x0, 0x0, 0x0, 0x0, 0x0,
    0x0, 0x0, 0x0, 0x0, 0x0, 0x0, 0x0, 0x6f,
    0xf4, 0x0, 0x0, 0x7, 0xff, 0x30, 0x0, 0x0,
    0xf, 0xfb, 0x4f, 0xf6, 0x0, 0x0, 0x6, 0xff,
    0x40, 0x0, 0x0, 0xf, 0xfa, 0x3f, 0xf7, 0x0,
    0x0, 0x4, 0xff, 0x60, 0x0, 0x0, 0x1f, 0xf9,
    0x1f, 0xfa, 0x0, 0x0, 0x2, 0xff, 0x80, 0x0,
    0x0, 0x2f, 0xf8, 0xe, 0xfc, 0x0, 0x0, 0x0,
    0xff, 0xb0, 0x0, 0x0, 0x3f, 0xf6, 0xb, 0xff,
    0x0, 0x0, 0x2, 0xff, 0xf0, 0x0, 0x0, 0x6f,
    0xf4, 0x8, 0xff, 0x30, 0x0, 0x8, 0xff, 0xf3,
    0x0, 0x0, 0x9f, 0xf1, 0x4, 0xff, 0x70, 0x0,
    0xd, 0xff, 0xf6, 0x0, 0x0, 0xbf, 0xe0, 0x0,
    0xff, 0xb0, 0x0, 0x3f, 0xff, 0xfb, 0x0, 0x0,
    0xef, 0xa0, 0x0, 0xaf, 0xf1, 0x0, 0x9f, 0xba,
    0xff, 0x10, 0x3, 0xff, 0x60, 0x0, 0x5f, 0xf5,
    0x0, 0xff, 0x65, 0xff, 0x50, 0x7, 0xff, 0x10,
    0x0, 0xe, 0xfb, 0x5, 0xff, 0x10, 0xef, 0xb0,
    0xc, 0xfc, 0x0, 0x0, 0x8, 0xff, 0x1a, 0xfb,
    0x0, 0x8f, 0xf1, 0x2f, 0xf6, 0x0, 0x0, 0x1,
    0xff, 0x8e, 0xf5, 0x0, 0x1f, 0xf8, 0x9f, 0xf0,
    0x0, 0x0, 0x0, 0xaf, 0xff, 0xf0, 0x0, 0xa,
    0xff, 0xff, 0x80, 0x0, 0x0, 0x0, 0x2f, 0xff,
    0xa0, 0x0, 0x2, 0xff, 0xfe, 0x10, 0x0, 0x0,
    0x0, 0x9, 0xff, 0x50, 0x0, 0x0, 0x8f, 0xf6,
    0x0, 0x0,

    /* U+047F "ѿ" */
    0x0, 0x0, 0x3f, 0xff, 0xff, 0xff, 0xff, 0x60,
    0x0, 0x0, 0x0, 0x0, 0xdb, 0x67, 0xf8, 0x6a,
    0xe0, 0x0, 0x0, 0x0, 0x0, 0x4, 0x20, 0x6,
    0x0, 0x15, 0x0, 0x0, 0x0, 0x0, 0x0, 0x0,
    0x0, 0x0, 0x0, 0x0, 0x0, 0x0, 0x8f, 0xf0,
    0x0, 0x0, 0xcf, 0xc0, 0x0, 0x0, 0xaf, 0xe7,
    0xff, 0x10, 0x0, 0xb, 0xfd, 0x0, 0x0, 0xc,
    0xfc, 0x5f, 0xf3, 0x0, 0x0, 0x9f, 0xf0, 0x0,
    0x0, 0xdf, 0xa2, 0xff, 0x60, 0x0, 0x6, 0xff,
    0x20, 0x0, 0xf, 0xf8, 0xe, 0xf9, 0x0, 0x0,
    0x3f, 0xf5, 0x0, 0x3, 0xff, 0x40, 0xaf, 0xd0,
    0x0, 0x7, 0xff, 0x80, 0x0, 0x7f, 0xf0, 0x5,
    0xff, 0x20, 0x0, 0xef, 0xfd, 0x0, 0xb, 0xfc,
    0x0, 0x1f, 0xf7, 0x0, 0x7f, 0xef, 0xf2, 0x1,
    0xff, 0x60, 0x0, 0xaf, 0xd0, 0xe, 0xf3, 0xef,
    0x70, 0x6f, 0xf1, 0x0, 0x3, 0xff, 0x37, 0xfb,
    0x8, 0xfd, 0xd, 0xf8, 0x0, 0x0, 0xb, 0xfb,
    0xef, 0x30, 0x1f, 0xf9, 0xff, 0x10, 0x0, 0x0,
    0x3f, 0xff, 0xb0, 0x0, 0x9f, 0xff, 0x70, 0x0,
    0x0, 0x0, 0x9f, 0xf3, 0x0, 0x1, 0xff, 0xd0,
    0x0, 0x0,

    /* U+0480 "Ҁ" */
    0x0, 0x0, 0x6, 0xbe, 0xff, 0xeb, 0x61, 0x0,
    0x4, 0xef, 0xff, 0xff, 0xff, 0xfb, 0x0, 0x6f,
    0xff, 0xa6, 0x44, 0x6a, 0xf4, 0x2, 0xff, 0xe3,
    0x0, 0x0, 0x0, 0x0, 0xb, 0xff, 0x30, 0x0,
    0x0, 0x0, 0x0, 0x1f, 0xfb, 0x0, 0x0, 0x0,
    0x0, 0x0, 0x5f, 0xf6, 0x0, 0x0, 0x0, 0x0,
    0x0, 0x7f, 0xf3, 0x0, 0x0, 0x0, 0x0, 0x0,
    0x8f, 0xf2, 0x0, 0x0, 0x0, 0x0, 0x0, 0x7f,
    0xf3, 0x0, 0x0, 0x0, 0x0, 0x0, 0x6f, 0xf5,
    0x0, 0x0, 0x0, 0x0, 0x0, 0x2f, 0xfa, 0x0,
    0x0, 0x0, 0x0, 0x0, 0xd, 0xff, 0x20, 0x0,
    0x0, 0x0, 0x0, 0x5, 0xff, 0xd1, 0x0, 0x0,
    0x0, 0x0, 0x0, 0xaf, 0xff, 0x95, 0x34, 0x53,
    0x0, 0x0, 0x8, 0xff, 0xff, 0xff, 0xf7, 0x0,
    0x0, 0x0, 0x28, 0xce, 0xff, 0xf7, 0x0, 0x0,
    0x0, 0x0, 0x0, 0x2f, 0xf7, 0x0, 0x0, 0x0,
    0x0, 0x0, 0x2f, 0xf7, 0x0, 0x0, 0x0, 0x0,
    0x0, 0x2f, 0xf7, 0x0, 0x0, 0x0, 0x0, 0x0,
    0x2f, 0xf7, 0x0, 0x0, 0x0, 0x0, 0x0, 0x2f,
    0xf7, 0x0, 0x0, 0x0, 0x0, 0x0, 0x2f, 0xf7,
    0x0,

    /* U+0481 "ҁ" */
    0x0, 0x6, 0xbe, 0xfe, 0xc8, 0x0, 0x1c, 0xff,
    0xff, 0xff, 0xe0, 0xb, 0xff, 0x93, 0x24, 0x76,
    0x3, 0xff, 0x90, 0x0, 0x0, 0x0, 0x8f, 0xf1,
    0x0, 0x0, 0x0, 0xa, 0xfe, 0x0, 0x0, 0x0,
    0x0, 0xbf, 0xd0, 0x0, 0x0, 0x0, 0xb, 0xfe,
    0x0, 0x0, 0x0, 0x0, 0x9f, 0xf1, 0x0, 0x0,
    0x0, 0x4, 0xff, 0x80, 0x0, 0x0, 0x0, 0xd,
    0xff, 0x82, 0x12, 0x50, 0x0, 0x2e, 0xff, 0xff,
    0xff, 0x0, 0x0, 0x7, 0xcf, 0xff, 0xf0, 0x0,
    0x0, 0x0, 0x9, 0xff, 0x0, 0x0, 0x0, 0x0,
    0x9f, 0xf0, 0x0, 0x0, 0x0, 0x9, 0xff, 0x0,
    0x0, 0x0, 0x0, 0x9f, 0xf0, 0x0, 0x0, 0x0,
    0x9, 0xff, 0x0, 0x0, 0x0, 0x0, 0x9f, 0xf0,
    0x0,

    /* U+0482 "҂" */
    0x0, 0x0, 0x0, 0x0, 0x7, 0x70, 0x0, 0x0,
    0x0, 0x0, 0x2, 0xfd, 0x0, 0x0, 0x3, 0xe6,
    0x0, 0xbf, 0x40, 0x0, 0x0, 0x3d, 0xfd, 0x7f,
    0xa0, 0x0, 0x0, 0x0, 0x6, 0xef, 0xf4, 0x0,
    0x0, 0x0, 0x0, 0x7, 0xff, 0xf9, 0x10, 0x0,
    0x0, 0x1, 0xfd, 0x2b, 0xfe, 0x22, 0x70, 0x0,
    0x9f, 0x50, 0x4, 0x90, 0x8f, 0xd4, 0x3f, 0xb0,
    0x0, 0x0, 0x0, 0x6e, 0xff, 0xf2, 0x0, 0x0,
    0x0, 0x0, 0xb, 0xff, 0x91, 0x0, 0x0, 0x0,
    0x0, 0xee, 0xbf, 0xf7, 0x0, 0x0, 0x0, 0x8f,
    0x60, 0x4c, 0xd0, 0x0, 0x0, 0x2f, 0xc0, 0x0,
    0x1, 0x0, 0x0, 0x3, 0xc3, 0x0, 0x0, 0x0,
    0x0, 0x0, 0x0, 0x0, 0x0, 0x0, 0x0, 0x0,

    /* U+0483 "҃" */
    0x0, 0x0, 0x0, 0x0, 0x20, 0x0, 0x11, 0x11,
    0x17, 0xf9, 0xe, 0xff, 0xff, 0xff, 0xfa, 0xf,
    0xf5, 0x44, 0x44, 0x40, 0x3, 0x30, 0x0, 0x0,
    0x0,

    /* U+0484 "҄" */
    0x0, 0x16, 0xbf, 0xfb, 0x1b, 0xdf, 0xff, 0xde,
    0xfb, 0xfe, 0xb7, 0x10, 0xe, 0xe0,

    /* U+0485 "҅" */
    0xb, 0xf7, 0x3f, 0xf6, 0xf, 0x90, 0x4, 0xda,
    0x0, 0x2,

    /* U+0486 "҆" */
    0xc, 0xf6, 0xb, 0xfc, 0x0, 0xe9, 0x2e, 0xa1,
    0x1, 0x0,

    /* U+0487 "҇" */
    0x7, 0xdf, 0xd9, 0x30, 0x0, 0x4f, 0xfd, 0xff,
    0xfe, 0xb4, 0x7f, 0x60, 0x4, 0xad, 0xf6,

    /* U+0488 "҈" */
    0x0, 0x0, 0x0, 0x0, 0x0, 0x0, 0x1, 0x0,
    0x0, 0x0, 0x0, 0x0, 0x0, 0x0, 0x0, 0x0,
    0x0, 0x0, 0x0, 0x3, 0xdf, 0xfa, 0x0, 0x0,
    0x0, 0x0, 0x0, 0x0, 0x0, 0x0, 0x0, 0x0,
    0x0, 0xd, 0xa5, 0x7d, 0x80, 0x0, 0x0, 0x0,
    0x0, 0x0, 0x0, 0x0, 0x0, 0x0, 0x0, 0x9,
    0x0, 0x3, 0x70, 0x0, 0x0, 0x0, 0x0, 0x0,
    0x0, 0x0, 0x1, 0x0, 0x0, 0x0, 0x0, 0x0,
    0x0, 0x0, 0x1, 0x0, 0x0, 0x0, 0x0, 0x3,
    0xef, 0xf9, 0x0, 0x0, 0x0, 0x0, 0x0, 0x1,
    0xcf, 0xfc, 0x10, 0x0, 0x0, 0xe, 0x95, 0x7e,
    0x60, 0x0, 0x0, 0x0, 0x0, 0xa, 0xb5, 0x6c,
    0xa0, 0x0, 0x0, 0xa, 0x0, 0x4, 0x70, 0x0,
    0x0, 0x0, 0x0, 0x9, 0x20, 0x2, 0x90, 0x0,
    0x0, 0x0, 0x0, 0x0, 0x0, 0x0, 0x0, 0x0,
    0x0, 0x0, 0x0, 0x0, 0x0, 0x0, 0x0, 0x0,
    0x0, 0x0, 0x0, 0x0, 0x0, 0x0, 0x0, 0x0,
    0x0, 0x0, 0x0, 0x0, 0x0, 0x0, 0x0, 0x0,
    0x0, 0x0, 0x0, 0x0, 0x0, 0x0, 0x0, 0x0,
    0x0, 0x0, 0x0, 0x0, 0x0, 0x0, 0x0, 0x0,
    0x0, 0x0, 0x0, 0x0, 0x0, 0x0, 0x0, 0x0,
    0x7, 0xef, 0xc2, 0x0, 0x0, 0x0, 0x0, 0x0,
    0x0, 0x0, 0x0, 0x3c, 0xfd, 0x60, 0x5e, 0x98,
    0xcd, 0x0, 0x0, 0x0, 0x0, 0x0, 0x0, 0x0,
    0x0, 0xeb, 0x8a, 0xf4, 0x65, 0x0, 0xa, 0x10,
    0x0, 0x0, 0x0, 0x0, 0x0, 0x0, 0x2, 0x90,
    0x0, 0x66, 0x0, 0x0, 0x0, 0x0, 0x0, 0x0,
    0x0, 0x0, 0x0, 0x0, 0x0, 0x0, 0x0, 0x0,
    0x0, 0x0, 0x0, 0x0, 0x0, 0x0, 0x0, 0x0,
    0x0, 0x0, 0x0, 0x0, 0x0, 0x0, 0x0, 0x0,
    0x0, 0x0, 0x0, 0x0, 0x0, 0x0, 0x0, 0x0,
    0x0, 0x0, 0x0, 0x0, 0x0, 0x0, 0x1, 0x0,
    0x0, 0x0, 0x0, 0x0, 0x0, 0x0, 0x1, 0x0,
    0x0, 0x0, 0x0, 0x3, 0xef, 0xf9, 0x0, 0x0,
    0x0, 0x0, 0x0, 0x2, 0xcf, 0xfc, 0x10, 0x0,
    0x0, 0xe, 0x95, 0x7e, 0x70, 0x0, 0x0, 0x0,
    0x0, 0xa, 0xb5, 0x6c, 0xa0, 0x0, 0x0, 0x9,
    0x0, 0x4, 0x60, 0x0, 0x0, 0x0, 0x0, 0x8,
    0x20, 0x2, 0x90, 0x0, 0x0, 0x0, 0x0, 0x0,
    0x0, 0x0, 0x1, 0x0, 0x0, 0x0, 0x0, 0x0,
    0x0, 0x0, 0x0, 0x0, 0x0, 0x0, 0x0, 0x4,
    0xef, 0xfb, 0x0, 0x0, 0x0, 0x0, 0x0, 0x0,
    0x0, 0x0, 0x0, 0x0, 0x0, 0xe, 0x95, 0x6c,
    0x90, 0x0, 0x0, 0x0, 0x0, 0x0, 0x0, 0x0,
    0x0, 0x0, 0x0, 0x5, 0x0, 0x1, 0x40, 0x0,
    0x0, 0x0, 0x0, 0x0,

    /* U+0489 "҉" */
    0x0, 0x0, 0x0, 0x0, 0x0, 0x0, 0x0, 0xf7,
    0x0, 0x0, 0x0, 0x0, 0x0, 0x0, 0x0, 0x0,
    0x0, 0x0, 0x0, 0x0, 0x6, 0xf3, 0x0, 0x0,
    0x0, 0x0, 0x0, 0x0, 0x0, 0x0, 0x0, 0x0,
    0x0, 0x0, 0xd, 0xf0, 0x0, 0x0, 0x0, 0x0,
    0x0, 0x0, 0x0, 0x0, 0xa, 0x10, 0x0, 0x0,
    0x2f, 0xc0, 0x0, 0x0, 0x0, 0x0, 0x0, 0x0,
    0x0, 0x0, 0xf, 0xb0, 0x0, 0x0, 0x6e, 0x90,
    0x0, 0x0, 0x0, 0x59, 0x0, 0x0, 0x0, 0x0,
    0x9, 0xf5, 0x0, 0x0, 0x0, 0x0, 0x0, 0x0,
    0x7e, 0xfc, 0x10, 0x0, 0x0, 0x0, 0x2, 0xfe,
    0x10, 0x0, 0x0, 0x0, 0x0, 0xd, 0xff, 0x60,
    0x0, 0x0, 0x0, 0x0, 0x0, 0x9f, 0x30, 0x0,
    0x0, 0x0, 0x0, 0x3, 0xb1, 0x0, 0x0, 0x0,
    0x0, 0x0, 0x0, 0x13, 0x0, 0x0, 0x0, 0x0,
    0x0, 0x0, 0x0, 0x0, 0x0, 0x0, 0x0, 0x0,
    0x0, 0x0, 0x0, 0x0, 0x0, 0x0, 0x0, 0x0,
    0x0, 0x0, 0x0, 0x0, 0x0, 0x0, 0x0, 0x0,
    0x0, 0x0, 0x0, 0x0, 0x0, 0x0, 0x0, 0x0,
    0x0, 0x0, 0x15, 0x20, 0x0, 0x0, 0x0, 0x0,
    0x0, 0x0, 0x0, 0x0, 0x0, 0x52, 0x0, 0x0,
    0x2f, 0xfe, 0xb7, 0x0, 0x0, 0x0, 0x0, 0x0,
    0x0, 0x0, 0x0, 0xcf, 0xd7, 0x10, 0x1, 0x8e,
    0xfc, 0x0, 0x0, 0x0, 0x0, 0x0, 0x0, 0x0,
    0x0, 0x7c, 0xff, 0xf2, 0x0, 0x0, 0x35, 0x0,
    0x0, 0x0, 0x0, 0x0, 0x0, 0x0, 0x0, 0x0,
    0x2, 0x61, 0x0, 0x0, 0x0, 0x0, 0x0, 0x0,
    0x0, 0x0, 0x0, 0x0, 0x0, 0x0, 0x0, 0x0,
    0x0, 0x0, 0x0, 0x0, 0x0, 0x0, 0x0, 0x0,
    0x0, 0x0, 0x0, 0x0, 0x0, 0x0, 0x0, 0x0,
    0x0, 0x0, 0x0, 0x0, 0x0, 0x0, 0x0, 0x0,
    0x0, 0x0, 0x0, 0x0, 0x0, 0x0, 0x0, 0x2,
    0x0, 0x0, 0x0, 0x0, 0x0, 0x0, 0x94, 0x0,
    0x0, 0x0, 0x0, 0x0, 0x0, 0x7f, 0x90, 0x0,
    0x0, 0x0, 0x0, 0x5, 0xfc, 0x0, 0x0, 0x0,
    0x0, 0x0, 0x3c, 0xff, 0x90, 0x0, 0x0, 0x0,
    0x0, 0x0, 0xcf, 0x40, 0x0, 0x0, 0x0, 0x2,
    0xfe, 0x81, 0x0, 0x0, 0x8, 0xe6, 0x0, 0x0,
    0x2f, 0xb0, 0x0, 0x0, 0x0, 0x0, 0x20, 0x0,
    0x0, 0x0, 0xc, 0xf2, 0x0, 0x0, 0x7, 0xf0,
    0x0, 0x0, 0x0, 0x0, 0x0, 0x0, 0x0, 0x0,
    0xf, 0xd0, 0x0, 0x0, 0x0, 0x40, 0x0, 0x0,
    0x0, 0x0, 0x0, 0x0, 0x0, 0x0, 0x3f, 0x70,
    0x0, 0x0, 0x0, 0x0, 0x0, 0x0, 0x0, 0x0,
    0x0, 0x0, 0x0, 0x0, 0x6f, 0x10, 0x0, 0x0,
    0x0, 0x0, 0x0, 0x0,

    /* U+048A "Ҋ" */
    0x0, 0x4f, 0xf0, 0x0, 0x3, 0xff, 0x10, 0x0,
    0x0, 0x0, 0x1f, 0xf9, 0x10, 0x2c, 0xfc, 0x0,
    0x0, 0x0, 0x0, 0x6, 0xff, 0xff, 0xff, 0xe2,
    0x0, 0x0, 0x0, 0x0, 0x0, 0x26, 0x89, 0x85,
    0x0, 0x0, 0x0, 0x0, 0x0, 0x0, 0x0, 0x0,
    0x0, 0x0, 0x0, 0x0, 0x0, 0xbf, 0xa0, 0x0,
    0x0, 0x0, 0xc, 0xff, 0x80, 0x0, 0xbf, 0xa0,
    0x0, 0x0, 0x0, 0x6f, 0xff, 0x80, 0x0, 0xbf,
    0xa0, 0x0, 0x0, 0x1, 0xff, 0xff, 0x80, 0x0,
    0xbf, 0xa0, 0x0, 0x0, 0xb, 0xff, 0xcf, 0x80,
    0x0, 0xbf, 0xa0, 0x0, 0x0, 0x5f, 0xf7, 0xbf,
    0x80, 0x0, 0xbf, 0xa0, 0x0, 0x1, 0xef, 0xc0,
    0xcf, 0x80, 0x0, 0xbf, 0xa0, 0x0, 0xa, 0xff,
    0x20, 0xcf, 0x80, 0x0, 0xbf, 0xa0, 0x0, 0x4f,
    0xf7, 0x0, 0xdf, 0x80, 0x0, 0xbf, 0xa0, 0x0,
    0xdf, 0xd0, 0x0, 0xdf, 0x80, 0x0, 0xbf, 0xa0,
    0x8, 0xff, 0x30, 0x0, 0xdf, 0x80, 0x0, 0xbf,
    0xa0, 0x3f, 0xf8, 0x0, 0x0, 0xdf, 0x80, 0x0,
    0xbf, 0x90, 0xdf, 0xd0, 0x0, 0x0, 0xdf, 0x80,
    0x0, 0xbf, 0x87, 0xff, 0x30, 0x0, 0x0, 0xdf,
    0x80, 0x0, 0xbf, 0xaf, 0xf8, 0x0, 0x0, 0x0,
    0xdf, 0x80, 0x0, 0xbf, 0xff, 0xd0, 0x0, 0x0,
    0x0, 0xdf, 0x80, 0x0, 0xbf, 0xff, 0x30, 0x0,
    0x0, 0x0, 0xdf, 0xff, 0xf3, 0xbf, 0xf9, 0x0,
    0x0, 0x0, 0x0, 0xdf, 0xff, 0xe0, 0x0, 0x0,
    0x0, 0x0, 0x0, 0x0, 0x0, 0xaf, 0xa0, 0x0,
    0x0, 0x0, 0x0, 0x0, 0x0, 0x1, 0xff, 0x60,
    0x0, 0x0, 0x0, 0x0, 0x0, 0x0, 0x7, 0xff,
    0x10, 0x0, 0x0, 0x0, 0x0, 0x0, 0x0, 0xe,
    0xfd, 0x0, 0x0, 0x0, 0x0, 0x0, 0x0, 0x0,
    0x3d, 0xd7, 0x0,

    /* U+048B "ҋ" */
    0x0, 0x9f, 0xc0, 0x0, 0x8, 0xfe, 0x0, 0x0,
    0x0, 0x4f, 0xf6, 0x0, 0x4e, 0xf8, 0x0, 0x0,
    0x0, 0xa, 0xff, 0xff, 0xff, 0xc0, 0x0, 0x0,
    0x0, 0x0, 0x37, 0x99, 0x84, 0x0, 0x0, 0x0,
    0x0, 0x0, 0x0, 0x0, 0x0, 0x0, 0x0, 0x0,
    0xf, 0xf6, 0x0, 0x0, 0x7, 0xff, 0xf0, 0x0,
    0xf, 0xf6, 0x0, 0x0, 0x2f, 0xff, 0xf0, 0x0,
    0xf, 0xf6, 0x0, 0x0, 0xbf, 0xff, 0xf0, 0x0,
    0xf, 0xf6, 0x0, 0x5, 0xff, 0x8f, 0xf0, 0x0,
    0xf, 0xf6, 0x0, 0x1e, 0xf8, 0x6f, 0xf0, 0x0,
    0xf, 0xf6, 0x0, 0xaf, 0xd0, 0x6f, 0xf0, 0x0,
    0xf, 0xf6, 0x4, 0xff, 0x40, 0x7f, 0xf0, 0x0,
    0xf, 0xf6, 0xe, 0xf9, 0x0, 0x7f, 0xf0, 0x0,
    0xf, 0xf5, 0x9f, 0xe1, 0x0, 0x7f, 0xf0, 0x0,
    0xf, 0xf8, 0xff, 0x50, 0x0, 0x7f, 0xf0, 0x0,
    0xf, 0xff, 0xfb, 0x0, 0x0, 0x7f, 0xf0, 0x0,
    0xf, 0xff, 0xf1, 0x0, 0x0, 0x7f, 0xff, 0xf7,
    0xf, 0xff, 0x60, 0x0, 0x0, 0x7f, 0xff, 0xf3,
    0x0, 0x0, 0x0, 0x0, 0x0, 0x0, 0x3f, 0xf0,
    0x0, 0x0, 0x0, 0x0, 0x0, 0x0, 0x8f, 0xb0,
    0x0, 0x0, 0x0, 0x0, 0x0, 0x0, 0xef, 0x70,
    0x0, 0x0, 0x0, 0x0, 0x0, 0x3, 0xff, 0x30,
    0x0, 0x0, 0x0, 0x0, 0x0, 0x3, 0x77, 0x0,

    /* U+048C "Ҍ" */
    0x0, 0xbf, 0xe0, 0x0, 0x0, 0x0, 0x0, 0x0,
    0xbf, 0xe0, 0x0, 0x0, 0x0, 0x0, 0x7f, 0xff,
    0xff, 0xff, 0xb0, 0x0, 0x0, 0x7f, 0xff, 0xff,
    0xff, 0xb0, 0x0, 0x0, 0x13, 0xcf, 0xe3, 0x33,
    0x20, 0x0, 0x0, 0x0, 0xbf, 0xe0, 0x0, 0x0,
    0x0, 0x0, 0x0, 0xbf, 0xe0, 0x0, 0x0, 0x0,
    0x0, 0x0, 0xbf, 0xff, 0xff, 0xec, 0x71, 0x0,
    0x0, 0xbf, 0xff, 0xff, 0xff, 0xfe, 0x40, 0x0,
    0xbf, 0xe3, 0x33, 0x5a, 0xff, 0xf1, 0x0, 0xbf,
    0xe0, 0x0, 0x0, 0x5f, 0xf8, 0x0, 0xbf, 0xe0,
    0x0, 0x0, 0xf, 0xfb, 0x0, 0xbf, 0xe0, 0x0,
    0x0, 0xf, 0xfb, 0x0, 0xbf, 0xe0, 0x0, 0x0,
    0x6f, 0xf8, 0x0, 0xbf, 0xe2, 0x22, 0x49, 0xff,
    0xf1, 0x0, 0xbf, 0xff, 0xff, 0xff, 0xff, 0x40,
    0x0, 0xbf, 0xff, 0xff, 0xec, 0x81, 0x0,

    /* U+048D "ҍ" */
    0x0, 0xff, 0x80, 0x0, 0x0, 0x0, 0x0, 0x0,
    0xff, 0x80, 0x0, 0x0, 0x0, 0x0, 0x0, 0xff,
    0x80, 0x0, 0x0, 0x0, 0x0, 0xdf, 0xff, 0xff,
    0xff, 0x50, 0x0, 0x0, 0xac, 0xff, 0xec, 0xcc,
    0x40, 0x0, 0x0, 0x0, 0xff, 0x80, 0x0, 0x0,
    0x0, 0x0, 0x0, 0xff, 0x80, 0x0, 0x0, 0x0,
    0x0, 0x0, 0xff, 0x80, 0x0, 0x0, 0x0, 0x0,
    0x0, 0xff, 0x80, 0x0, 0x0, 0x0, 0x0, 0x0,
    0xff, 0x80, 0x0, 0x0, 0x0, 0x0, 0x0, 0xff,
    0xff, 0xff, 0xed, 0xa3, 0x0, 0x0, 0xff, 0xff,
    0xff, 0xff, 0xff, 0x60, 0x0, 0xff, 0x80, 0x0,
    0x14, 0xef, 0xf0, 0x0, 0xff, 0x80, 0x0, 0x0,
    0x6f, 0xf3, 0x0, 0xff, 0x80, 0x0, 0x0, 0x6f,
    0xf2, 0x0, 0xff, 0x80, 0x0, 0x3, 0xef, 0xe0,
    0x0, 0xff, 0xfe, 0xee, 0xff, 0xff, 0x40, 0x0,
    0xff, 0xff, 0xff, 0xfd, 0xa3, 0x0,

    /* U+048E "Ҏ" */
    0xbf, 0xff, 0xff, 0xec, 0x81, 0x0, 0xbf, 0xff,
    0xff, 0xff, 0xff, 0x40, 0xbf, 0xe2, 0x23, 0x5a,
    0xff, 0xf1, 0xbf, 0xe0, 0x0, 0x0, 0x8f, 0xf6,
    0xbf, 0xe0, 0x0, 0x0, 0x2f, 0xf9, 0xbf, 0xe0,
    0x0, 0x30, 0x1f, 0xf8, 0xbf, 0xe0, 0xc, 0xf3,
    0x7f, 0xf5, 0xbf, 0xe0, 0x5, 0xfe, 0xff, 0xd0,
    0xbf, 0xff, 0xff, 0xff, 0xfe, 0x30, 0xbf, 0xff,
    0xff, 0xff, 0xf6, 0x0, 0xbf, 0xe2, 0x21, 0x2,
    0xff, 0x20, 0xbf, 0xe0, 0x0, 0x0, 0x6b, 0x0,
    0xbf, 0xe0, 0x0, 0x0, 0x0, 0x0, 0xbf, 0xe0,
    0x0, 0x0, 0x0, 0x0, 0xbf, 0xe0, 0x0, 0x0,
    0x0, 0x0, 0xbf, 0xe0, 0x0, 0x0, 0x0, 0x0,
    0xbf, 0xe0, 0x0, 0x0, 0x0, 0x0,

    /* U+048F "ҏ" */
    0xf, 0xf2, 0x2a, 0xef, 0xe9, 0x10, 0x0, 0xff,
    0xaf, 0xfd, 0xef, 0xfe, 0x20, 0xf, 0xff, 0xa1,
    0x0, 0x4f, 0xfc, 0x0, 0xff, 0xe0, 0x0, 0x0,
    0x7f, 0xf3, 0xf, 0xfa, 0x0, 0x0, 0x2, 0xff,
    0x70, 0xff, 0x80, 0x0, 0x0, 0xf, 0xf9, 0xf,
    0xf8, 0x0, 0x0, 0x0, 0xff, 0x90, 0xff, 0xa0,
    0x0, 0x0, 0x1f, 0xf8, 0xf, 0xfc, 0x0, 0x2c,
    0x34, 0xff, 0x60, 0xff, 0xf2, 0x5, 0xfe, 0xcf,
    0xf2, 0xf, 0xff, 0xd4, 0x1a, 0xff, 0xfb, 0x0,
    0xff, 0xaf, 0xff, 0xff, 0xfe, 0x10, 0xf, 0xf7,
    0x2a, 0xef, 0xdf, 0xf2, 0x0, 0xff, 0x80, 0x0,
    0x0, 0x6f, 0xa0, 0xf, 0xf8, 0x0, 0x0, 0x0,
    0x71, 0x0, 0xff, 0x80, 0x0, 0x0, 0x0, 0x0,
    0xf, 0xf8, 0x0, 0x0, 0x0, 0x0, 0x0, 0xff,
    0x80, 0x0, 0x0, 0x0, 0x0, 0xf, 0xf8, 0x0,
    0x0, 0x0, 0x0, 0x0,

    /* U+0490 "Ґ" */
    0x0, 0x0, 0x0, 0x0, 0x68, 0x40, 0x0, 0x0,
    0x0, 0xd, 0xf8, 0x0, 0x0, 0x0, 0x0, 0xdf,
    0x80, 0x0, 0x0, 0x0, 0xd, 0xf8, 0xcf, 0xff,
    0xff, 0xff, 0xff, 0x8c, 0xff, 0xff, 0xff, 0xff,
    0xf8, 0xcf, 0xe3, 0x33, 0x33, 0x33, 0x1c, 0xfd,
    0x0, 0x0, 0x0, 0x0, 0xcf, 0xd0, 0x0, 0x0,
    0x0, 0xc, 0xfd, 0x0, 0x0, 0x0, 0x0, 0xcf,
    0xd0, 0x0, 0x0, 0x0, 0xc, 0xfd, 0x0, 0x0,
    0x0, 0x0, 0xcf, 0xd0, 0x0, 0x0, 0x0, 0xc,
    0xfd, 0x0, 0x0, 0x0, 0x0, 0xcf, 0xd0, 0x0,
    0x0, 0x0, 0xc, 0xfd, 0x0, 0x0, 0x0, 0x0,
    0xcf, 0xd0, 0x0, 0x0, 0x0, 0xc, 0xfd, 0x0,
    0x0, 0x0, 0x0, 0xcf, 0xd0, 0x0, 0x0, 0x0,
    0xc, 0xfd, 0x0, 0x0, 0x0, 0x0, 0xcf, 0xd0,
    0x0, 0x0, 0x0, 0x0,

    /* U+0491 "ґ" */
    0x0, 0x0, 0x0, 0x8, 0x83, 0x0, 0x0, 0x0,
    0xf, 0xf6, 0x0, 0x0, 0x0, 0xf, 0xf6, 0x0,
    0x0, 0x0, 0xf, 0xf6, 0xf, 0xff, 0xff, 0xff,
    0xf6, 0xf, 0xff, 0xee, 0xee, 0xe5, 0xf, 0xf8,
    0x0, 0x0, 0x0, 0xf, 0xf8, 0x0, 0x0, 0x0,
    0xf, 0xf8, 0x0, 0x0, 0x0, 0xf, 0xf8, 0x0,
    0x0, 0x0, 0xf, 0xf8, 0x0, 0x0, 0x0, 0xf,
    0xf8, 0x0, 0x0, 0x0, 0xf, 0xf8, 0x0, 0x0,
    0x0, 0xf, 0xf8, 0x0, 0x0, 0x0, 0xf, 0xf8,
    0x0, 0x0, 0x0, 0xf, 0xf8, 0x0, 0x0, 0x0,
    0xf, 0xf8, 0x0, 0x0, 0x0,

    /* U+0492 "Ғ" */
    0x0, 0xbf, 0xff, 0xff, 0xff, 0xff, 0x60, 0xb,
    0xff, 0xff, 0xff, 0xff, 0xf6, 0x0, 0xbf, 0xe3,
    0x33, 0x33, 0x33, 0x10, 0xb, 0xfe, 0x0, 0x0,
    0x0, 0x0, 0x0, 0xbf, 0xe0, 0x0, 0x0, 0x0,
    0x0, 0xb, 0xfe, 0x0, 0x0, 0x0, 0x0, 0x0,
    0xbf, 0xe0, 0x0, 0x0, 0x0, 0x1, 0x3c, 0xfe,
    0x33, 0x33, 0x20, 0x0, 0x7f, 0xff, 0xff, 0xff,
    0xfc, 0x0, 0x7, 0xff, 0xff, 0xff, 0xff, 0xc0,
    0x0, 0x0, 0xbf, 0xe0, 0x0, 0x0, 0x0, 0x0,
    0xb, 0xfe, 0x0, 0x0, 0x0, 0x0, 0x0, 0xbf,
    0xe0, 0x0, 0x0, 0x0, 0x0, 0xb, 0xfe, 0x0,
    0x0, 0x0, 0x0, 0x0, 0xbf, 0xe0, 0x0, 0x0,
    0x0, 0x0, 0xb, 0xfe, 0x0, 0x0, 0x0, 0x0,
    0x0, 0xbf, 0xe0, 0x0, 0x0, 0x0, 0x0,

    /* U+0493 "ғ" */
    0x1, 0xff, 0xff, 0xff, 0xff, 0x40, 0x1f, 0xff,
    0xff, 0xff, 0xf4, 0x1, 0xff, 0x81, 0x11, 0x11,
    0x0, 0x1f, 0xf7, 0x0, 0x0, 0x0, 0x1, 0xff,
    0x70, 0x0, 0x0, 0x0, 0x1f, 0xf7, 0x0, 0x0,
    0x0, 0xdf, 0xff, 0xff, 0xff, 0x70, 0xc, 0xff,
    0xff, 0xff, 0xf6, 0x0, 0x1, 0xff, 0x70, 0x0,
    0x0, 0x0, 0x1f, 0xf7, 0x0, 0x0, 0x0, 0x1,
    0xff, 0x70, 0x0, 0x0, 0x0, 0x1f, 0xf7, 0x0,
    0x0, 0x0, 0x1, 0xff, 0x70, 0x0, 0x0, 0x0,

    /* U+0494 "Ҕ" */
    0xbf, 0xff, 0xff, 0xff, 0xff, 0x70, 0x0, 0xbf,
    0xff, 0xff, 0xff, 0xff, 0x70, 0x0, 0xbf, 0xe3,
    0x33, 0x33, 0x33, 0x10, 0x0, 0xbf, 0xe0, 0x0,
    0x0, 0x0, 0x0, 0x0, 0xbf, 0xe0, 0x0, 0x0,
    0x0, 0x0, 0x0, 0xbf, 0xe0, 0x0, 0x0, 0x0,
    0x0, 0x0, 0xbf, 0xe0, 0x0, 0x0, 0x0, 0x0,
    0x0, 0xbf, 0xe2, 0x34, 0x21, 0x0, 0x0, 0x0,
    0xbf, 0xff, 0xff, 0xff, 0xc6, 0x0, 0x0, 0xbf,
    0xff, 0xff, 0xff, 0xff, 0xc1, 0x0, 0xbf, 0xe1,
    0x0, 0x26, 0xdf, 0xfb, 0x0, 0xbf, 0xe0, 0x0,
    0x0, 0xc, 0xff, 0x60, 0xbf, 0xe0, 0x0, 0x0,
    0x1, 0xff, 0xc0, 0xbf, 0xe0, 0x0, 0x0, 0x0,
    0xaf, 0xf0, 0xbf, 0xe0, 0x0, 0x0, 0x0, 0x7f,
    0xf2, 0xbf, 0xe0, 0x0, 0x0, 0x0, 0x6f, 0xf3,
    0xbf, 0xe0, 0x0, 0x0, 0x0, 0x7f, 0xf2, 0x0,
    0x0, 0x0, 0x0, 0x0, 0xaf, 0xf0, 0x0, 0x0,
    0x0, 0x0, 0x0, 0xff, 0xc0, 0x0, 0x0, 0x0,
    0x0, 0x9, 0xff, 0x60, 0x0, 0x7, 0x85, 0x46,
    0xcf, 0xfc, 0x0, 0x0, 0x9, 0xff, 0xff, 0xff,
    0xc1, 0x0, 0x0, 0x4, 0xbe, 0xfe, 0xc6, 0x0,
    0x0,

    /* U+0495 "ҕ" */
    0xf, 0xff, 0xff, 0xff, 0xf7, 0x0, 0xf, 0xff,
    0xff, 0xff, 0xf7, 0x0, 0xf, 0xf9, 0x11, 0x11,
    0x10, 0x0, 0xf, 0xf8, 0x0, 0x0, 0x0, 0x0,
    0xf, 0xf8, 0x0, 0x0, 0x0, 0x0, 0xf, 0xf9,
    0x33, 0x10, 0x0, 0x0, 0xf, 0xff, 0xff, 0xfe,
    0x70, 0x0, 0xf, 0xff, 0xff, 0xff, 0xfc, 0x0,
    0xf, 0xf9, 0x0, 0x3b, 0xff, 0xa0, 0xf, 0xf8,
    0x0, 0x0, 0xbf, 0xf1, 0xf, 0xf8, 0x0, 0x0,
    0x4f, 0xf5, 0xf, 0xf8, 0x0, 0x0, 0x1f, 0xf7,
    0xf, 0xf8, 0x0, 0x0, 0xf, 0xf8, 0x0, 0x0,
    0x0, 0x0, 0x1f, 0xf7, 0x0, 0x0, 0x0, 0x0,
    0x4f, 0xf5, 0x0, 0x0, 0x0, 0x0, 0xaf, 0xf1,
    0x0, 0x8, 0x63, 0x3a, 0xff, 0x90, 0x0, 0xb,
    0xff, 0xff, 0xfc, 0x0, 0x0, 0x5, 0xce, 0xfd,
    0x70, 0x0,

    /* U+0496 "Җ" */
    0x5f, 0xf7, 0x0, 0x0, 0xa, 0xfc, 0x0, 0x0,
    0x5, 0xff, 0x70, 0x0, 0x8f, 0xf3, 0x0, 0x0,
    0xaf, 0xc0, 0x0, 0x2, 0xff, 0xa0, 0x0, 0x0,
    0xcf, 0xe1, 0x0, 0xa, 0xfc, 0x0, 0x0, 0xdf,
    0xd0, 0x0, 0x0, 0x1, 0xef, 0xb0, 0x0, 0xaf,
    0xc0, 0x0, 0x9f, 0xf2, 0x0, 0x0, 0x0, 0x3,
    0xff, 0x70, 0xa, 0xfc, 0x0, 0x5f, 0xf5, 0x0,
    0x0, 0x0, 0x0, 0x7, 0xff, 0x40, 0xaf, 0xc0,
    0x2f, 0xf8, 0x0, 0x0, 0x0, 0x0, 0x0, 0xa,
    0xfe, 0x1a, 0xfc, 0xd, 0xfc, 0x0, 0x0, 0x0,
    0x0, 0x0, 0x0, 0xd, 0xfc, 0xaf, 0xca, 0xfe,
    0x10, 0x0, 0x0, 0x0, 0x0, 0x0, 0x0, 0x9f,
    0xfd, 0xfe, 0xff, 0xb0, 0x0, 0x0, 0x0, 0x0,
    0x0, 0x0, 0x4f, 0xf8, 0xaf, 0xc6, 0xff, 0x60,
    0x0, 0x0, 0x0, 0x0, 0x0, 0x1e, 0xfc, 0xa,
    0xfc, 0xa, 0xff, 0x30, 0x0, 0x0, 0x0, 0x0,
    0xc, 0xfe, 0x10, 0xaf, 0xc0, 0xd, 0xfe, 0x10,
    0x0, 0x0, 0x0, 0x8, 0xff, 0x40, 0xa, 0xfc,
    0x0, 0x3f, 0xfb, 0x0, 0x0, 0x0, 0x5, 0xff,
    0x80, 0x0, 0xaf, 0xc0, 0x0, 0x6f, 0xf7, 0x0,
    0x0, 0x2, 0xff, 0xc0, 0x0, 0xa, 0xfc, 0x0,
    0x0, 0xaf, 0xf5, 0x44, 0x0, 0xcf, 0xe1, 0x0,
    0x0, 0xaf, 0xc0, 0x0, 0x0, 0xdf, 0xff, 0xf2,
    0x9f, 0xf4, 0x0, 0x0, 0xa, 0xfc, 0x0, 0x0,
    0x3, 0xff, 0xff, 0x20, 0x0, 0x0, 0x0, 0x0,
    0x0, 0x0, 0x0, 0x0, 0x0, 0x6f, 0xf2, 0x0,
    0x0, 0x0, 0x0, 0x0, 0x0, 0x0, 0x0, 0x0,
    0x6, 0xff, 0x20, 0x0, 0x0, 0x0, 0x0, 0x0,
    0x0, 0x0, 0x0, 0x0, 0x6f, 0xf2, 0x0, 0x0,
    0x0, 0x0, 0x0, 0x0, 0x0, 0x0, 0x0, 0x6,
    0xff, 0x20, 0x0, 0x0, 0x0, 0x0, 0x0, 0x0,
    0x0, 0x0, 0x0, 0x38, 0x81,

    /* U+0497 "җ" */
    0x2f, 0xfa, 0x0, 0x0, 0xcf, 0xa0, 0x0, 0xb,
    0xfe, 0x10, 0x5, 0xff, 0x60, 0x0, 0xcf, 0xa0,
    0x0, 0x7f, 0xf3, 0x0, 0x0, 0x8f, 0xf3, 0x0,
    0xcf, 0xa0, 0x4, 0xff, 0x60, 0x0, 0x0, 0xa,
    0xfe, 0x10, 0xcf, 0xa0, 0x2f, 0xf9, 0x0, 0x0,
    0x0, 0x0, 0xdf, 0xc0, 0xcf, 0xa0, 0xdf, 0xb0,
    0x0, 0x0, 0x0, 0x0, 0x2e, 0xf9, 0xcf, 0xab,
    0xfd, 0x10, 0x0, 0x0, 0x0, 0x0, 0xa, 0xff,
    0xdf, 0xdf, 0xf8, 0x0, 0x0, 0x0, 0x0, 0x0,
    0x6f, 0xf5, 0xcf, 0xa7, 0xff, 0x40, 0x0, 0x0,
    0x0, 0x4, 0xff, 0x80, 0xcf, 0xa0, 0xaf, 0xf2,
    0x0, 0x0, 0x0, 0x2e, 0xfb, 0x0, 0xcf, 0xa0,
    0xc, 0xfd, 0x10, 0x0, 0x1, 0xdf, 0xd1, 0x0,
    0xcf, 0xa0, 0x1, 0xef, 0xc0, 0x0, 0xb, 0xff,
    0x20, 0x0, 0xcf, 0xa0, 0x0, 0x3f, 0xff, 0xfb,
    0x9f, 0xf4, 0x0, 0x0, 0xcf, 0xa0, 0x0, 0x6,
    0xff, 0xfb, 0x0, 0x0, 0x0, 0x0, 0x0, 0x0,
    0x0, 0x0, 0xa, 0xfb, 0x0, 0x0, 0x0, 0x0,
    0x0, 0x0, 0x0, 0x0, 0xa, 0xfb, 0x0, 0x0,
    0x0, 0x0, 0x0, 0x0, 0x0, 0x0, 0xa, 0xfb,
    0x0, 0x0, 0x0, 0x0, 0x0, 0x0, 0x0, 0x0,
    0xa, 0xfb, 0x0, 0x0, 0x0, 0x0, 0x0, 0x0,
    0x0, 0x0, 0x5, 0x85,

    /* U+0498 "Ҙ" */
    0x1, 0x6b, 0xef, 0xfe, 0xb5, 0x0, 0x0, 0xbf,
    0xff, 0xff, 0xff, 0xfc, 0x0, 0x6, 0xe9, 0x53,
    0x36, 0xdf, 0xf9, 0x0, 0x0, 0x0, 0x0, 0x1,
    0xef, 0xf0, 0x0, 0x0, 0x0, 0x0, 0xa, 0xff,
    0x0, 0x0, 0x0, 0x0, 0x0, 0xaf, 0xf0, 0x0,
    0x0, 0x0, 0x0, 0x1e, 0xf9, 0x0, 0x0, 0x11,
    0x13, 0x7e, 0xfd, 0x10, 0x0, 0xe, 0xff, 0xff,
    0xe7, 0x0, 0x0, 0x0, 0xef, 0xff, 0xff, 0xe9,
    0x10, 0x0, 0x0, 0x0, 0x2, 0x7f, 0xfd, 0x10,
    0x0, 0x0, 0x0, 0x0, 0x5f, 0xf7, 0x0, 0x0,
    0x0, 0x0, 0x2, 0xff, 0x90, 0x0, 0x0, 0x0,
    0x0, 0x7f, 0xf7, 0xc, 0x85, 0x42, 0x35, 0xaf,
    0xff, 0x20, 0xff, 0xff, 0xff, 0xff, 0xfe, 0x40,
    0x5, 0xad, 0xef, 0xfe, 0xb7, 0x10, 0x0, 0x0,
    0x0, 0x3f, 0x90, 0x0, 0x0, 0x0, 0x0, 0x0,
    0x9f, 0x50, 0x0, 0x0, 0x0, 0x0, 0x3, 0xfb,
    0x0, 0x0, 0x0, 0x0, 0x0, 0x3f, 0xc0, 0x0,
    0x0, 0x0, 0x3, 0xbe, 0xf8, 0x0, 0x0, 0x0,
    0x0, 0x3e, 0xfa, 0x0, 0x0, 0x0,

    /* U+0499 "ҙ" */
    0x4, 0x9c, 0xef, 0xeb, 0x50, 0x0, 0xdf, 0xff,
    0xff, 0xff, 0x90, 0x7, 0x93, 0x10, 0x2b, 0xff,
    0x30, 0x0, 0x0, 0x0, 0x3f, 0xf6, 0x0, 0x0,
    0x0, 0x3, 0xff, 0x50, 0x0, 0x0, 0x2, 0xcf,
    0xe0, 0x0, 0x3e, 0xef, 0xff, 0xa1, 0x0, 0x3,
    0xff, 0xff, 0xfc, 0x60, 0x0, 0x0, 0x0, 0x27,
    0xff, 0x60, 0x0, 0x0, 0x0, 0xd, 0xfc, 0x17,
    0x31, 0x0, 0x17, 0xff, 0xb2, 0xff, 0xff, 0xff,
    0xff, 0xf3, 0x8, 0xce, 0xff, 0xfd, 0x81, 0x0,
    0x0, 0x3, 0xf9, 0x0, 0x0, 0x0, 0x0, 0x9,
    0xf5, 0x0, 0x0, 0x0, 0x0, 0x3f, 0xb0, 0x0,
    0x0, 0x0, 0x3, 0xfc, 0x0, 0x0, 0x0, 0x2b,
    0xdf, 0x80, 0x0, 0x0, 0x3, 0xef, 0xa1, 0x0,
    0x0,

    /* U+049A "Қ" */
    0xbf, 0xe0, 0x0, 0x0, 0x6, 0xff, 0x70, 0xb,
    0xfe, 0x0, 0x0, 0x4, 0xff, 0x90, 0x0, 0xbf,
    0xe0, 0x0, 0x3, 0xff, 0xb0, 0x0, 0xb, 0xfe,
    0x0, 0x1, 0xef, 0xd0, 0x0, 0x0, 0xbf, 0xe0,
    0x0, 0xdf, 0xe1, 0x0, 0x0, 0xb, 0xfe, 0x0,
    0xbf, 0xf3, 0x0, 0x0, 0x0, 0xbf, 0xe0, 0x9f,
    0xf4, 0x0, 0x0, 0x0, 0xb, 0xfe, 0x7f, 0xf7,
    0x0, 0x0, 0x0, 0x0, 0xbf, 0xee, 0xff, 0x10,
    0x0, 0x0, 0x0, 0xb, 0xfe, 0x3f, 0xfd, 0x0,
    0x0, 0x0, 0x0, 0xbf, 0xe0, 0x5f, 0xfb, 0x0,
    0x0, 0x0, 0xb, 0xfe, 0x0, 0x7f, 0xf9, 0x0,
    0x0, 0x0, 0xbf, 0xe0, 0x0, 0xaf, 0xf6, 0x0,
    0x0, 0xb, 0xfe, 0x0, 0x0, 0xcf, 0xf4, 0x0,
    0x0, 0xbf, 0xe0, 0x0, 0x1, 0xdf, 0xf5, 0x44,
    0x1b, 0xfe, 0x0, 0x0, 0x2, 0xff, 0xff, 0xf4,
    0xbf, 0xe0, 0x0, 0x0, 0x4, 0xff, 0xff, 0x40,
    0x0, 0x0, 0x0, 0x0, 0x0, 0x3f, 0xf4, 0x0,
    0x0, 0x0, 0x0, 0x0, 0x3, 0xff, 0x40, 0x0,
    0x0, 0x0, 0x0, 0x0, 0x3f, 0xf4, 0x0, 0x0,
    0x0, 0x0, 0x0, 0x3, 0xff, 0x40, 0x0, 0x0,
    0x0, 0x0, 0x0, 0x18, 0x82,

    /* U+049B "қ" */
    0xf, 0xf8, 0x0, 0x0, 0x9f, 0xf4, 0x0, 0xff,
    0x80, 0x0, 0x6f, 0xf6, 0x0, 0xf, 0xf8, 0x0,
    0x4f, 0xf8, 0x0, 0x0, 0xff, 0x80, 0x2e, 0xfa,
    0x0, 0x0, 0xf, 0xf8, 0x1d, 0xfc, 0x0, 0x0,
    0x0, 0xff, 0x8c, 0xfd, 0x10, 0x0, 0x0, 0xf,
    0xfd, 0xff, 0x80, 0x0, 0x0, 0x0, 0xff, 0x89,
    0xff, 0x50, 0x0, 0x0, 0xf, 0xf8, 0xb, 0xff,
    0x30, 0x0, 0x0, 0xff, 0x80, 0xc, 0xfe, 0x20,
    0x0, 0xf, 0xf8, 0x0, 0x1e, 0xfd, 0x10, 0x0,
    0xff, 0x80, 0x0, 0x2f, 0xff, 0xfb, 0xf, 0xf8,
    0x0, 0x0, 0x4f, 0xff, 0xb0, 0x0, 0x0, 0x0,
    0x0, 0xa, 0xfb, 0x0, 0x0, 0x0, 0x0, 0x0,
    0xaf, 0xb0, 0x0, 0x0, 0x0, 0x0, 0xa, 0xfb,
    0x0, 0x0, 0x0, 0x0, 0x0, 0xaf, 0xb0, 0x0,
    0x0, 0x0, 0x0, 0x5, 0x86,

    /* U+049C "Ҝ" */
    0xcf, 0xd0, 0x0, 0x0, 0x8, 0xff, 0x60, 0xcf,
    0xd0, 0x0, 0x0, 0x5f, 0xf9, 0x0, 0xcf, 0xd0,
    0x67, 0x3, 0xff, 0xb0, 0x0, 0xcf, 0xd0, 0xbd,
    0x2e, 0xfd, 0x0, 0x0, 0xcf, 0xd0, 0xbd, 0xdf,
    0xe1, 0x0, 0x0, 0xcf, 0xd0, 0xbf, 0xff, 0x30,
    0x0, 0x0, 0xcf, 0xd0, 0xcf, 0xf5, 0x0, 0x0,
    0x0, 0xcf, 0xd7, 0xff, 0x70, 0x0, 0x0, 0x0,
    0xcf, 0xee, 0xff, 0x10, 0x0, 0x0, 0x0, 0xcf,
    0xd4, 0xff, 0xc0, 0x0, 0x0, 0x0, 0xcf, 0xd0,
    0xbf, 0xfa, 0x0, 0x0, 0x0, 0xcf, 0xd0, 0xbf,
    0xff, 0x80, 0x0, 0x0, 0xcf, 0xd0, 0xbd, 0xaf,
    0xf6, 0x0, 0x0, 0xcf, 0xd0, 0xbd, 0xc, 0xff,
    0x30, 0x0, 0xcf, 0xd0, 0x0, 0x1, 0xef, 0xe2,
    0x0, 0xcf, 0xd0, 0x0, 0x0, 0x3f, 0xfd, 0x10,
    0xcf, 0xd0, 0x0, 0x0, 0x4, 0xff, 0xb0,

    /* U+049D "ҝ" */
    0xf, 0xf8, 0x0, 0x0, 0x8f, 0xf4, 0x0, 0xff,
    0x82, 0xa4, 0x4f, 0xf6, 0x0, 0xf, 0xf8, 0x3f,
    0x8e, 0xf9, 0x0, 0x0, 0xff, 0x83, 0xff, 0xfb,
    0x0, 0x0, 0xf, 0xf8, 0x3f, 0xfd, 0x10, 0x0,
    0x0, 0xff, 0x89, 0xfe, 0x20, 0x0, 0x0, 0xf,
    0xfd, 0xff, 0x80, 0x0, 0x0, 0x0, 0xff, 0x8b,
    0xff, 0x30, 0x0, 0x0, 0xf, 0xf8, 0x3f, 0xfe,
    0x20, 0x0, 0x0, 0xff, 0x83, 0xff, 0xfe, 0x10,
    0x0, 0xf, 0xf8, 0x3f, 0x8e, 0xfd, 0x0, 0x0,
    0xff, 0x83, 0xf6, 0x3f, 0xfb, 0x0, 0xf, 0xf8,
    0x0, 0x0, 0x4f, 0xfa, 0x0,

    /* U+049E "Ҟ" */
    0x0, 0xbf, 0xe0, 0x0, 0x0, 0x6, 0xff, 0x60,
    0x0, 0xbf, 0xe0, 0x0, 0x0, 0x1f, 0xfb, 0x0,
    0x7f, 0xff, 0xff, 0xf1, 0x0, 0xbf, 0xe1, 0x0,
    0x7f, 0xff, 0xff, 0xf1, 0x6, 0xff, 0x50, 0x0,
    0x13, 0xcf, 0xe3, 0x30, 0x2f, 0xfa, 0x0, 0x0,
    0x0, 0xbf, 0xe0, 0x0, 0xcf, 0xe1, 0x0, 0x0,
    0x0, 0xbf, 0xe0, 0x7, 0xff, 0x40, 0x0, 0x0,
    0x0, 0xbf, 0xff, 0xff, 0xf9, 0x0, 0x0, 0x0,
    0x0, 0xbf, 0xff, 0xff, 0xfa, 0x0, 0x0, 0x0,
    0x0, 0xbf, 0xe3, 0x3b, 0xff, 0x40, 0x0, 0x0,
    0x0, 0xbf, 0xe0, 0x1, 0xef, 0xe1, 0x0, 0x0,
    0x0, 0xbf, 0xe0, 0x0, 0x5f, 0xf9, 0x0, 0x0,
    0x0, 0xbf, 0xe0, 0x0, 0xb, 0xff, 0x40, 0x0,
    0x0, 0xbf, 0xe0, 0x0, 0x1, 0xef, 0xe0, 0x0,
    0x0, 0xbf, 0xe0, 0x0, 0x0, 0x5f, 0xf9, 0x0,
    0x0, 0xbf, 0xe0, 0x0, 0x0, 0xb, 0xff, 0x40,
    0x0, 0xbf, 0xe0, 0x0, 0x0, 0x1, 0xff, 0xe0,

    /* U+049F "ҟ" */
    0x0, 0xff, 0x90, 0x0, 0x0, 0x0, 0x0, 0x0,
    0xff, 0x90, 0x0, 0x0, 0x0, 0x0, 0xdf, 0xff,
    0xff, 0xff, 0xa0, 0x0, 0x0, 0x9c, 0xff, 0xec,
    0xcc, 0x70, 0x0, 0x0, 0x0, 0xff, 0x90, 0x0,
    0x0, 0x0, 0x0, 0x0, 0xff, 0x90, 0x0, 0x8,
    0xff, 0x40, 0x0, 0xff, 0x90, 0x0, 0x5f, 0xf6,
    0x0, 0x0, 0xff, 0x90, 0x3, 0xff, 0x80, 0x0,
    0x0, 0xff, 0x90, 0x2e, 0xfa, 0x0, 0x0, 0x0,
    0xff, 0x91, 0xdf, 0xc0, 0x0, 0x0, 0x0, 0xff,
    0x9b, 0xfd, 0x10, 0x0, 0x0, 0x0, 0xff, 0xcf,
    0xf9, 0x0, 0x0, 0x0, 0x0, 0xff, 0x97, 0xff,
    0x60, 0x0, 0x0, 0x0, 0xff, 0x90, 0xaf, 0xf4,
    0x0, 0x0, 0x0, 0xff, 0x90, 0xc, 0xff, 0x20,
    0x0, 0x0, 0xff, 0x90, 0x1, 0xdf, 0xe1, 0x0,
    0x0, 0xff, 0x90, 0x0, 0x2e, 0xfc, 0x0, 0x0,
    0xff, 0x90, 0x0, 0x3, 0xff, 0xb0,

    /* U+04A0 "Ҡ" */
    0xef, 0xff, 0xff, 0x90, 0x0, 0x0, 0xa, 0xff,
    0x3e, 0xff, 0xff, 0xf9, 0x0, 0x0, 0x8, 0xff,
    0x50, 0x33, 0x33, 0xff, 0x90, 0x0, 0x6, 0xff,
    0x70, 0x0, 0x0, 0xf, 0xf9, 0x0, 0x4, 0xff,
    0x90, 0x0, 0x0, 0x0, 0xff, 0x90, 0x3, 0xff,
    0xb0, 0x0, 0x0, 0x0, 0xf, 0xf9, 0x1, 0xef,
    0xd0, 0x0, 0x0, 0x0, 0x0, 0xff, 0x91, 0xdf,
    0xe1, 0x0, 0x0, 0x0, 0x0, 0xf, 0xf9, 0xbf,
    0xf3, 0x0, 0x0, 0x0, 0x0, 0x0, 0xff, 0xdf,
    0xfc, 0x0, 0x0, 0x0, 0x0, 0x0, 0xf, 0xf9,
    0x7f, 0xf9, 0x0, 0x0, 0x0, 0x0, 0x0, 0xff,
    0x90, 0x9f, 0xf7, 0x0, 0x0, 0x0, 0x0, 0xf,
    0xf9, 0x0, 0xbf, 0xf4, 0x0, 0x0, 0x0, 0x0,
    0xff, 0x90, 0x1, 0xdf, 0xf2, 0x0, 0x0, 0x0,
    0xf, 0xf9, 0x0, 0x2, 0xef, 0xe1, 0x0, 0x0,
    0x0, 0xff, 0x90, 0x0, 0x3, 0xff, 0xc0, 0x0,
    0x0, 0xf, 0xf9, 0x0, 0x0, 0x5, 0xff, 0xa0,
    0x0, 0x0, 0xff, 0x90, 0x0, 0x0, 0x8, 0xff,
    0x80,

    /* U+04A1 "ҡ" */
    0xbf, 0xff, 0xff, 0xd0, 0x0, 0x3, 0xff, 0x70,
    0xaf, 0xff, 0xff, 0xd0, 0x0, 0x2e, 0xfa, 0x0,
    0x0, 0x0, 0x9f, 0xd0, 0x0, 0xdf, 0xb0, 0x0,
    0x0, 0x0, 0x9f, 0xd0, 0xb, 0xfd, 0x10, 0x0,
    0x0, 0x0, 0x9f, 0xd0, 0x9f, 0xe2, 0x0, 0x0,
    0x0, 0x0, 0x9f, 0xd7, 0xff, 0x30, 0x0, 0x0,
    0x0, 0x0, 0x9f, 0xee, 0xfc, 0x0, 0x0, 0x0,
    0x0, 0x0, 0x9f, 0xd3, 0xff, 0x90, 0x0, 0x0,
    0x0, 0x0, 0x9f, 0xd0, 0x5f, 0xf7, 0x0, 0x0,
    0x0, 0x0, 0x9f, 0xd0, 0x7, 0xff, 0x50, 0x0,
    0x0, 0x0, 0x9f, 0xd0, 0x0, 0x9f, 0xf3, 0x0,
    0x0, 0x0, 0x9f, 0xd0, 0x0, 0xb, 0xfe, 0x20,
    0x0, 0x0, 0x9f, 0xd0, 0x0, 0x0, 0xdf, 0xd1,

    /* U+04A2 "Ң" */
    0xbf, 0xe0, 0x0, 0x0, 0x0, 0xe, 0xfa, 0x0,
    0xb, 0xfe, 0x0, 0x0, 0x0, 0x0, 0xef, 0xa0,
    0x0, 0xbf, 0xe0, 0x0, 0x0, 0x0, 0xe, 0xfa,
    0x0, 0xb, 0xfe, 0x0, 0x0, 0x0, 0x0, 0xef,
    0xa0, 0x0, 0xbf, 0xe0, 0x0, 0x0, 0x0, 0xe,
    0xfa, 0x0, 0xb, 0xfe, 0x0, 0x0, 0x0, 0x0,
    0xef, 0xa0, 0x0, 0xbf, 0xe0, 0x0, 0x0, 0x0,
    0xe, 0xfa, 0x0, 0xb, 0xff, 0xff, 0xff, 0xff,
    0xff, 0xff, 0xa0, 0x0, 0xbf, 0xff, 0xff, 0xff,
    0xff, 0xff, 0xfa, 0x0, 0xb, 0xfe, 0x33, 0x33,
    0x33, 0x33, 0xef, 0xa0, 0x0, 0xbf, 0xe0, 0x0,
    0x0, 0x0, 0xe, 0xfa, 0x0, 0xb, 0xfe, 0x0,
    0x0, 0x0, 0x0, 0xef, 0xa0, 0x0, 0xbf, 0xe0,
    0x0, 0x0, 0x0, 0xe, 0xfa, 0x0, 0xb, 0xfe,
    0x0, 0x0, 0x0, 0x0, 0xef, 0xa0, 0x0, 0xbf,
    0xe0, 0x0, 0x0, 0x0, 0xe, 0xfa, 0x0, 0xb,
    0xfe, 0x0, 0x0, 0x0, 0x0, 0xef, 0xff, 0xf2,
    0xbf, 0xe0, 0x0, 0x0, 0x0, 0xe, 0xff, 0xff,
    0x20, 0x0, 0x0, 0x0, 0x0, 0x0, 0x0, 0x5f,
    0xf2, 0x0, 0x0, 0x0, 0x0, 0x0, 0x0, 0x5,
    0xff, 0x20, 0x0, 0x0, 0x0, 0x0, 0x0, 0x0,
    0x5f, 0xf2, 0x0, 0x0, 0x0, 0x0, 0x0, 0x0,
    0x5, 0xff, 0x20, 0x0, 0x0, 0x0, 0x0, 0x0,
    0x0, 0x4d, 0xd1,

    /* U+04A3 "ң" */
    0xf, 0xf8, 0x0, 0x0, 0x1, 0xff, 0x70, 0x0,
    0xff, 0x80, 0x0, 0x0, 0x1f, 0xf7, 0x0, 0xf,
    0xf8, 0x0, 0x0, 0x1, 0xff, 0x70, 0x0, 0xff,
    0x80, 0x0, 0x0, 0x1f, 0xf7, 0x0, 0xf, 0xf8,
    0x0, 0x0, 0x1, 0xff, 0x70, 0x0, 0xff, 0xff,
    0xff, 0xff, 0xff, 0xf7, 0x0, 0xf, 0xff, 0xff,
    0xff, 0xff, 0xff, 0x70, 0x0, 0xff, 0x80, 0x0,
    0x0, 0x1f, 0xf7, 0x0, 0xf, 0xf8, 0x0, 0x0,
    0x1, 0xff, 0x70, 0x0, 0xff, 0x80, 0x0, 0x0,
    0x1f, 0xf7, 0x0, 0xf, 0xf8, 0x0, 0x0, 0x1,
    0xff, 0x70, 0x0, 0xff, 0x80, 0x0, 0x0, 0x1f,
    0xff, 0xfc, 0xf, 0xf8, 0x0, 0x0, 0x1, 0xff,
    0xff, 0xc0, 0x0, 0x0, 0x0, 0x0, 0x0, 0xa,
    0xfc, 0x0, 0x0, 0x0, 0x0, 0x0, 0x0, 0xaf,
    0xc0, 0x0, 0x0, 0x0, 0x0, 0x0, 0xa, 0xfc,
    0x0, 0x0, 0x0, 0x0, 0x0, 0x0, 0xaf, 0xc0,
    0x0, 0x0, 0x0, 0x0, 0x0, 0x4, 0x75,

    /* U+04A4 "Ҥ" */
    0xbf, 0xe0, 0x0, 0x0, 0x0, 0xf, 0xff, 0xff,
    0xf9, 0xbf, 0xe0, 0x0, 0x0, 0x0, 0xf, 0xff,
    0xff, 0xf9, 0xbf, 0xe0, 0x0, 0x0, 0x0, 0xf,
    0xfb, 0x33, 0x31, 0xbf, 0xe0, 0x0, 0x0, 0x0,
    0xf, 0xfa, 0x0, 0x0, 0xbf, 0xe0, 0x0, 0x0,
    0x0, 0xf, 0xfa, 0x0, 0x0, 0xbf, 0xe0, 0x0,
    0x0, 0x0, 0xf, 0xfa, 0x0, 0x0, 0xbf, 0xe0,
    0x0, 0x0, 0x0, 0xf, 0xfa, 0x0, 0x0, 0xbf,
    0xff, 0xff, 0xff, 0xff, 0xff, 0xfa, 0x0, 0x0,
    0xbf, 0xff, 0xff, 0xff, 0xff, 0xff, 0xfa, 0x0,
    0x0, 0xbf, 0xe3, 0x33, 0x33, 0x33, 0x3f, 0xfa,
    0x0, 0x0, 0xbf, 0xe0, 0x0, 0x0, 0x0, 0xf,
    0xfa, 0x0, 0x0, 0xbf, 0xe0, 0x0, 0x0, 0x0,
    0xf, 0xfa, 0x0, 0x0, 0xbf, 0xe0, 0x0, 0x0,
    0x0, 0xf, 0xfa, 0x0, 0x0, 0xbf, 0xe0, 0x0,
    0x0, 0x0, 0xf, 0xfa, 0x0, 0x0, 0xbf, 0xe0,
    0x0, 0x0, 0x0, 0xf, 0xfa, 0x0, 0x0, 0xbf,
    0xe0, 0x0, 0x0, 0x0, 0xf, 0xfa, 0x0, 0x0,
    0xbf, 0xe0, 0x0, 0x0, 0x0, 0xf, 0xfa, 0x0,
    0x0,

    /* U+04A5 "ҥ" */
    0xf, 0xf8, 0x0, 0x0, 0x1, 0xff, 0xff, 0xff,
    0x90, 0xff, 0x80, 0x0, 0x0, 0x1f, 0xff, 0xff,
    0xf9, 0xf, 0xf8, 0x0, 0x0, 0x1, 0xff, 0x70,
    0x0, 0x0, 0xff, 0x80, 0x0, 0x0, 0x1f, 0xf7,
    0x0, 0x0, 0xf, 0xf8, 0x0, 0x0, 0x1, 0xff,
    0x70, 0x0, 0x0, 0xff, 0xff, 0xff, 0xff, 0xff,
    0xf7, 0x0, 0x0, 0xf, 0xff, 0xff, 0xff, 0xff,
    0xff, 0x70, 0x0, 0x0, 0xff, 0x80, 0x0, 0x0,
    0x1f, 0xf7, 0x0, 0x0, 0xf, 0xf8, 0x0, 0x0,
    0x1, 0xff, 0x70, 0x0, 0x0, 0xff, 0x80, 0x0,
    0x0, 0x1f, 0xf7, 0x0, 0x0, 0xf, 0xf8, 0x0,
    0x0, 0x1, 0xff, 0x70, 0x0, 0x0, 0xff, 0x80,
    0x0, 0x0, 0x1f, 0xf7, 0x0, 0x0, 0xf, 0xf8,
    0x0, 0x0, 0x1, 0xff, 0x70, 0x0, 0x0,

    /* U+04A6 "Ҧ" */
    0xbf, 0xff, 0xff, 0xff, 0xff, 0xff, 0xc0, 0x0,
    0x0, 0x0, 0x0, 0xb, 0xff, 0xff, 0xff, 0xff,
    0xff, 0xfc, 0x0, 0x0, 0x0, 0x0, 0x0, 0xbf,
    0xe3, 0x33, 0x33, 0x33, 0xdf, 0xc0, 0x0, 0x0,
    0x0, 0x0, 0xb, 0xfe, 0x0, 0x0, 0x0, 0xc,
    0xfc, 0x0, 0x0, 0x0, 0x0, 0x0, 0xbf, 0xe0,
    0x0, 0x0, 0x0, 0xcf, 0xc0, 0x0, 0x0, 0x0,
    0x0, 0xb, 0xfe, 0x0, 0x0, 0x0, 0xc, 0xfc,
    0x0, 0x0, 0x0, 0x0, 0x0, 0xbf, 0xe0, 0x0,
    0x0, 0x0, 0xcf, 0xc0, 0x0, 0x0, 0x0, 0x0,
    0xb, 0xfe, 0x0, 0x0, 0x0, 0xc, 0xfc, 0x23,
    0x31, 0x0, 0x0, 0x0, 0xbf, 0xe0, 0x0, 0x0,
    0x0, 0xcf, 0xff, 0xff, 0xff, 0xa3, 0x0, 0xb,
    0xfe, 0x0, 0x0, 0x0, 0xc, 0xff, 0xff, 0xff,
    0xff, 0xf7, 0x0, 0xbf, 0xe0, 0x0, 0x0, 0x0,
    0xcf, 0xd1, 0x0, 0x38, 0xff, 0xf5, 0xb, 0xfe,
    0x0, 0x0, 0x0, 0xc, 0xfc, 0x0, 0x0, 0x2,
    0xff, 0xf0, 0xbf, 0xe0, 0x0, 0x0, 0x0, 0xcf,
    0xc0, 0x0, 0x0, 0x6, 0xff, 0x6b, 0xfe, 0x0,
    0x0, 0x0, 0xc, 0xfc, 0x0, 0x0, 0x0, 0xf,
    0xfa, 0xbf, 0xe0, 0x0, 0x0, 0x0, 0xcf, 0xc0,
    0x0, 0x0, 0x0, 0xdf, 0xcb, 0xfe, 0x0, 0x0,
    0x0, 0xc, 0xfc, 0x0, 0x0, 0x0, 0xc, 0xfd,
    0xbf, 0xe0, 0x0, 0x0, 0x0, 0xcf, 0xc0, 0x0,
    0x0, 0x0, 0xdf, 0xc0, 0x0, 0x0, 0x0, 0x0,
    0x0, 0x0, 0x0, 0x0, 0x0, 0xf, 0xfa, 0x0,
    0x0, 0x0, 0x0, 0x0, 0x0, 0x0, 0x0, 0x0,
    0x6, 0xff, 0x60, 0x0, 0x0, 0x0, 0x0, 0x0,
    0x0, 0x0, 0x0, 0x2, 0xef, 0xf1, 0x0, 0x0,
    0x0, 0x0, 0x0, 0x0, 0xa, 0x75, 0x58, 0xef,
    0xf7, 0x0, 0x0, 0x0, 0x0, 0x0, 0x0, 0x0,
    0xff, 0xff, 0xff, 0xf8, 0x0, 0x0, 0x0, 0x0,
    0x0, 0x0, 0x0, 0x8, 0xdf, 0xfe, 0xa4, 0x0,
    0x0,

    /* U+04A7 "ҧ" */
    0xf, 0xff, 0xff, 0xff, 0xff, 0xfc, 0x0, 0x0,
    0x0, 0x0, 0xf, 0xff, 0xff, 0xff, 0xff, 0xfc,
    0x0, 0x0, 0x0, 0x0, 0xf, 0xf8, 0x0, 0x0,
    0xc, 0xfc, 0x0, 0x0, 0x0, 0x0, 0xf, 0xf8,
    0x0, 0x0, 0xc, 0xfc, 0x0, 0x0, 0x0, 0x0,
    0xf, 0xf8, 0x0, 0x0, 0xc, 0xfc, 0x0, 0x0,
    0x0, 0x0, 0xf, 0xf8, 0x0, 0x0, 0xc, 0xfc,
    0x22, 0x0, 0x0, 0x0, 0xf, 0xf8, 0x0, 0x0,
    0xc, 0xff, 0xff, 0xfb, 0x40, 0x0, 0xf, 0xf8,
    0x0, 0x0, 0xc, 0xff, 0xff, 0xff, 0xf7, 0x0,
    0xf, 0xf8, 0x0, 0x0, 0xc, 0xfc, 0x0, 0x4d,
    0xff, 0x30, 0xf, 0xf8, 0x0, 0x0, 0xc, 0xfc,
    0x0, 0x1, 0xff, 0xa0, 0xf, 0xf8, 0x0, 0x0,
    0xc, 0xfc, 0x0, 0x0, 0xaf, 0xf0, 0xf, 0xf8,
    0x0, 0x0, 0xc, 0xfc, 0x0, 0x0, 0x7f, 0xf0,
    0xf, 0xf8, 0x0, 0x0, 0xc, 0xfc, 0x0, 0x0,
    0x6f, 0xf2, 0x0, 0x0, 0x0, 0x0, 0x0, 0x0,
    0x0, 0x0, 0x7f, 0xf1, 0x0, 0x0, 0x0, 0x0,
    0x0, 0x0, 0x0, 0x0, 0x9f, 0xf0, 0x0, 0x0,
    0x0, 0x0, 0x0, 0x0, 0x0, 0x1, 0xef, 0xb0,
    0x0, 0x0, 0x0, 0x0, 0x0, 0x8, 0x63, 0x4c,
    0xff, 0x40, 0x0, 0x0, 0x0, 0x0, 0x0, 0xb,
    0xff, 0xff, 0xf9, 0x0, 0x0, 0x0, 0x0, 0x0,
    0x0, 0x5, 0xcf, 0xfc, 0x50, 0x0,

    /* U+04A8 "Ҩ" */
    0x0, 0x0, 0x5a, 0xef, 0xfd, 0x60, 0x0, 0x0,
    0x0, 0x1, 0xcf, 0xff, 0xff, 0xf4, 0x0, 0x0,
    0x0, 0x0, 0xcf, 0xfc, 0x53, 0x34, 0x0, 0x0,
    0x0, 0x0, 0x7f, 0xf9, 0x0, 0x0, 0x5c, 0xfe,
    0x91, 0x0, 0xe, 0xfe, 0x0, 0x0, 0x7f, 0xff,
    0xff, 0xe1, 0x3, 0xff, 0x80, 0x0, 0x1f, 0xfb,
    0x13, 0xff, 0x90, 0x6f, 0xf4, 0x0, 0x6, 0xff,
    0x30, 0x9, 0xff, 0x7, 0xff, 0x20, 0x0, 0x9f,
    0xf0, 0x0, 0x5f, 0xf2, 0x8f, 0xf2, 0x0, 0xa,
    0xfd, 0x0, 0x4, 0xff, 0x37, 0xff, 0x20, 0x0,
    0x9f, 0xe0, 0x0, 0x4f, 0xf3, 0x6f, 0xf4, 0x0,
    0x8, 0xff, 0x0, 0x6, 0xff, 0x12, 0xff, 0x90,
    0x0, 0x4f, 0xf4, 0x0, 0xbf, 0xe0, 0xd, 0xfe,
    0x10, 0x0, 0xef, 0xa0, 0x3f, 0xf8, 0x0, 0x5f,
    0xfc, 0x10, 0x8, 0xff, 0x6e, 0xff, 0x10, 0x0,
    0xaf, 0xfe, 0x84, 0x4f, 0xff, 0xff, 0x50, 0x0,
    0x0, 0x9f, 0xff, 0xff, 0xff, 0xff, 0xc3, 0x34,
    0x0, 0x0, 0x39, 0xdf, 0xfe, 0xce, 0xff, 0xff,
    0xb0, 0x0, 0x0, 0x0, 0x0, 0x0, 0x7, 0xdf,
    0xf8,

    /* U+04A9 "ҩ" */
    0x0, 0x7, 0xce, 0xfd, 0x0, 0x0, 0x0, 0x1,
    0xdf, 0xff, 0xfd, 0x0, 0x0, 0x0, 0xb, 0xff,
    0x61, 0x12, 0x0, 0x0, 0x0, 0x3f, 0xf6, 0x0,
    0x6, 0xdf, 0xd7, 0x0, 0x8f, 0xf1, 0x0, 0x8f,
    0xff, 0xff, 0x90, 0xaf, 0xe0, 0x0, 0xff, 0x90,
    0x7f, 0xf1, 0xbf, 0xd0, 0x2, 0xff, 0x30, 0x1f,
    0xf3, 0xaf, 0xf0, 0x2, 0xff, 0x20, 0x1f, 0xf3,
    0x8f, 0xf1, 0x0, 0xff, 0x50, 0x4f, 0xf1, 0x2f,
    0xf8, 0x0, 0xaf, 0xd1, 0xdf, 0xc0, 0xa, 0xff,
    0x72, 0x3f, 0xff, 0xff, 0x30, 0x1, 0xcf, 0xff,
    0xff, 0xff, 0xf7, 0x1, 0x0, 0x6, 0xce, 0xfe,
    0xcf, 0xff, 0xfa, 0x0, 0x0, 0x0, 0x0, 0x2,
    0xae, 0xe6,

    /* U+04AA "Ҫ" */
    0x0, 0x0, 0x17, 0xce, 0xff, 0xda, 0x50, 0x0,
    0x4, 0xff, 0xff, 0xff, 0xff, 0xf4, 0x0, 0x6f,
    0xff, 0x95, 0x34, 0x7c, 0xc0, 0x2, 0xff, 0xe2,
    0x0, 0x0, 0x0, 0x0, 0xa, 0xff, 0x30, 0x0,
    0x0, 0x0, 0x0, 0xf, 0xfa, 0x0, 0x0, 0x0,
    0x0, 0x0, 0x5f, 0xf6, 0x0, 0x0, 0x0, 0x0,
    0x0, 0x7f, 0xf3, 0x0, 0x0, 0x0, 0x0, 0x0,
    0x8f, 0xf2, 0x0, 0x0, 0x0, 0x0, 0x0, 0x8f,
    0xf3, 0x0, 0x0, 0x0, 0x0, 0x0, 0x7f, 0xf5,
    0x0, 0x0, 0x0, 0x0, 0x0, 0x5f, 0xfa, 0x0,
    0x0, 0x0, 0x0, 0x0, 0x1f, 0xff, 0x20, 0x0,
    0x0, 0x0, 0x0, 0xb, 0xff, 0xd1, 0x0, 0x0,
    0x0, 0x0, 0x3, 0xff, 0xff, 0x84, 0x34, 0x69,
    0xa0, 0x0, 0x8f, 0xff, 0xff, 0xff, 0xff, 0xd0,
    0x0, 0x6, 0xff, 0xff, 0xff, 0xda, 0x50, 0x0,
    0x0, 0x16, 0xcf, 0xb0, 0x0, 0x0, 0x0, 0x0,
    0x0, 0xc, 0xf7, 0x0, 0x0, 0x0, 0x0, 0x0,
    0x3, 0xfd, 0x0, 0x0, 0x0, 0x0, 0x0, 0x1,
    0xfe, 0x0, 0x0, 0x0, 0x0, 0x1, 0xbd, 0xfa,
    0x0, 0x0, 0x0, 0x0, 0x1, 0xef, 0xb1, 0x0,
    0x0,

    /* U+04AB "ҫ" */
    0x0, 0x5, 0xbe, 0xfe, 0xb7, 0x0, 0xb, 0xff,
    0xff, 0xff, 0xb0, 0x9, 0xff, 0xa3, 0x24, 0x84,
    0x1, 0xff, 0x90, 0x0, 0x0, 0x0, 0x7f, 0xf2,
    0x0, 0x0, 0x0, 0x9, 0xff, 0x0, 0x0, 0x0,
    0x0, 0xbf, 0xe0, 0x0, 0x0, 0x0, 0xb, 0xff,
    0x0, 0x0, 0x0, 0x0, 0xaf, 0xf2, 0x0, 0x0,
    0x0, 0x6, 0xff, 0x90, 0x0, 0x0, 0x0, 0x1f,
    0xff, 0x93, 0x24, 0x79, 0x0, 0x8f, 0xff, 0xff,
    0xff, 0xc0, 0x0, 0x9f, 0xff, 0xfe, 0xb4, 0x0,
    0x0, 0x3a, 0xfd, 0x10, 0x0, 0x0, 0x0, 0x9,
    0xfa, 0x0, 0x0, 0x0, 0x0, 0xf, 0xf0, 0x0,
    0x0, 0x0, 0x0, 0xef, 0x10, 0x0, 0x0, 0xb,
    0xcf, 0xd0, 0x0, 0x0, 0x0, 0xdf, 0xc3, 0x0,
    0x0,

    /* U+04AC "Ҭ" */
    0xbf, 0xff, 0xff, 0xff, 0xff, 0xff, 0xf2, 0xbf,
    0xff, 0xff, 0xff, 0xff, 0xff, 0xf2, 0x23, 0x33,
    0x3a, 0xff, 0x43, 0x33, 0x30, 0x0, 0x0, 0x8,
    0xff, 0x0, 0x0, 0x0, 0x0, 0x0, 0x8, 0xff,
    0x0, 0x0, 0x0, 0x0, 0x0, 0x8, 0xff, 0x0,
    0x0, 0x0, 0x0, 0x0, 0x8, 0xff, 0x0, 0x0,
    0x0, 0x0, 0x0, 0x8, 0xff, 0x0, 0x0, 0x0,
    0x0, 0x0, 0x8, 0xff, 0x0, 0x0, 0x0, 0x0,
    0x0, 0x8, 0xff, 0x0, 0x0, 0x0, 0x0, 0x0,
    0x8, 0xff, 0x0, 0x0, 0x0, 0x0, 0x0, 0x8,
    0xff, 0x0, 0x0, 0x0, 0x0, 0x0, 0x8, 0xff,
    0x0, 0x0, 0x0, 0x0, 0x0, 0x8, 0xff, 0x0,
    0x0, 0x0, 0x0, 0x0, 0x8, 0xff, 0x0, 0x0,
    0x0, 0x0, 0x0, 0x8, 0xff, 0xff, 0x80, 0x0,
    0x0, 0x0, 0x8, 0xff, 0xff, 0x80, 0x0, 0x0,
    0x0, 0x0, 0x0, 0xff, 0x80, 0x0, 0x0, 0x0,
    0x0, 0x0, 0xff, 0x80, 0x0, 0x0, 0x0, 0x0,
    0x0, 0xff, 0x80, 0x0, 0x0, 0x0, 0x0, 0x0,
    0xff, 0x80, 0x0, 0x0, 0x0, 0x0, 0x0, 0xcd,
    0x60, 0x0,

    /* U+04AD "ҭ" */
    0x8f, 0xff, 0xff, 0xff, 0xff, 0xf6, 0x8f, 0xff,
    0xff, 0xff, 0xff, 0xf6, 0x0, 0x0, 0x4f, 0xf3,
    0x0, 0x0, 0x0, 0x0, 0x4f, 0xf3, 0x0, 0x0,
    0x0, 0x0, 0x4f, 0xf3, 0x0, 0x0, 0x0, 0x0,
    0x4f, 0xf3, 0x0, 0x0, 0x0, 0x0, 0x4f, 0xf3,
    0x0, 0x0, 0x0, 0x0, 0x4f, 0xf3, 0x0, 0x0,
    0x0, 0x0, 0x4f, 0xf3, 0x0, 0x0, 0x0, 0x0,
    0x4f, 0xf3, 0x0, 0x0, 0x0, 0x0, 0x4f, 0xf3,
    0x0, 0x0, 0x0, 0x0, 0x4f, 0xff, 0xf8, 0x0,
    0x0, 0x0, 0x4f, 0xff, 0xf8, 0x0, 0x0, 0x0,
    0x0, 0xe, 0xf8, 0x0, 0x0, 0x0, 0x0, 0xe,
    0xf8, 0x0, 0x0, 0x0, 0x0, 0xe, 0xf8, 0x0,
    0x0, 0x0, 0x0, 0xe, 0xf8, 0x0, 0x0, 0x0,
    0x0, 0x6, 0x73, 0x0,

    /* U+04AE "Ү" */
    0xbf, 0xf1, 0x0, 0x0, 0x0, 0x1f, 0xfb, 0x3,
    0xff, 0x90, 0x0, 0x0, 0x9, 0xff, 0x30, 0xa,
    0xff, 0x20, 0x0, 0x2, 0xff, 0xa0, 0x0, 0x2f,
    0xfa, 0x0, 0x0, 0xaf, 0xf1, 0x0, 0x0, 0x9f,
    0xf3, 0x0, 0x2f, 0xf8, 0x0, 0x0, 0x1, 0xff,
    0xb0, 0xb, 0xfe, 0x10, 0x0, 0x0, 0x7, 0xff,
    0x33, 0xff, 0x70, 0x0, 0x0, 0x0, 0xe, 0xfc,
    0xbf, 0xd0, 0x0, 0x0, 0x0, 0x0, 0x6f, 0xff,
    0xf5, 0x0, 0x0, 0x0, 0x0, 0x0, 0xdf, 0xfc,
    0x0, 0x0, 0x0, 0x0, 0x0, 0x6, 0xff, 0x50,
    0x0, 0x0, 0x0, 0x0, 0x0, 0x5f, 0xf4, 0x0,
    0x0, 0x0, 0x0, 0x0, 0x5, 0xff, 0x40, 0x0,
    0x0, 0x0, 0x0, 0x0, 0x5f, 0xf4, 0x0, 0x0,
    0x0, 0x0, 0x0, 0x5, 0xff, 0x40, 0x0, 0x0,
    0x0, 0x0, 0x0, 0x5f, 0xf4, 0x0, 0x0, 0x0,
    0x0, 0x0, 0x5, 0xff, 0x40, 0x0, 0x0, 0x0,

    /* U+04AF "ү" */
    0xcf, 0xe0, 0x0, 0x0, 0x3, 0xff, 0x76, 0xff,
    0x40, 0x0, 0x0, 0x9f, 0xf1, 0x1f, 0xfa, 0x0,
    0x0, 0xe, 0xfa, 0x0, 0xaf, 0xf0, 0x0, 0x5,
    0xff, 0x40, 0x4, 0xff, 0x60, 0x0, 0xbf, 0xe0,
    0x0, 0xe, 0xfb, 0x0, 0x1f, 0xf8, 0x0, 0x0,
    0x8f, 0xf1, 0x6, 0xff, 0x20, 0x0, 0x2, 0xff,
    0x70, 0xcf, 0xc0, 0x0, 0x0, 0xb, 0xfc, 0x1f,
    0xf6, 0x0, 0x0, 0x0, 0x5f, 0xf6, 0xff, 0x0,
    0x0, 0x0, 0x0, 0xef, 0xef, 0xa0, 0x0, 0x0,
    0x0, 0x9, 0xff, 0xf3, 0x0, 0x0, 0x0, 0x0,
    0x3f, 0xfd, 0x0, 0x0, 0x0, 0x0, 0x0, 0xff,
    0x90, 0x0, 0x0, 0x0, 0x0, 0xf, 0xf9, 0x0,
    0x0, 0x0, 0x0, 0x0, 0xff, 0x90, 0x0, 0x0,
    0x0, 0x0, 0xf, 0xf9, 0x0, 0x0, 0x0, 0x0,
    0x0, 0xff, 0x90, 0x0, 0x0, 0x0, 0x0, 0xf,
    0xf9, 0x0, 0x0, 0x0,

    /* U+04B0 "Ұ" */
    0xbf, 0xf1, 0x0, 0x0, 0x0, 0x1f, 0xfb, 0x3,
    0xff, 0x90, 0x0, 0x0, 0x9, 0xff, 0x30, 0xa,
    0xff, 0x20, 0x0, 0x2, 0xff, 0xa0, 0x0, 0x2f,
    0xfa, 0x0, 0x0, 0xaf, 0xf1, 0x0, 0x0, 0x9f,
    0xf2, 0x0, 0x2f, 0xf8, 0x0, 0x0, 0x1, 0xff,
    0xb0, 0xa, 0xfe, 0x10, 0x0, 0x0, 0x7, 0xff,
    0x33, 0xff, 0x70, 0x0, 0x0, 0x0, 0xe, 0xfc,
    0xbf, 0xd0, 0x0, 0x0, 0x0, 0x0, 0x6f, 0xff,
    0xf5, 0x0, 0x0, 0x0, 0x0, 0x0, 0xdf, 0xfc,
    0x0, 0x0, 0x0, 0x0, 0x0, 0x6, 0xff, 0x50,
    0x0, 0x0, 0x0, 0xe, 0xff, 0xff, 0xff, 0xff,
    0xe0, 0x0, 0x0, 0xef, 0xff, 0xff, 0xff, 0xfe,
    0x0, 0x0, 0x3, 0x33, 0x7f, 0xf7, 0x33, 0x30,
    0x0, 0x0, 0x0, 0x5, 0xff, 0x40, 0x0, 0x0,
    0x0, 0x0, 0x0, 0x5f, 0xf4, 0x0, 0x0, 0x0,
    0x0, 0x0, 0x5, 0xff, 0x40, 0x0, 0x0, 0x0,

    /* U+04B1 "ұ" */
    0xcf, 0xe0, 0x0, 0x0, 0x3, 0xff, 0x76, 0xff,
    0x40, 0x0, 0x0, 0x9f, 0xf1, 0x1f, 0xfa, 0x0,
    0x0, 0xe, 0xfa, 0x0, 0xaf, 0xf0, 0x0, 0x5,
    0xff, 0x40, 0x4, 0xff, 0x50, 0x0, 0xbf, 0xe0,
    0x0, 0xe, 0xfb, 0x0, 0x1f, 0xf8, 0x0, 0x0,
    0x8f, 0xf1, 0x6, 0xff, 0x20, 0x0, 0x1, 0xff,
    0x60, 0xcf, 0xc0, 0x0, 0x0, 0xb, 0xfc, 0x1f,
    0xf6, 0x0, 0x0, 0x0, 0x5f, 0xf6, 0xff, 0x0,
    0x0, 0x0, 0x0, 0xef, 0xef, 0x90, 0x0, 0x0,
    0x0, 0x9, 0xff, 0xf3, 0x0, 0x0, 0x0, 0x0,
    0x3f, 0xfd, 0x0, 0x0, 0x0, 0x3e, 0xee, 0xff,
    0xfe, 0xec, 0x0, 0x4, 0xff, 0xff, 0xff, 0xff,
    0xe0, 0x0, 0x0, 0x0, 0xff, 0x90, 0x0, 0x0,
    0x0, 0x0, 0xf, 0xf9, 0x0, 0x0, 0x0, 0x0,
    0x0, 0xff, 0x90, 0x0, 0x0, 0x0, 0x0, 0xf,
    0xf9, 0x0, 0x0, 0x0,

    /* U+04B2 "Ҳ" */
    0x3f, 0xf9, 0x0, 0x0, 0x0, 0xd, 0xfd, 0x0,
    0x9, 0xff, 0x30, 0x0, 0x0, 0x8f, 0xf3, 0x0,
    0x0, 0xef, 0xd0, 0x0, 0x2, 0xff, 0x80, 0x0,
    0x0, 0x5f, 0xf7, 0x0, 0xb, 0xfe, 0x0, 0x0,
    0x0, 0xa, 0xff, 0x10, 0x5f, 0xf4, 0x0, 0x0,
    0x0, 0x1, 0xff, 0xa1, 0xef, 0xa0, 0x0, 0x0,
    0x0, 0x0, 0x6f, 0xfc, 0xfe, 0x10, 0x0, 0x0,
    0x0, 0x0, 0xc, 0xff, 0xf5, 0x0, 0x0, 0x0,
    0x0, 0x0, 0x6, 0xff, 0xf0, 0x0, 0x0, 0x0,
    0x0, 0x0, 0x1e, 0xff, 0xf9, 0x0, 0x0, 0x0,
    0x0, 0x0, 0xaf, 0xe8, 0xff, 0x30, 0x0, 0x0,
    0x0, 0x5, 0xff, 0x50, 0xdf, 0xd0, 0x0, 0x0,
    0x0, 0x1e, 0xfb, 0x0, 0x3f, 0xf7, 0x0, 0x0,
    0x0, 0xaf, 0xf1, 0x0, 0x9, 0xff, 0x20, 0x0,
    0x4, 0xff, 0x60, 0x0, 0x1, 0xef, 0xc0, 0x0,
    0xe, 0xfc, 0x0, 0x0, 0x0, 0x5f, 0xff, 0xf8,
    0x9f, 0xf2, 0x0, 0x0, 0x0, 0xb, 0xff, 0xf8,
    0x0, 0x0, 0x0, 0x0, 0x0, 0x0, 0xf, 0xf8,
    0x0, 0x0, 0x0, 0x0, 0x0, 0x0, 0xf, 0xf8,
    0x0, 0x0, 0x0, 0x0, 0x0, 0x0, 0xf, 0xf8,
    0x0, 0x0, 0x0, 0x0, 0x0, 0x0, 0xf, 0xf8,
    0x0, 0x0, 0x0, 0x0, 0x0, 0x0, 0xc, 0xd7,

    /* U+04B3 "ҳ" */
    0x1f, 0xfc, 0x0, 0x0, 0xa, 0xff, 0x30, 0x6,
    0xff, 0x70, 0x0, 0x5f, 0xf8, 0x0, 0x0, 0xbf,
    0xf2, 0x1, 0xef, 0xc0, 0x0, 0x0, 0x1e, 0xfc,
    0xa, 0xff, 0x20, 0x0, 0x0, 0x5, 0xff, 0xbf,
    0xf7, 0x0, 0x0, 0x0, 0x0, 0xaf, 0xff, 0xc0,
    0x0, 0x0, 0x0, 0x0, 0x3f, 0xff, 0x50, 0x0,
    0x0, 0x0, 0x0, 0xcf, 0xff, 0xd0, 0x0, 0x0,
    0x0, 0x7, 0xff, 0x7f, 0xf9, 0x0, 0x0, 0x0,
    0x3f, 0xfa, 0x7, 0xff, 0x40, 0x0, 0x0, 0xdf,
    0xe1, 0x0, 0xcf, 0xe1, 0x0, 0x9, 0xff, 0x40,
    0x0, 0x2f, 0xff, 0xf7, 0x4f, 0xf9, 0x0, 0x0,
    0x7, 0xff, 0xf7, 0x0, 0x0, 0x0, 0x0, 0x0,
    0xf, 0xf7, 0x0, 0x0, 0x0, 0x0, 0x0, 0xf,
    0xf7, 0x0, 0x0, 0x0, 0x0, 0x0, 0xf, 0xf7,
    0x0, 0x0, 0x0, 0x0, 0x0, 0xf, 0xf7, 0x0,
    0x0, 0x0, 0x0, 0x0, 0x7, 0x83,

    /* U+04B4 "Ҵ" */
    0xbf, 0xff, 0xff, 0xff, 0xff, 0xff, 0xe0, 0x8,
    0xff, 0x10, 0xb, 0xff, 0xff, 0xff, 0xff, 0xff,
    0xfe, 0x0, 0x8f, 0xf1, 0x0, 0x23, 0x33, 0x3f,
    0xfb, 0x33, 0x33, 0x30, 0x8, 0xff, 0x10, 0x0,
    0x0, 0x0, 0xff, 0xa0, 0x0, 0x0, 0x0, 0x8f,
    0xf1, 0x0, 0x0, 0x0, 0xf, 0xfa, 0x0, 0x0,
    0x0, 0x8, 0xff, 0x10, 0x0, 0x0, 0x0, 0xff,
    0xa0, 0x0, 0x0, 0x0, 0x8f, 0xf1, 0x0, 0x0,
    0x0, 0xf, 0xfa, 0x0, 0x0, 0x0, 0x8, 0xff,
    0x10, 0x0, 0x0, 0x0, 0xff, 0xa0, 0x0, 0x0,
    0x0, 0x8f, 0xf1, 0x0, 0x0, 0x0, 0xf, 0xfa,
    0x0, 0x0, 0x0, 0x8, 0xff, 0x10, 0x0, 0x0,
    0x0, 0xff, 0xa0, 0x0, 0x0, 0x0, 0x8f, 0xf1,
    0x0, 0x0, 0x0, 0xf, 0xfa, 0x0, 0x0, 0x0,
    0x8, 0xff, 0x10, 0x0, 0x0, 0x0, 0xff, 0xa0,
    0x0, 0x0, 0x0, 0x8f, 0xf1, 0x0, 0x0, 0x0,
    0xf, 0xfa, 0x0, 0x0, 0x0, 0x8, 0xff, 0x10,
    0x0, 0x0, 0x0, 0xff, 0xa0, 0x0, 0x0, 0x0,
    0x8f, 0xf1, 0x0, 0x0, 0x0, 0xf, 0xfb, 0x33,
    0x33, 0x33, 0x39, 0xff, 0x43, 0x20, 0x0, 0x0,
    0xff, 0xff, 0xff, 0xff, 0xff, 0xff, 0xff, 0xfa,
    0x0, 0x0, 0xf, 0xff, 0xff, 0xff, 0xff, 0xff,
    0xff, 0xff, 0xa0, 0x0, 0x0, 0x0, 0x0, 0x0,
    0x0, 0x0, 0x0, 0xd, 0xfa, 0x0, 0x0, 0x0,
    0x0, 0x0, 0x0, 0x0, 0x0, 0x0, 0xdf, 0xa0,
    0x0, 0x0, 0x0, 0x0, 0x0, 0x0, 0x0, 0x0,
    0xd, 0xfa, 0x0, 0x0, 0x0, 0x0, 0x0, 0x0,
    0x0, 0x0, 0x0, 0xdf, 0xa0, 0x0, 0x0, 0x0,
    0x0, 0x0, 0x0, 0x0, 0x0, 0x6, 0x85,

    /* U+04B5 "ҵ" */
    0x8f, 0xff, 0xff, 0xff, 0xff, 0x70, 0x6f, 0xf2,
    0x0, 0x8f, 0xff, 0xff, 0xff, 0xff, 0x70, 0x6f,
    0xf2, 0x0, 0x0, 0x0, 0xff, 0x80, 0x0, 0x0,
    0x6f, 0xf2, 0x0, 0x0, 0x0, 0xff, 0x80, 0x0,
    0x0, 0x6f, 0xf2, 0x0, 0x0, 0x0, 0xff, 0x80,
    0x0, 0x0, 0x6f, 0xf2, 0x0, 0x0, 0x0, 0xff,
    0x80, 0x0, 0x0, 0x6f, 0xf2, 0x0, 0x0, 0x0,
    0xff, 0x80, 0x0, 0x0, 0x6f, 0xf2, 0x0, 0x0,
    0x0, 0xff, 0x80, 0x0, 0x0, 0x6f, 0xf2, 0x0,
    0x0, 0x0, 0xff, 0x80, 0x0, 0x0, 0x6f, 0xf2,
    0x0, 0x0, 0x0, 0xff, 0x80, 0x0, 0x0, 0x6f,
    0xf2, 0x0, 0x0, 0x0, 0xff, 0x80, 0x0, 0x0,
    0x6f, 0xf2, 0x0, 0x0, 0x0, 0xff, 0xff, 0xff,
    0xff, 0xff, 0xff, 0xf7, 0x0, 0x0, 0xff, 0xff,
    0xff, 0xff, 0xff, 0xff, 0xf7, 0x0, 0x0, 0x0,
    0x0, 0x0, 0x0, 0x0, 0xf, 0xf7, 0x0, 0x0,
    0x0, 0x0, 0x0, 0x0, 0x0, 0xf, 0xf7, 0x0,
    0x0, 0x0, 0x0, 0x0, 0x0, 0x0, 0xf, 0xf7,
    0x0, 0x0, 0x0, 0x0, 0x0, 0x0, 0x0, 0xf,
    0xf7, 0x0, 0x0, 0x0, 0x0, 0x0, 0x0, 0x0,
    0x6, 0x73,

    /* U+04B6 "Ҷ" */
    0x4f, 0xf5, 0x0, 0x0, 0x0, 0xe, 0xfb, 0x0,
    0x4, 0xff, 0x50, 0x0, 0x0, 0x0, 0xef, 0xb0,
    0x0, 0x4f, 0xf5, 0x0, 0x0, 0x0, 0xe, 0xfb,
    0x0, 0x4, 0xff, 0x50, 0x0, 0x0, 0x0, 0xef,
    0xb0, 0x0, 0x4f, 0xf5, 0x0, 0x0, 0x0, 0xe,
    0xfb, 0x0, 0x4, 0xff, 0x50, 0x0, 0x0, 0x0,
    0xef, 0xb0, 0x0, 0x4f, 0xf5, 0x0, 0x0, 0x0,
    0xe, 0xfb, 0x0, 0x3, 0xff, 0x80, 0x0, 0x0,
    0x0, 0xef, 0xb0, 0x0, 0xf, 0xff, 0x61, 0x2,
    0x37, 0xcf, 0xfb, 0x0, 0x0, 0x7f, 0xff, 0xff,
    0xff, 0xff, 0xff, 0xb0, 0x0, 0x0, 0x6d, 0xff,
    0xff, 0xe9, 0x5e, 0xfb, 0x0, 0x0, 0x0, 0x1,
    0x22, 0x10, 0x0, 0xef, 0xb0, 0x0, 0x0, 0x0,
    0x0, 0x0, 0x0, 0xe, 0xfb, 0x0, 0x0, 0x0,
    0x0, 0x0, 0x0, 0x0, 0xef, 0xb0, 0x0, 0x0,
    0x0, 0x0, 0x0, 0x0, 0xe, 0xfb, 0x0, 0x0,
    0x0, 0x0, 0x0, 0x0, 0x0, 0xef, 0xff, 0xf3,
    0x0, 0x0, 0x0, 0x0, 0x0, 0xe, 0xff, 0xff,
    0x30, 0x0, 0x0, 0x0, 0x0, 0x0, 0x0, 0x5f,
    0xf3, 0x0, 0x0, 0x0, 0x0, 0x0, 0x0, 0x5,
    0xff, 0x30, 0x0, 0x0, 0x0, 0x0, 0x0, 0x0,
    0x5f, 0xf3, 0x0, 0x0, 0x0, 0x0, 0x0, 0x0,
    0x5, 0xff, 0x30, 0x0, 0x0, 0x0, 0x0, 0x0,
    0x0, 0x4d, 0xd2,

    /* U+04B7 "ҷ" */
    0x5f, 0xf3, 0x0, 0x0, 0x8, 0xff, 0x0, 0x5,
    0xff, 0x30, 0x0, 0x0, 0x8f, 0xf0, 0x0, 0x5f,
    0xf3, 0x0, 0x0, 0x8, 0xff, 0x0, 0x5, 0xff,
    0x30, 0x0, 0x0, 0x8f, 0xf0, 0x0, 0x5f, 0xf3,
    0x0, 0x0, 0x8, 0xff, 0x0, 0x4, 0xff, 0x50,
    0x0, 0x0, 0x9f, 0xf0, 0x0, 0x1f, 0xfc, 0x20,
    0x15, 0xcf, 0xff, 0x0, 0x0, 0x8f, 0xff, 0xff,
    0xff, 0xdf, 0xf0, 0x0, 0x0, 0x6c, 0xfe, 0xd8,
    0x18, 0xff, 0x0, 0x0, 0x0, 0x0, 0x0, 0x0,
    0x8f, 0xf0, 0x0, 0x0, 0x0, 0x0, 0x0, 0x8,
    0xff, 0x0, 0x0, 0x0, 0x0, 0x0, 0x0, 0x8f,
    0xff, 0xf5, 0x0, 0x0, 0x0, 0x0, 0x8, 0xff,
    0xff, 0x50, 0x0, 0x0, 0x0, 0x0, 0x0, 0x1f,
    0xf5, 0x0, 0x0, 0x0, 0x0, 0x0, 0x1, 0xff,
    0x50, 0x0, 0x0, 0x0, 0x0, 0x0, 0x1f, 0xf5,
    0x0, 0x0, 0x0, 0x0, 0x0, 0x1, 0xff, 0x50,
    0x0, 0x0, 0x0, 0x0, 0x0, 0x7, 0x72,

    /* U+04B8 "Ҹ" */
    0x3f, 0xf6, 0x0, 0x0, 0x0, 0xd, 0xfc, 0x3f,
    0xf6, 0x0, 0x0, 0x0, 0xd, 0xfc, 0x3f, 0xf6,
    0x0, 0x0, 0x0, 0xd, 0xfc, 0x3f, 0xf6, 0x0,
    0x0, 0x0, 0xd, 0xfc, 0x3f, 0xf6, 0x0, 0x0,
    0x0, 0xd, 0xfc, 0x3f, 0xf6, 0x0, 0x8f, 0x0,
    0xd, 0xfc, 0x3f, 0xf7, 0x0, 0x8f, 0x0, 0xd,
    0xfc, 0x2f, 0xfa, 0x0, 0x8f, 0x0, 0xd, 0xfc,
    0xe, 0xff, 0x71, 0x8f, 0x36, 0xbf, 0xfc, 0x5,
    0xff, 0xff, 0xff, 0xff, 0xff, 0xfc, 0x0, 0x4c,
    0xff, 0xff, 0xfb, 0x6e, 0xfc, 0x0, 0x0, 0x2,
    0x9f, 0x0, 0xd, 0xfc, 0x0, 0x0, 0x0, 0x8f,
    0x0, 0xd, 0xfc, 0x0, 0x0, 0x0, 0x8f, 0x0,
    0xd, 0xfc, 0x0, 0x0, 0x0, 0x5a, 0x0, 0xd,
    0xfc, 0x0, 0x0, 0x0, 0x0, 0x0, 0xd, 0xfc,
    0x0, 0x0, 0x0, 0x0, 0x0, 0xd, 0xfc,

    /* U+04B9 "ҹ" */
    0x6f, 0xf3, 0x0, 0x0, 0x9, 0xff, 0x6f, 0xf3,
    0x0, 0x0, 0x9, 0xff, 0x6f, 0xf3, 0x0, 0x0,
    0x9, 0xff, 0x6f, 0xf3, 0x0, 0x0, 0x9, 0xff,
    0x6f, 0xf3, 0xa, 0xd0, 0x9, 0xff, 0x5f, 0xf4,
    0xa, 0xd0, 0xa, 0xff, 0x2f, 0xfc, 0x3a, 0xd5,
    0xbf, 0xff, 0x9, 0xff, 0xff, 0xff, 0xfe, 0xff,
    0x0, 0x7d, 0xff, 0xf8, 0x29, 0xff, 0x0, 0x0,
    0xa, 0xd0, 0x9, 0xff, 0x0, 0x0, 0xa, 0xd0,
    0x9, 0xff, 0x0, 0x0, 0x9, 0xb0, 0x9, 0xff,
    0x0, 0x0, 0x0, 0x0, 0x9, 0xff,

    /* U+04BA "Һ" */
    0xcf, 0xd0, 0x0, 0x0, 0x0, 0x0, 0x0, 0xcf,
    0xd0, 0x0, 0x0, 0x0, 0x0, 0x0, 0xcf, 0xd0,
    0x0, 0x0, 0x0, 0x0, 0x0, 0xcf, 0xd0, 0x0,
    0x0, 0x0, 0x0, 0x0, 0xcf, 0xd0, 0x0, 0x0,
    0x0, 0x0, 0x0, 0xcf, 0xd0, 0x0, 0x12, 0x21,
    0x0, 0x0, 0xcf, 0xd5, 0x9e, 0xff, 0xff, 0xd5,
    0x0, 0xcf, 0xff, 0xff, 0xff, 0xff, 0xff, 0x50,
    0xcf, 0xfc, 0x73, 0x20, 0x16, 0xff, 0xe0, 0xcf,
    0xd0, 0x0, 0x0, 0x0, 0xaf, 0xf2, 0xcf, 0xd0,
    0x0, 0x0, 0x0, 0x7f, 0xf3, 0xcf, 0xd0, 0x0,
    0x0, 0x0, 0x6f, 0xf3, 0xcf, 0xd0, 0x0, 0x0,
    0x0, 0x6f, 0xf3, 0xcf, 0xd0, 0x0, 0x0, 0x0,
    0x6f, 0xf3, 0xcf, 0xd0, 0x0, 0x0, 0x0, 0x6f,
    0xf3, 0xcf, 0xd0, 0x0, 0x0, 0x0, 0x6f, 0xf3,
    0xcf, 0xd0, 0x0, 0x0, 0x0, 0x6f, 0xf3,

    /* U+04BB "һ" */
    0xf, 0xf8, 0x0, 0x0, 0x0, 0x0, 0x0, 0xff,
    0x80, 0x0, 0x0, 0x0, 0x0, 0xf, 0xf8, 0x0,
    0x0, 0x0, 0x0, 0x0, 0xff, 0x80, 0x0, 0x0,
    0x0, 0x0, 0xf, 0xf8, 0x0, 0x0, 0x0, 0x0,
    0x0, 0xff, 0x71, 0x9e, 0xfe, 0xb3, 0x0, 0xf,
    0xf9, 0xef, 0xff, 0xff, 0xf4, 0x0, 0xff, 0xfd,
    0x51, 0x27, 0xff, 0xd0, 0xf, 0xff, 0x20, 0x0,
    0xa, 0xff, 0x10, 0xff, 0xc0, 0x0, 0x0, 0x6f,
    0xf2, 0xf, 0xf9, 0x0, 0x0, 0x5, 0xff, 0x20,
    0xff, 0x80, 0x0, 0x0, 0x5f, 0xf2, 0xf, 0xf8,
    0x0, 0x0, 0x5, 0xff, 0x20, 0xff, 0x80, 0x0,
    0x0, 0x5f, 0xf2, 0xf, 0xf8, 0x0, 0x0, 0x5,
    0xff, 0x20, 0xff, 0x80, 0x0, 0x0, 0x5f, 0xf2,
    0xf, 0xf8, 0x0, 0x0, 0x5, 0xff, 0x20, 0xff,
    0x80, 0x0, 0x0, 0x5f, 0xf2,

    /* U+04BC "Ҽ" */
    0x0, 0x0, 0x0, 0x0, 0x4a, 0xdf, 0xfe, 0xb6,
    0x0, 0x0, 0x0, 0x0, 0x0, 0x1b, 0xff, 0xff,
    0xff, 0xff, 0xd1, 0x0, 0x0, 0x0, 0x0, 0xcf,
    0xfd, 0x64, 0x35, 0xaf, 0xfd, 0x0, 0x0, 0x0,
    0x8, 0xff, 0x80, 0x0, 0x0, 0x6, 0xff, 0x80,
    0x4, 0x30, 0xf, 0xfc, 0x0, 0x0, 0x0, 0x0,
    0xbf, 0xe0, 0x6f, 0xc0, 0x4f, 0xf5, 0x0, 0x0,
    0x0, 0x0, 0x6f, 0xf3, 0x8f, 0xd1, 0x8f, 0xf2,
    0x0, 0x0, 0x0, 0x0, 0x4f, 0xf5, 0x4f, 0xff,
    0xff, 0xff, 0xff, 0xff, 0xff, 0xff, 0xff, 0xf6,
    0x7, 0xff, 0xff, 0xff, 0xff, 0xff, 0xff, 0xff,
    0xff, 0xf7, 0x0, 0x2, 0xbf, 0xf3, 0x22, 0x22,
    0x22, 0x22, 0x22, 0x21, 0x0, 0x0, 0x8f, 0xf3,
    0x0, 0x0, 0x0, 0x0, 0x0, 0x0, 0x0, 0x0,
    0x4f, 0xf8, 0x0, 0x0, 0x0, 0x0, 0x0, 0x0,
    0x0, 0x0, 0xe, 0xfe, 0x10, 0x0, 0x0, 0x0,
    0x0, 0x0, 0x0, 0x0, 0x6, 0xff, 0xb1, 0x0,
    0x0, 0x0, 0x1, 0x20, 0x0, 0x0, 0x0, 0xbf,
    0xfe, 0x84, 0x33, 0x58, 0xcf, 0x70, 0x0, 0x0,
    0x0, 0x9, 0xff, 0xff, 0xff, 0xff, 0xff, 0x70,
    0x0, 0x0, 0x0, 0x0, 0x29, 0xce, 0xff, 0xec,
    0x84, 0x0,

    /* U+04BD "ҽ" */
    0x0, 0x0, 0x0, 0x3a, 0xef, 0xeb, 0x50, 0x0,
    0x0, 0x0, 0x8, 0xff, 0xff, 0xff, 0xf9, 0x0,
    0x1, 0x10, 0x4f, 0xfa, 0x20, 0x19, 0xff, 0x50,
    0x7f, 0x80, 0xcf, 0xd0, 0x0, 0x0, 0xcf, 0xc0,
    0x9f, 0x91, 0xff, 0x80, 0x0, 0x0, 0x8f, 0xf0,
    0x5f, 0xff, 0xff, 0xff, 0xff, 0xff, 0xff, 0xf1,
    0x5, 0xbe, 0xff, 0xee, 0xee, 0xee, 0xee, 0xe1,
    0x0, 0x2, 0xff, 0x60, 0x0, 0x0, 0x0, 0x0,
    0x0, 0x0, 0xff, 0x90, 0x0, 0x0, 0x0, 0x0,
    0x0, 0x0, 0xbf, 0xf1, 0x0, 0x0, 0x0, 0x0,
    0x0, 0x0, 0x3f, 0xfe, 0x62, 0x1, 0x49, 0x60,
    0x0, 0x0, 0x5, 0xff, 0xff, 0xff, 0xff, 0x70,
    0x0, 0x0, 0x0, 0x28, 0xdf, 0xfe, 0xc7, 0x10,

    /* U+04BE "Ҿ" */
    0x0, 0x0, 0x0, 0x0, 0x4a, 0xdf, 0xfe, 0xb6,
    0x0, 0x0, 0x0, 0x0, 0x0, 0x1b, 0xff, 0xff,
    0xff, 0xff, 0xd1, 0x0, 0x0, 0x0, 0x0, 0xdf,
    0xfd, 0x64, 0x35, 0xaf, 0xfd, 0x0, 0x0, 0x0,
    0x8, 0xff, 0x80, 0x0, 0x0, 0x5, 0xff, 0x80,
    0x4, 0x30, 0xf, 0xfc, 0x0, 0x0, 0x0, 0x0,
    0xbf, 0xe0, 0x6f, 0xc0, 0x5f, 0xf5, 0x0, 0x0,
    0x0, 0x0, 0x6f, 0xf3, 0x8f, 0xd1, 0x8f, 0xf2,
    0x0, 0x0, 0x0, 0x0, 0x4f, 0xf5, 0x4f, 0xff,
    0xff, 0xff, 0xff, 0xff, 0xff, 0xff, 0xff, 0xf6,
    0x7, 0xff, 0xff, 0xff, 0xff, 0xff, 0xff, 0xff,
    0xff, 0xf7, 0x0, 0x2, 0xbf, 0xf3, 0x22, 0x22,
    0x22, 0x22, 0x22, 0x21, 0x0, 0x0, 0x8f, 0xf3,
    0x0, 0x0, 0x0, 0x0, 0x0, 0x0, 0x0, 0x0,
    0x4f, 0xf7, 0x0, 0x0, 0x0, 0x0, 0x0, 0x0,
    0x0, 0x0, 0xe, 0xfe, 0x0, 0x0, 0x0, 0x0,
    0x0, 0x0, 0x0, 0x0, 0x7, 0xff, 0xb0, 0x0,
    0x0, 0x0, 0x0, 0x20, 0x0, 0x0, 0x0, 0xbf,
    0xfe, 0x73, 0x22, 0x47, 0xbf, 0x70, 0x0, 0x0,
    0x0, 0xa, 0xff, 0xff, 0xff, 0xff, 0xff, 0x70,
    0x0, 0x0, 0x0, 0x0, 0x3a, 0xdf, 0xff, 0xfd,
    0xa5, 0x0, 0x0, 0x0, 0x0, 0x0, 0x0, 0xf,
    0xf7, 0x0, 0x0, 0x0, 0x0, 0x0, 0x0, 0x0,
    0x0, 0xf, 0xf7, 0x0, 0x0, 0x0, 0x0, 0x0,
    0x0, 0x0, 0x0, 0xf, 0xf7, 0x0, 0x0, 0x0,
    0x0, 0x0, 0x0, 0x0, 0x0, 0xf, 0xf7, 0x0,
    0x0, 0x0, 0x0, 0x0, 0x0, 0x0, 0x0, 0x8,
    0x83, 0x0, 0x0, 0x0,

    /* U+04BF "ҿ" */
    0x0, 0x0, 0x0, 0x3a, 0xef, 0xeb, 0x40, 0x0,
    0x0, 0x0, 0x7, 0xff, 0xff, 0xff, 0xf8, 0x0,
    0x1, 0x0, 0x4f, 0xfb, 0x20, 0x19, 0xff, 0x40,
    0x7f, 0x80, 0xcf, 0xd0, 0x0, 0x0, 0xdf, 0xb0,
    0x9f, 0x80, 0xff, 0x90, 0x0, 0x0, 0x8f, 0xf0,
    0x6f, 0xfe, 0xff, 0xee, 0xee, 0xee, 0xef, 0xf0,
    0x8, 0xdf, 0xff, 0xff, 0xff, 0xff, 0xff, 0xf1,
    0x0, 0x3, 0xff, 0x60, 0x0, 0x0, 0x0, 0x0,
    0x0, 0x0, 0xff, 0x90, 0x0, 0x0, 0x0, 0x0,
    0x0, 0x0, 0xcf, 0xe1, 0x0, 0x0, 0x0, 0x0,
    0x0, 0x0, 0x4f, 0xfd, 0x41, 0x0, 0x38, 0x50,
    0x0, 0x0, 0x6, 0xff, 0xff, 0xff, 0xff, 0x70,
    0x0, 0x0, 0x0, 0x3a, 0xef, 0xff, 0xd9, 0x20,
    0x0, 0x0, 0x0, 0x0, 0x8f, 0xe0, 0x0, 0x0,
    0x0, 0x0, 0x0, 0x0, 0x8f, 0xe0, 0x0, 0x0,
    0x0, 0x0, 0x0, 0x0, 0x8f, 0xe0, 0x0, 0x0,
    0x0, 0x0, 0x0, 0x0, 0x8f, 0xe0, 0x0, 0x0,
    0x0, 0x0, 0x0, 0x0, 0x48, 0x70, 0x0, 0x0,

    /* U+04C0 "Ӏ" */
    0x1f, 0xff, 0xff, 0xf9, 0xa, 0xef, 0xff, 0xc5,
    0x0, 0xf, 0xf8, 0x0, 0x0, 0xf, 0xf8, 0x0,
    0x0, 0xf, 0xf8, 0x0, 0x0, 0xf, 0xf8, 0x0,
    0x0, 0xf, 0xf8, 0x0, 0x0, 0xf, 0xf8, 0x0,
    0x0, 0xf, 0xf8, 0x0, 0x0, 0xf, 0xf8, 0x0,
    0x0, 0xf, 0xf8, 0x0, 0x0, 0xf, 0xf8, 0x0,
    0x0, 0xf, 0xf8, 0x0, 0x0, 0xf, 0xf8, 0x0,
    0x0, 0xf, 0xf8, 0x0, 0xa, 0xef, 0xff, 0xc4,
    0x1f, 0xff, 0xff, 0xf9,

    /* U+04C1 "Ӂ" */
    0x0, 0x0, 0x0, 0xa, 0xf9, 0x0, 0x1f, 0xf3,
    0x0, 0x0, 0x0, 0x0, 0x0, 0x0, 0x0, 0x6f,
    0xf3, 0x9, 0xfe, 0x0, 0x0, 0x0, 0x0, 0x0,
    0x0, 0x0, 0x0, 0xbf, 0xff, 0xff, 0x40, 0x0,
    0x0, 0x0, 0x0, 0x0, 0x0, 0x0, 0x0, 0x48,
    0x97, 0x10, 0x0, 0x0, 0x0, 0x0, 0x0, 0x0,
    0x0, 0x0, 0x0, 0x0, 0x0, 0x0, 0x0, 0x0,
    0x0, 0x2, 0xff, 0x90, 0x0, 0x0, 0x1f, 0xf7,
    0x0, 0x0, 0x4, 0xff, 0x60, 0x6, 0xff, 0x40,
    0x0, 0x1, 0xff, 0x70, 0x0, 0x1, 0xef, 0xc0,
    0x0, 0xb, 0xfe, 0x0, 0x0, 0x1f, 0xf7, 0x0,
    0x0, 0xaf, 0xf2, 0x0, 0x0, 0x2f, 0xf9, 0x0,
    0x1, 0xff, 0x70, 0x0, 0x4f, 0xf6, 0x0, 0x0,
    0x0, 0x6f, 0xf4, 0x0, 0x1f, 0xf7, 0x0, 0x1e,
    0xfc, 0x0, 0x0, 0x0, 0x0, 0xbf, 0xe1, 0x1,
    0xff, 0x70, 0xa, 0xff, 0x20, 0x0, 0x0, 0x0,
    0x2, 0xff, 0xa0, 0x1f, 0xf7, 0x4, 0xff, 0x60,
    0x0, 0x0, 0x0, 0x0, 0x6, 0xff, 0xff, 0xff,
    0xff, 0xff, 0xb0, 0x0, 0x0, 0x0, 0x0, 0x0,
    0x7f, 0xff, 0xff, 0xff, 0xff, 0xfc, 0x0, 0x0,
    0x0, 0x0, 0x0, 0x1f, 0xfc, 0x34, 0xff, 0x83,
    0x8f, 0xf6, 0x0, 0x0, 0x0, 0x0, 0xb, 0xff,
    0x20, 0x1f, 0xf7, 0x0, 0xdf, 0xf1, 0x0, 0x0,
    0x0, 0x5, 0xff, 0x80, 0x1, 0xff, 0x70, 0x3,
    0xff, 0xb0, 0x0, 0x0, 0x1, 0xef, 0xd0, 0x0,
    0x1f, 0xf7, 0x0, 0x9, 0xff, 0x50, 0x0, 0x0,
    0xaf, 0xf4, 0x0, 0x1, 0xff, 0x70, 0x0, 0xe,
    0xfe, 0x10, 0x0, 0x4f, 0xf9, 0x0, 0x0, 0x1f,
    0xf7, 0x0, 0x0, 0x4f, 0xfa, 0x0, 0xe, 0xfe,
    0x10, 0x0, 0x1, 0xff, 0x70, 0x0, 0x0, 0xaf,
    0xf4, 0x9, 0xff, 0x50, 0x0, 0x0, 0x1f, 0xf7,
    0x0, 0x0, 0x1, 0xef, 0xe0,

    /* U+04C2 "ӂ" */
    0x0, 0x0, 0x3, 0x86, 0x0, 0x6, 0x83, 0x0,
    0x0, 0x0, 0x0, 0x0, 0x2f, 0xf5, 0x5, 0xff,
    0x20, 0x0, 0x0, 0x0, 0x0, 0x0, 0x8f, 0xff,
    0xff, 0x70, 0x0, 0x0, 0x0, 0x0, 0x0, 0x0,
    0x37, 0x87, 0x20, 0x0, 0x0, 0x0, 0x0, 0x0,
    0x0, 0x0, 0x0, 0x0, 0x0, 0x0, 0x0, 0x2,
    0xff, 0x80, 0x0, 0xc, 0xfb, 0x0, 0x0, 0x8f,
    0xf2, 0x6, 0xff, 0x30, 0x0, 0xcf, 0xb0, 0x0,
    0x4f, 0xf5, 0x0, 0xb, 0xfe, 0x0, 0xc, 0xfb,
    0x0, 0x1e, 0xfa, 0x0, 0x0, 0x1e, 0xfa, 0x0,
    0xcf, 0xb0, 0xa, 0xfe, 0x0, 0x0, 0x0, 0x4f,
    0xf5, 0xc, 0xfb, 0x5, 0xff, 0x30, 0x0, 0x0,
    0x0, 0x9f, 0xff, 0xff, 0xff, 0xff, 0x80, 0x0,
    0x0, 0x0, 0xb, 0xff, 0xff, 0xff, 0xff, 0xfa,
    0x0, 0x0, 0x0, 0x5, 0xff, 0x60, 0xcf, 0xb0,
    0x7f, 0xf4, 0x0, 0x0, 0x1, 0xef, 0xc0, 0xc,
    0xfb, 0x0, 0xdf, 0xe0, 0x0, 0x0, 0x9f, 0xf3,
    0x0, 0xcf, 0xb0, 0x3, 0xff, 0x90, 0x0, 0x3f,
    0xf9, 0x0, 0xc, 0xfb, 0x0, 0x9, 0xff, 0x30,
    0xd, 0xfe, 0x0, 0x0, 0xcf, 0xb0, 0x0, 0x1e,
    0xfd, 0x8, 0xff, 0x50, 0x0, 0xc, 0xfb, 0x0,
    0x0, 0x6f, 0xf7,

    /* U+04C3 "Ӄ" */
    0xbf, 0xe0, 0x0, 0x0, 0x6, 0xff, 0x80, 0xbf,
    0xe0, 0x0, 0x0, 0x5f, 0xfa, 0x0, 0xbf, 0xe0,
    0x0, 0x3, 0xff, 0xb0, 0x0, 0xbf, 0xe0, 0x0,
    0x2e, 0xfc, 0x0, 0x0, 0xbf, 0xe0, 0x1, 0xdf,
    0xd1, 0x0, 0x0, 0xbf, 0xe0, 0xc, 0xfe, 0x20,
    0x0, 0x0, 0xbf, 0xe0, 0xaf, 0xf3, 0x0, 0x0,
    0x0, 0xbf, 0xe7, 0xff, 0x40, 0x0, 0x0, 0x0,
    0xbf, 0xff, 0xff, 0xfe, 0xb6, 0x10, 0x0, 0xbf,
    0xff, 0xff, 0xff, 0xff, 0xe5, 0x0, 0xbf, 0xe4,
    0x21, 0x25, 0xaf, 0xff, 0x50, 0xbf, 0xe0, 0x0,
    0x0, 0x4, 0xff, 0xf1, 0xbf, 0xe0, 0x0, 0x0,
    0x0, 0x6f, 0xf6, 0xbf, 0xe0, 0x0, 0x0, 0x0,
    0xe, 0xfb, 0xbf, 0xe0, 0x0, 0x0, 0x0, 0xc,
    0xfd, 0xbf, 0xe0, 0x0, 0x0, 0x0, 0xb, 0xfe,
    0xbf, 0xe0, 0x0, 0x0, 0x0, 0xc, 0xfc, 0x0,
    0x0, 0x0, 0x0, 0x0, 0xf, 0xfb, 0x0, 0x0,
    0x0, 0x0, 0x0, 0x5f, 0xf6, 0x0, 0x0, 0x0,
    0x0, 0x1, 0xef, 0xf1, 0x0, 0x0, 0xb7, 0x55,
    0x8e, 0xff, 0x70, 0x0, 0x0, 0xff, 0xff, 0xff,
    0xf8, 0x0, 0x0, 0x0, 0x9d, 0xff, 0xda, 0x30,
    0x0,

    /* U+04C4 "ӄ" */
    0xf, 0xf8, 0x0, 0x0, 0x8f, 0xf6, 0x0, 0xff,
    0x80, 0x0, 0x5f, 0xf7, 0x0, 0xf, 0xf8, 0x0,
    0x4f, 0xf9, 0x0, 0x0, 0xff, 0x80, 0x2e, 0xfa,
    0x0, 0x0, 0xf, 0xf8, 0x1d, 0xfb, 0x0, 0x0,
    0x0, 0xff, 0x8c, 0xfd, 0x0, 0x0, 0x0, 0xf,
    0xff, 0xff, 0xfd, 0xa3, 0x0, 0x0, 0xff, 0xff,
    0xff, 0xff, 0xf7, 0x0, 0xf, 0xf9, 0x10, 0x15,
    0xef, 0xf4, 0x0, 0xff, 0x80, 0x0, 0x1, 0xef,
    0xb0, 0xf, 0xf8, 0x0, 0x0, 0x8, 0xff, 0x0,
    0xff, 0x80, 0x0, 0x0, 0x5f, 0xf2, 0xf, 0xf8,
    0x0, 0x0, 0x4, 0xff, 0x30, 0x0, 0x0, 0x0,
    0x0, 0x5f, 0xf1, 0x0, 0x0, 0x0, 0x0, 0x8,
    0xff, 0x0, 0x0, 0x0, 0x0, 0x1, 0xef, 0xb0,
    0x0, 0x0, 0x84, 0x24, 0xdf, 0xf3, 0x0, 0x0,
    0xf, 0xff, 0xff, 0xf7, 0x0, 0x0, 0x0, 0x8e,
    0xfe, 0xb4, 0x0, 0x0,

    /* U+04C5 "Ӆ" */
    0x0, 0x0, 0xe, 0xff, 0xff, 0xff, 0xff, 0xf0,
    0x0, 0x0, 0x0, 0xf, 0xff, 0xff, 0xff, 0xff,
    0xf0, 0x0, 0x0, 0x0, 0x2f, 0xf6, 0x33, 0x33,
    0xbf, 0xf0, 0x0, 0x0, 0x0, 0x4f, 0xf2, 0x0,
    0x0, 0x9f, 0xf0, 0x0, 0x0, 0x0, 0x7f, 0xf0,
    0x0, 0x0, 0x9f, 0xf0, 0x0, 0x0, 0x0, 0x9f,
    0xd0, 0x0, 0x0, 0x9f, 0xf0, 0x0, 0x0, 0x0,
    0xbf, 0xb0, 0x0, 0x0, 0x9f, 0xf0, 0x0, 0x0,
    0x0, 0xef, 0x90, 0x0, 0x0, 0x9f, 0xf0, 0x0,
    0x0, 0x0, 0xff, 0x60, 0x0, 0x0, 0x9f, 0xf0,
    0x0, 0x0, 0x3, 0xff, 0x40, 0x0, 0x0, 0x9f,
    0xf0, 0x0, 0x0, 0x6, 0xff, 0x20, 0x0, 0x0,
    0x9f, 0xf0, 0x0, 0x0, 0x9, 0xff, 0x0, 0x0,
    0x0, 0x9f, 0xf0, 0x0, 0x0, 0xd, 0xfc, 0x0,
    0x0, 0x0, 0x9f, 0xf0, 0x0, 0x0, 0x2f, 0xf7,
    0x0, 0x0, 0x0, 0x9f, 0xf0, 0x0, 0x53, 0xbf,
    0xf2, 0x0, 0x0, 0x0, 0x9f, 0xfd, 0xd8, 0xef,
    0xff, 0x90, 0x0, 0x0, 0x0, 0x9f, 0xff, 0xf6,
    0xef, 0xe8, 0x0, 0x0, 0x0, 0x0, 0x9f, 0xff,
    0xf2, 0x0, 0x0, 0x0, 0x0, 0x0, 0x0, 0x0,
    0x4f, 0xd0, 0x0, 0x0, 0x0, 0x0, 0x0, 0x0,
    0x0, 0xcf, 0x90, 0x0, 0x0, 0x0, 0x0, 0x0,
    0x0, 0x4, 0xff, 0x50, 0x0, 0x0, 0x0, 0x0,
    0x0, 0x0, 0xb, 0xff, 0x10,

    /* U+04C6 "ӆ" */
    0x0, 0x1, 0xff, 0xff, 0xff, 0xff, 0x50, 0x0,
    0x0, 0x2f, 0xff, 0xff, 0xff, 0xf5, 0x0, 0x0,
    0x4, 0xff, 0x10, 0x3, 0xff, 0x50, 0x0, 0x0,
    0x5f, 0xf0, 0x0, 0x3f, 0xf5, 0x0, 0x0, 0x7,
    0xfe, 0x0, 0x3, 0xff, 0x50, 0x0, 0x0, 0x9f,
    0xc0, 0x0, 0x3f, 0xf5, 0x0, 0x0, 0xc, 0xfa,
    0x0, 0x3, 0xff, 0x50, 0x0, 0x0, 0xff, 0x70,
    0x0, 0x3f, 0xf5, 0x0, 0x0, 0x3f, 0xf3, 0x0,
    0x3, 0xff, 0x50, 0x0, 0x8, 0xff, 0x0, 0x0,
    0x3f, 0xf5, 0x0, 0x3, 0xff, 0x90, 0x0, 0x3,
    0xff, 0x50, 0xd, 0xff, 0xf2, 0x0, 0x0, 0x3f,
    0xff, 0xfc, 0xdf, 0xc3, 0x0, 0x0, 0x3, 0xff,
    0xff, 0x80, 0x0, 0x0, 0x0, 0x0, 0x0, 0xd,
    0xf4, 0x0, 0x0, 0x0, 0x0, 0x0, 0x2, 0xff,
    0x10, 0x0, 0x0, 0x0, 0x0, 0x0, 0x8f, 0xd0,
    0x0, 0x0, 0x0, 0x0, 0x0, 0xd, 0xf9, 0x0,
    0x0, 0x0, 0x0, 0x0, 0x0, 0x77, 0x20,

    /* U+04C7 "Ӈ" */
    0xbf, 0xe0, 0x0, 0x0, 0x0, 0xe, 0xfa, 0xbf,
    0xe0, 0x0, 0x0, 0x0, 0xe, 0xfa, 0xbf, 0xe0,
    0x0, 0x0, 0x0, 0xe, 0xfa, 0xbf, 0xe0, 0x0,
    0x0, 0x0, 0xe, 0xfa, 0xbf, 0xe0, 0x0, 0x0,
    0x0, 0xe, 0xfa, 0xbf, 0xe0, 0x0, 0x0, 0x0,
    0xe, 0xfa, 0xbf, 0xe0, 0x0, 0x0, 0x0, 0xe,
    0xfa, 0xbf, 0xff, 0xff, 0xff, 0xff, 0xff, 0xfa,
    0xbf, 0xff, 0xff, 0xff, 0xff, 0xff, 0xfa, 0xbf,
    0xe3, 0x33, 0x33, 0x33, 0x3e, 0xfa, 0xbf, 0xe0,
    0x0, 0x0, 0x0, 0xe, 0xfa, 0xbf, 0xe0, 0x0,
    0x0, 0x0, 0xe, 0xfa, 0xbf, 0xe0, 0x0, 0x0,
    0x0, 0xe, 0xfa, 0xbf, 0xe0, 0x0, 0x0, 0x0,
    0xe, 0xfa, 0xbf, 0xe0, 0x0, 0x0, 0x0, 0xe,
    0xfa, 0xbf, 0xe0, 0x0, 0x0, 0x0, 0xe, 0xfa,
    0xbf, 0xe0, 0x0, 0x0, 0x0, 0xf, 0xf8, 0x0,
    0x0, 0x0, 0x0, 0x0, 0x2f, 0xf7, 0x0, 0x0,
    0x0, 0x0, 0x0, 0x7f, 0xf3, 0x0, 0x0, 0x0,
    0x0, 0x2, 0xef, 0xe0, 0x0, 0x2, 0xa6, 0x44,
    0x8f, 0xff, 0x40, 0x0, 0x2, 0xff, 0xff, 0xff,
    0xf7, 0x0, 0x0, 0x1, 0x9d, 0xff, 0xd9, 0x30,
    0x0,

    /* U+04C8 "ӈ" */
    0xf, 0xf8, 0x0, 0x0, 0x1, 0xff, 0x70, 0xff,
    0x80, 0x0, 0x0, 0x1f, 0xf7, 0xf, 0xf8, 0x0,
    0x0, 0x1, 0xff, 0x70, 0xff, 0x80, 0x0, 0x0,
    0x1f, 0xf7, 0xf, 0xf8, 0x0, 0x0, 0x1, 0xff,
    0x70, 0xff, 0x80, 0x0, 0x0, 0x1f, 0xf7, 0xf,
    0xff, 0xff, 0xff, 0xff, 0xff, 0x70, 0xff, 0xff,
    0xff, 0xff, 0xff, 0xf7, 0xf, 0xf8, 0x0, 0x0,
    0x1, 0xff, 0x70, 0xff, 0x80, 0x0, 0x0, 0x1f,
    0xf7, 0xf, 0xf8, 0x0, 0x0, 0x1, 0xff, 0x70,
    0xff, 0x80, 0x0, 0x0, 0x1f, 0xf7, 0xf, 0xf8,
    0x0, 0x0, 0x1, 0xff, 0x70, 0x0, 0x0, 0x0,
    0x0, 0x1f, 0xf6, 0x0, 0x0, 0x0, 0x0, 0x4,
    0xff, 0x40, 0x0, 0x0, 0x0, 0x0, 0x9f, 0xf0,
    0x0, 0x0, 0x57, 0x43, 0x9f, 0xfa, 0x0, 0x0,
    0x6, 0xff, 0xff, 0xfd, 0x10, 0x0, 0x0, 0x2b,
    0xef, 0xd8, 0x10, 0x0,

    /* U+04C9 "Ӊ" */
    0xbf, 0xe0, 0x0, 0x0, 0x0, 0xe, 0xfa, 0x0,
    0xb, 0xfe, 0x0, 0x0, 0x0, 0x0, 0xef, 0xa0,
    0x0, 0xbf, 0xe0, 0x0, 0x0, 0x0, 0xe, 0xfa,
    0x0, 0xb, 0xfe, 0x0, 0x0, 0x0, 0x0, 0xef,
    0xa0, 0x0, 0xbf, 0xe0, 0x0, 0x0, 0x0, 0xe,
    0xfa, 0x0, 0xb, 0xfe, 0x0, 0x0, 0x0, 0x0,
    0xef, 0xa0, 0x0, 0xbf, 0xe0, 0x0, 0x0, 0x0,
    0xe, 0xfa, 0x0, 0xb, 0xff, 0xff, 0xff, 0xff,
    0xff, 0xff, 0xa0, 0x0, 0xbf, 0xff, 0xff, 0xff,
    0xff, 0xff, 0xfa, 0x0, 0xb, 0xfe, 0x33, 0x33,
    0x33, 0x33, 0xef, 0xa0, 0x0, 0xbf, 0xe0, 0x0,
    0x0, 0x0, 0xe, 0xfa, 0x0, 0xb, 0xfe, 0x0,
    0x0, 0x0, 0x0, 0xef, 0xa0, 0x0, 0xbf, 0xe0,
    0x0, 0x0, 0x0, 0xe, 0xfa, 0x0, 0xb, 0xfe,
    0x0, 0x0, 0x0, 0x0, 0xef, 0xa0, 0x0, 0xbf,
    0xe0, 0x0, 0x0, 0x0, 0xe, 0xfa, 0x0, 0xb,
    0xfe, 0x0, 0x0, 0x0, 0x0, 0xef, 0xff, 0xf5,
    0xbf, 0xe0, 0x0, 0x0, 0x0, 0xe, 0xff, 0xff,
    0x10, 0x0, 0x0, 0x0, 0x0, 0x0, 0x0, 0x9f,
    0xc0, 0x0, 0x0, 0x0, 0x0, 0x0, 0x0, 0xe,
    0xf8, 0x0, 0x0, 0x0, 0x0, 0x0, 0x0, 0x5,
    0xff, 0x40, 0x0, 0x0, 0x0, 0x0, 0x0, 0x0,
    0xcf, 0xf0, 0x0, 0x0, 0x0, 0x0, 0x0, 0x0,
    0x1d, 0xd9, 0x0,

    /* U+04CA "ӊ" */
    0xf, 0xf8, 0x0, 0x0, 0x1, 0xff, 0x70, 0x0,
    0xf, 0xf8, 0x0, 0x0, 0x1, 0xff, 0x70, 0x0,
    0xf, 0xf8, 0x0, 0x0, 0x1, 0xff, 0x70, 0x0,
    0xf, 0xf8, 0x0, 0x0, 0x1, 0xff, 0x70, 0x0,
    0xf, 0xf8, 0x0, 0x0, 0x1, 0xff, 0x70, 0x0,
    0xf, 0xff, 0xff, 0xff, 0xff, 0xff, 0x70, 0x0,
    0xf, 0xff, 0xff, 0xff, 0xff, 0xff, 0x70, 0x0,
    0xf, 0xf8, 0x0, 0x0, 0x1, 0xff, 0x70, 0x0,
    0xf, 0xf8, 0x0, 0x0, 0x1, 0xff, 0x70, 0x0,
    0xf, 0xf8, 0x0, 0x0, 0x1, 0xff, 0x70, 0x0,
    0xf, 0xf8, 0x0, 0x0, 0x1, 0xff, 0x70, 0x0,
    0xf, 0xf8, 0x0, 0x0, 0x1, 0xff, 0xff, 0xe0,
    0xf, 0xf8, 0x0, 0x0, 0x1, 0xff, 0xff, 0xb0,
    0x0, 0x0, 0x0, 0x0, 0x0, 0x0, 0xbf, 0x70,
    0x0, 0x0, 0x0, 0x0, 0x0, 0x1, 0xff, 0x30,
    0x0, 0x0, 0x0, 0x0, 0x0, 0x6, 0xff, 0x0,
    0x0, 0x0, 0x0, 0x0, 0x0, 0xb, 0xfb, 0x0,
    0x0, 0x0, 0x0, 0x0, 0x0, 0x6, 0x73, 0x0,

    /* U+04CB "Ӌ" */
    0x3f, 0xf6, 0x0, 0x0, 0x0, 0xd, 0xfc, 0x3f,
    0xf6, 0x0, 0x0, 0x0, 0xd, 0xfc, 0x3f, 0xf6,
    0x0, 0x0, 0x0, 0xd, 0xfc, 0x3f, 0xf6, 0x0,
    0x0, 0x0, 0xd, 0xfc, 0x3f, 0xf6, 0x0, 0x0,
    0x0, 0xd, 0xfc, 0x3f, 0xf6, 0x0, 0x0, 0x0,
    0xd, 0xfc, 0x3f, 0xf7, 0x0, 0x0, 0x0, 0xd,
    0xfc, 0x2f, 0xfa, 0x0, 0x0, 0x0, 0xd, 0xfc,
    0xe, 0xff, 0x61, 0x1, 0x37, 0xbf, 0xfc, 0x6,
    0xff, 0xff, 0xff, 0xff, 0xff, 0xfc, 0x0, 0x5d,
    0xff, 0xff, 0xea, 0x5d, 0xfc, 0x0, 0x0, 0x12,
    0x21, 0x0, 0xd, 0xfc, 0x0, 0x0, 0x0, 0x0,
    0x0, 0xd, 0xfc, 0x0, 0x0, 0x0, 0x0, 0x0,
    0xd, 0xfc, 0x0, 0x0, 0x0, 0x0, 0x0, 0xd,
    0xfc, 0x0, 0x0, 0x0, 0x0, 0x1f, 0xff, 0xfc,
    0x0, 0x0, 0x0, 0x0, 0x1f, 0xff, 0xfc, 0x0,
    0x0, 0x0, 0x0, 0x1f, 0xf6, 0x0, 0x0, 0x0,
    0x0, 0x0, 0x1f, 0xf6, 0x0, 0x0, 0x0, 0x0,
    0x0, 0x1f, 0xf6, 0x0, 0x0, 0x0, 0x0, 0x0,
    0x1f, 0xf6, 0x0, 0x0, 0x0, 0x0, 0x0, 0x1d,
    0xd5, 0x0,

    /* U+04CC "ӌ" */
    0x5f, 0xf3, 0x0, 0x0, 0x8, 0xff, 0x5, 0xff,
    0x30, 0x0, 0x0, 0x8f, 0xf0, 0x5f, 0xf3, 0x0,
    0x0, 0x8, 0xff, 0x5, 0xff, 0x30, 0x0, 0x0,
    0x8f, 0xf0, 0x5f, 0xf3, 0x0, 0x0, 0x8, 0xff,
    0x4, 0xff, 0x50, 0x0, 0x0, 0x9f, 0xf0, 0x1f,
    0xfc, 0x20, 0x15, 0xcf, 0xff, 0x0, 0x8f, 0xff,
    0xff, 0xff, 0xdf, 0xf0, 0x0, 0x6c, 0xfe, 0xd8,
    0x18, 0xff, 0x0, 0x0, 0x0, 0x0, 0x0, 0x8f,
    0xf0, 0x0, 0x0, 0x0, 0x0, 0x8, 0xff, 0x0,
    0x0, 0x0, 0x0, 0xaf, 0xff, 0xf0, 0x0, 0x0,
    0x0, 0xa, 0xff, 0xff, 0x0, 0x0, 0x0, 0x0,
    0xaf, 0xc0, 0x0, 0x0, 0x0, 0x0, 0xa, 0xfc,
    0x0, 0x0, 0x0, 0x0, 0x0, 0xaf, 0xc0, 0x0,
    0x0, 0x0, 0x0, 0xa, 0xfc, 0x0, 0x0, 0x0,
    0x0, 0x0, 0x47, 0x50, 0x0,

    /* U+04CD "Ӎ" */
    0xbf, 0xff, 0x20, 0x0, 0x0, 0x0, 0x2, 0xff,
    0xfc, 0x0, 0xb, 0xff, 0xf8, 0x0, 0x0, 0x0,
    0x0, 0x7f, 0xff, 0xc0, 0x0, 0xbf, 0xef, 0xd0,
    0x0, 0x0, 0x0, 0xd, 0xfe, 0xfc, 0x0, 0xb,
    0xfa, 0xff, 0x30, 0x0, 0x0, 0x3, 0xfe, 0xaf,
    0xc0, 0x0, 0xbf, 0x8c, 0xf9, 0x0, 0x0, 0x0,
    0x9f, 0x9b, 0xfc, 0x0, 0xb, 0xf9, 0x6f, 0xe0,
    0x0, 0x0, 0xe, 0xf3, 0xbf, 0xc0, 0x0, 0xbf,
    0x91, 0xff, 0x40, 0x0, 0x4, 0xfd, 0xc, 0xfc,
    0x0, 0xb, 0xf9, 0xa, 0xfa, 0x0, 0x0, 0xaf,
    0x70, 0xcf, 0xc0, 0x0, 0xbf, 0xa0, 0x5f, 0xf0,
    0x0, 0xf, 0xf1, 0xc, 0xfc, 0x0, 0xb, 0xfa,
    0x0, 0xef, 0x50, 0x6, 0xfb, 0x0, 0xcf, 0xc0,
    0x0, 0xbf, 0xa0, 0x9, 0xfb, 0x0, 0xcf, 0x50,
    0xc, 0xfc, 0x0, 0xb, 0xfa, 0x0, 0x3f, 0xf1,
    0x1f, 0xf0, 0x0, 0xcf, 0xc0, 0x0, 0xbf, 0xa0,
    0x0, 0xdf, 0x67, 0xfa, 0x0, 0xc, 0xfc, 0x0,
    0xb, 0xfa, 0x0, 0x8, 0xfc, 0xdf, 0x40, 0x0,
    0xcf, 0xc0, 0x0, 0xbf, 0xa0, 0x0, 0x2f, 0xff,
    0xe0, 0x0, 0xc, 0xfc, 0x0, 0xb, 0xfa, 0x0,
    0x0, 0xcf, 0xf8, 0x0, 0x0, 0xcf, 0xff, 0xf6,
    0xbf, 0xa0, 0x0, 0x6, 0xff, 0x20, 0x0, 0xc,
    0xff, 0xff, 0x20, 0x0, 0x0, 0x0, 0x0, 0x0,
    0x0, 0x0, 0x0, 0x7f, 0xd0, 0x0, 0x0, 0x0,
    0x0, 0x0, 0x0, 0x0, 0x0, 0xd, 0xf9, 0x0,
    0x0, 0x0, 0x0, 0x0, 0x0, 0x0, 0x0, 0x4,
    0xff, 0x50, 0x0, 0x0, 0x0, 0x0, 0x0, 0x0,
    0x0, 0x0, 0xaf, 0xf1, 0x0, 0x0, 0x0, 0x0,
    0x0, 0x0, 0x0, 0x0, 0x1d, 0xdb, 0x0,

    /* U+04CE "ӎ" */
    0xf, 0xff, 0xa0, 0x0, 0x0, 0x0, 0xff, 0xf9,
    0x0, 0x0, 0xff, 0xff, 0x10, 0x0, 0x0, 0x6f,
    0xff, 0x90, 0x0, 0xf, 0xff, 0xf6, 0x0, 0x0,
    0xc, 0xff, 0xf9, 0x0, 0x0, 0xff, 0xaf, 0xc0,
    0x0, 0x3, 0xff, 0xbf, 0x90, 0x0, 0xf, 0xf5,
    0xff, 0x20, 0x0, 0x9f, 0x9b, 0xf9, 0x0, 0x0,
    0xff, 0x4a, 0xf9, 0x0, 0xe, 0xf3, 0xbf, 0x90,
    0x0, 0xf, 0xf5, 0x3f, 0xe0, 0x5, 0xfd, 0xb,
    0xf9, 0x0, 0x0, 0xff, 0x50, 0xdf, 0x50, 0xcf,
    0x70, 0xbf, 0x90, 0x0, 0xf, 0xf5, 0x7, 0xfb,
    0x2f, 0xf1, 0xb, 0xf9, 0x0, 0x0, 0xff, 0x50,
    0x1f, 0xfa, 0xfa, 0x0, 0xbf, 0x90, 0x0, 0xf,
    0xf5, 0x0, 0xbf, 0xff, 0x40, 0xb, 0xf9, 0x0,
    0x0, 0xff, 0x50, 0x5, 0xff, 0xe0, 0x0, 0xbf,
    0xff, 0xf0, 0xf, 0xf5, 0x0, 0xe, 0xf7, 0x0,
    0xb, 0xff, 0xfc, 0x0, 0x0, 0x0, 0x0, 0x0,
    0x0, 0x0, 0x0, 0x9f, 0x80, 0x0, 0x0, 0x0,
    0x0, 0x0, 0x0, 0x0, 0xe, 0xf4, 0x0, 0x0,
    0x0, 0x0, 0x0, 0x0, 0x0, 0x4, 0xff, 0x10,
    0x0, 0x0, 0x0, 0x0, 0x0, 0x0, 0x0, 0x9f,
    0xd0, 0x0, 0x0, 0x0, 0x0, 0x0, 0x0, 0x0,
    0x5, 0x74, 0x0,

    /* U+04CF "ӏ" */
    0x1f, 0xff, 0xff, 0xf9, 0xa, 0xef, 0xff, 0xc5,
    0x0, 0xf, 0xf8, 0x0, 0x0, 0xf, 0xf8, 0x0,
    0x0, 0xf, 0xf8, 0x0, 0x0, 0xf, 0xf8, 0x0,
    0x0, 0xf, 0xf8, 0x0, 0x0, 0xf, 0xf8, 0x0,
    0x0, 0xf, 0xf8, 0x0, 0x0, 0xf, 0xf8, 0x0,
    0x0, 0xf, 0xf8, 0x0, 0x0, 0xf, 0xf8, 0x0,
    0x0, 0xf, 0xf8, 0x0, 0x0, 0xf, 0xf8, 0x0,
    0x0, 0xf, 0xf8, 0x0, 0xa, 0xef, 0xff, 0xc4,
    0x1f, 0xff, 0xff, 0xf9,

    /* U+04D0 "Ӑ" */
    0x0, 0x0, 0x88, 0x10, 0x3, 0x87, 0x0, 0x0,
    0x0, 0x0, 0xef, 0xa1, 0x1c, 0xfa, 0x0, 0x0,
    0x0, 0x0, 0x4f, 0xff, 0xff, 0xe1, 0x0, 0x0,
    0x0, 0x0, 0x1, 0x79, 0x86, 0x0, 0x0, 0x0,
    0x0, 0x0, 0x0, 0x0, 0x0, 0x0, 0x0, 0x0,
    0x0, 0x0, 0x0, 0xbf, 0xf6, 0x0, 0x0, 0x0,
    0x0, 0x0, 0x1, 0xff, 0xfc, 0x0, 0x0, 0x0,
    0x0, 0x0, 0x7, 0xfe, 0xff, 0x20, 0x0, 0x0,
    0x0, 0x0, 0xd, 0xf8, 0xdf, 0x80, 0x0, 0x0,
    0x0, 0x0, 0x3f, 0xf3, 0x8f, 0xe0, 0x0, 0x0,
    0x0, 0x0, 0x9f, 0xe0, 0x3f, 0xf4, 0x0, 0x0,
    0x0, 0x0, 0xff, 0x90, 0xd, 0xfa, 0x0, 0x0,
    0x0, 0x5, 0xff, 0x30, 0x8, 0xff, 0x10, 0x0,
    0x0, 0xc, 0xfd, 0x0, 0x2, 0xff, 0x70, 0x0,
    0x0, 0x2f, 0xf7, 0x0, 0x0, 0xcf, 0xd0, 0x0,
    0x0, 0x8f, 0xff, 0xff, 0xff, 0xff, 0xf3, 0x0,
    0x0, 0xef, 0xff, 0xff, 0xff, 0xff, 0xf9, 0x0,
    0x4, 0xff, 0x83, 0x33, 0x33, 0x3c, 0xff, 0x0,
    0xa, 0xff, 0x10, 0x0, 0x0, 0x6, 0xff, 0x50,
    0x1f, 0xfa, 0x0, 0x0, 0x0, 0x0, 0xff, 0xb0,
    0x6f, 0xf4, 0x0, 0x0, 0x0, 0x0, 0xaf, 0xf2,
    0xcf, 0xe0, 0x0, 0x0, 0x0, 0x0, 0x3f, 0xf8,

    /* U+04D1 "ӑ" */
    0x0, 0x68, 0x30, 0x1, 0x87, 0x0, 0x8, 0xfd,
    0x20, 0x9f, 0xd0, 0x0, 0xd, 0xff, 0xff, 0xe3,
    0x0, 0x0, 0x5, 0x88, 0x60, 0x0, 0x0, 0x0,
    0x0, 0x0, 0x0, 0x0, 0x5, 0xad, 0xff, 0xd9,
    0x10, 0x5, 0xff, 0xff, 0xff, 0xfe, 0x10, 0xc,
    0x72, 0x0, 0x8f, 0xf9, 0x0, 0x0, 0x0, 0x0,
    0xdf, 0xc0, 0x0, 0x0, 0x0, 0xa, 0xfd, 0x0,
    0x15, 0x89, 0x99, 0xdf, 0xd0, 0x8f, 0xff, 0xff,
    0xff, 0xfd, 0x7f, 0xfb, 0x30, 0x0, 0xaf, 0xdd,
    0xfe, 0x0, 0x0, 0xb, 0xfd, 0xef, 0xc0, 0x0,
    0x0, 0xef, 0xdc, 0xff, 0x20, 0x1, 0xbf, 0xfd,
    0x4f, 0xff, 0xcd, 0xfe, 0x9f, 0xd0, 0x3b, 0xef,
    0xe9, 0x11, 0xfd,

    /* U+04D2 "Ӓ" */
    0x0, 0x0, 0x38, 0x20, 0x5, 0x80, 0x0, 0x0,
    0x0, 0x0, 0xbf, 0xb0, 0xf, 0xf6, 0x0, 0x0,
    0x0, 0x0, 0x7f, 0x70, 0xc, 0xe3, 0x0, 0x0,
    0x0, 0x0, 0x0, 0x0, 0x0, 0x0, 0x0, 0x0,
    0x0, 0x0, 0x0, 0x0, 0x0, 0x0, 0x0, 0x0,
    0x0, 0x0, 0x0, 0xbf, 0xf6, 0x0, 0x0, 0x0,
    0x0, 0x0, 0x1, 0xff, 0xfc, 0x0, 0x0, 0x0,
    0x0, 0x0, 0x7, 0xfe, 0xff, 0x20, 0x0, 0x0,
    0x0, 0x0, 0xd, 0xf8, 0xdf, 0x80, 0x0, 0x0,
    0x0, 0x0, 0x3f, 0xf3, 0x8f, 0xe0, 0x0, 0x0,
    0x0, 0x0, 0x9f, 0xe0, 0x3f, 0xf4, 0x0, 0x0,
    0x0, 0x0, 0xff, 0x90, 0xd, 0xfa, 0x0, 0x0,
    0x0, 0x5, 0xff, 0x30, 0x8, 0xff, 0x10, 0x0,
    0x0, 0xc, 0xfd, 0x0, 0x2, 0xff, 0x70, 0x0,
    0x0, 0x2f, 0xf7, 0x0, 0x0, 0xcf, 0xd0, 0x0,
    0x0, 0x8f, 0xff, 0xff, 0xff, 0xff, 0xf3, 0x0,
    0x0, 0xef, 0xff, 0xff, 0xff, 0xff, 0xf9, 0x0,
    0x4, 0xff, 0x83, 0x33, 0x33, 0x3c, 0xff, 0x0,
    0xa, 0xff, 0x10, 0x0, 0x0, 0x6, 0xff, 0x50,
    0x1f, 0xfa, 0x0, 0x0, 0x0, 0x0, 0xff, 0xb0,
    0x6f, 0xf4, 0x0, 0x0, 0x0, 0x0, 0xaf, 0xf2,
    0xcf, 0xe0, 0x0, 0x0, 0x0, 0x0, 0x3f, 0xf8,

    /* U+04D3 "ӓ" */
    0x0, 0x7f, 0x70, 0xb, 0xe3, 0x0, 0xb, 0xfc,
    0x0, 0xff, 0x70, 0x0, 0x28, 0x20, 0x5, 0x80,
    0x0, 0x0, 0x0, 0x0, 0x0, 0x0, 0x0, 0x5a,
    0xdf, 0xfd, 0x91, 0x0, 0x5f, 0xff, 0xff, 0xff,
    0xe1, 0x0, 0xc7, 0x20, 0x8, 0xff, 0x90, 0x0,
    0x0, 0x0, 0xd, 0xfc, 0x0, 0x0, 0x0, 0x0,
    0xaf, 0xd0, 0x1, 0x58, 0x99, 0x9d, 0xfd, 0x8,
    0xff, 0xff, 0xff, 0xff, 0xd7, 0xff, 0xb3, 0x0,
    0xa, 0xfd, 0xdf, 0xe0, 0x0, 0x0, 0xbf, 0xde,
    0xfc, 0x0, 0x0, 0xe, 0xfd, 0xcf, 0xf2, 0x0,
    0x1b, 0xff, 0xd4, 0xff, 0xfc, 0xdf, 0xe9, 0xfd,
    0x3, 0xbe, 0xfe, 0x91, 0x1f, 0xd0,

    /* U+04D4 "Ӕ" */
    0x0, 0x0, 0x0, 0x0, 0x4f, 0xff, 0xff, 0xff,
    0xff, 0xff, 0xf3, 0x0, 0x0, 0x0, 0x0, 0xbf,
    0xff, 0xff, 0xff, 0xff, 0xff, 0xf3, 0x0, 0x0,
    0x0, 0x3, 0xff, 0x64, 0xff, 0x92, 0x22, 0x22,
    0x20, 0x0, 0x0, 0x0, 0xa, 0xfd, 0x1, 0xff,
    0x70, 0x0, 0x0, 0x0, 0x0, 0x0, 0x0, 0x2f,
    0xf6, 0x1, 0xff, 0x70, 0x0, 0x0, 0x0, 0x0,
    0x0, 0x0, 0x9f, 0xe0, 0x1, 0xff, 0x70, 0x0,
    0x0, 0x0, 0x0, 0x0, 0x1, 0xff, 0x80, 0x1,
    0xff, 0x70, 0x0, 0x0, 0x0, 0x0, 0x0, 0x8,
    0xff, 0x10, 0x1, 0xff, 0xff, 0xff, 0xff, 0xc0,
    0x0, 0x0, 0x1f, 0xfa, 0x0, 0x1, 0xff, 0xff,
    0xff, 0xff, 0xc0, 0x0, 0x0, 0x7f, 0xf2, 0x0,
    0x1, 0xff, 0x92, 0x22, 0x22, 0x10, 0x0, 0x0,
    0xef, 0xff, 0xff, 0xff, 0xff, 0x70, 0x0, 0x0,
    0x0, 0x0, 0x7, 0xff, 0xff, 0xff, 0xff, 0xff,
    0x70, 0x0, 0x0, 0x0, 0x0, 0xe, 0xfd, 0x33,
    0x33, 0x35, 0xff, 0x70, 0x0, 0x0, 0x0, 0x0,
    0x6f, 0xf5, 0x0, 0x0, 0x1, 0xff, 0x70, 0x0,
    0x0, 0x0, 0x0, 0xdf, 0xd0, 0x0, 0x0, 0x1,
    0xff, 0x93, 0x33, 0x33, 0x30, 0x5, 0xff, 0x50,
    0x0, 0x0, 0x1, 0xff, 0xff, 0xff, 0xff, 0xf3,
    0xc, 0xfd, 0x0, 0x0, 0x0, 0x1, 0xff, 0xff,
    0xff, 0xff, 0xf3,

    /* U+04D5 "ӕ" */
    0x1, 0x6b, 0xef, 0xeb, 0x50, 0x8, 0xdf, 0xeb,
    0x30, 0x0, 0x9f, 0xff, 0xff, 0xff, 0x7d, 0xff,
    0xff, 0xff, 0x60, 0x2, 0xb5, 0x10, 0x1b, 0xff,
    0xfd, 0x30, 0x1b, 0xff, 0x20, 0x0, 0x0, 0x0,
    0x1f, 0xff, 0x20, 0x0, 0xe, 0xf9, 0x0, 0x0,
    0x0, 0x0, 0xff, 0xd0, 0x0, 0x0, 0xbf, 0xd0,
    0x4, 0x8b, 0xcc, 0xcf, 0xfe, 0xcc, 0xcc, 0xce,
    0xfe, 0xb, 0xff, 0xff, 0xff, 0xff, 0xff, 0xff,
    0xff, 0xff, 0xf8, 0xff, 0xa3, 0x0, 0xf, 0xfb,
    0x0, 0x0, 0x0, 0x0, 0xdf, 0xd0, 0x0, 0x1,
    0xff, 0xe0, 0x0, 0x0, 0x0, 0xe, 0xfc, 0x0,
    0x0, 0x6f, 0xff, 0x50, 0x0, 0x0, 0x0, 0xbf,
    0xf5, 0x12, 0x7f, 0xfc, 0xff, 0x62, 0x12, 0x4a,
    0x43, 0xff, 0xff, 0xff, 0xf4, 0x1d, 0xff, 0xff,
    0xff, 0xf5, 0x3, 0xbe, 0xfd, 0x92, 0x0, 0x7,
    0xcf, 0xfe, 0xb6, 0x10,

    /* U+04D6 "Ӗ" */
    0x5, 0x84, 0x0, 0x7, 0x82, 0x7, 0xfe, 0x20,
    0x7f, 0xf1, 0x0, 0xcf, 0xff, 0xff, 0x60, 0x0,
    0x5, 0x89, 0x72, 0x0, 0x0, 0x0, 0x0, 0x0,
    0x0, 0xbf, 0xff, 0xff, 0xff, 0xfe, 0xbf, 0xff,
    0xff, 0xff, 0xfe, 0xbf, 0xe2, 0x22, 0x22, 0x22,
    0xbf, 0xe0, 0x0, 0x0, 0x0, 0xbf, 0xe0, 0x0,
    0x0, 0x0, 0xbf, 0xe0, 0x0, 0x0, 0x0, 0xbf,
    0xe0, 0x0, 0x0, 0x0, 0xbf, 0xff, 0xff, 0xff,
    0xf8, 0xbf, 0xff, 0xff, 0xff, 0xf8, 0xbf, 0xe2,
    0x22, 0x22, 0x21, 0xbf, 0xe0, 0x0, 0x0, 0x0,
    0xbf, 0xe0, 0x0, 0x0, 0x0, 0xbf, 0xe0, 0x0,
    0x0, 0x0, 0xbf, 0xe0, 0x0, 0x0, 0x0, 0xbf,
    0xe3, 0x33, 0x33, 0x32, 0xbf, 0xff, 0xff, 0xff,
    0xfe, 0xbf, 0xff, 0xff, 0xff, 0xfe,

    /* U+04D7 "ӗ" */
    0x0, 0xaf, 0x90, 0x3, 0xff, 0x10, 0x0, 0x5f,
    0xe3, 0x1b, 0xfb, 0x0, 0x0, 0xa, 0xff, 0xff,
    0xe2, 0x0, 0x0, 0x0, 0x47, 0x85, 0x0, 0x0,
    0x0, 0x0, 0x0, 0x0, 0x0, 0x0, 0x0, 0x6,
    0xce, 0xfd, 0x81, 0x0, 0x1, 0xcf, 0xff, 0xff,
    0xfe, 0x20, 0xa, 0xff, 0x60, 0x4, 0xef, 0xd0,
    0x2f, 0xf6, 0x0, 0x0, 0x5f, 0xf4, 0x7f, 0xf1,
    0x0, 0x0, 0xf, 0xf7, 0xaf, 0xff, 0xff, 0xff,
    0xff, 0xf9, 0xbf, 0xfe, 0xee, 0xee, 0xee, 0xe8,
    0xaf, 0xf0, 0x0, 0x0, 0x0, 0x0, 0x8f, 0xf2,
    0x0, 0x0, 0x0, 0x0, 0x2f, 0xfb, 0x0, 0x0,
    0x0, 0x0, 0xa, 0xff, 0xa3, 0x1, 0x37, 0xc0,
    0x0, 0xbf, 0xff, 0xff, 0xff, 0xf0, 0x0, 0x5,
    0xbe, 0xff, 0xda, 0x40,

    /* U+04D8 "Ә" */
    0x0, 0x27, 0xbe, 0xff, 0xfd, 0x93, 0x0, 0x0,
    0x5, 0xff, 0xff, 0xff, 0xff, 0xff, 0x90, 0x0,
    0x6, 0xfb, 0x75, 0x43, 0x47, 0xcf, 0xfc, 0x0,
    0x1, 0x0, 0x0, 0x0, 0x0, 0x7, 0xff, 0x70,
    0x0, 0x0, 0x0, 0x0, 0x0, 0x0, 0xaf, 0xf0,
    0x0, 0x0, 0x0, 0x0, 0x0, 0x0, 0x3f, 0xf5,
    0x0, 0x0, 0x0, 0x0, 0x0, 0x0, 0xf, 0xf9,
    0x6f, 0xff, 0xff, 0xff, 0xff, 0xff, 0xff, 0xfb,
    0x6f, 0xff, 0xff, 0xff, 0xff, 0xff, 0xff, 0xfc,
    0x5f, 0xf7, 0x33, 0x33, 0x33, 0x33, 0x3f, 0xfb,
    0x3f, 0xf6, 0x0, 0x0, 0x0, 0x0, 0x1f, 0xfa,
    0xf, 0xf9, 0x0, 0x0, 0x0, 0x0, 0x5f, 0xf6,
    0xb, 0xfe, 0x0, 0x0, 0x0, 0x0, 0xdf, 0xf1,
    0x4, 0xff, 0x80, 0x0, 0x0, 0xa, 0xff, 0x90,
    0x0, 0xaf, 0xfb, 0x53, 0x36, 0xdf, 0xfd, 0x0,
    0x0, 0xa, 0xff, 0xff, 0xff, 0xff, 0xc1, 0x0,
    0x0, 0x0, 0x5a, 0xef, 0xfe, 0xa5, 0x0, 0x0,

    /* U+04D9 "ә" */
    0x5, 0xae, 0xff, 0xd9, 0x30, 0x0, 0x2f, 0xff,
    0xff, 0xff, 0xf8, 0x0, 0x2b, 0x53, 0x11, 0x4c,
    0xff, 0x60, 0x0, 0x0, 0x0, 0x0, 0xef, 0xe0,
    0x0, 0x0, 0x0, 0x0, 0x6f, 0xf4, 0x0, 0x0,
    0x0, 0x0, 0x3f, 0xf6, 0xdf, 0xff, 0xff, 0xff,
    0xff, 0xf7, 0xdf, 0xfe, 0xee, 0xee, 0xef, 0xf6,
    0xbf, 0xd0, 0x0, 0x0, 0x5f, 0xf4, 0x8f, 0xf2,
    0x0, 0x0, 0xaf, 0xe0, 0x1f, 0xfc, 0x20, 0x18,
    0xff, 0x60, 0x5, 0xff, 0xff, 0xff, 0xf9, 0x0,
    0x0, 0x2a, 0xef, 0xeb, 0x40, 0x0,

    /* U+04DA "Ӛ" */
    0x0, 0x0, 0x8f, 0x60, 0xc, 0xe3, 0x0, 0x0,
    0x0, 0x0, 0xcf, 0xb0, 0x1f, 0xf6, 0x0, 0x0,
    0x0, 0x0, 0x38, 0x20, 0x5, 0x80, 0x0, 0x0,
    0x0, 0x0, 0x0, 0x0, 0x0, 0x0, 0x0, 0x0,
    0x0, 0x0, 0x0, 0x0, 0x0, 0x0, 0x0, 0x0,
    0x0, 0x27, 0xbe, 0xff, 0xfd, 0x93, 0x0, 0x0,
    0x5, 0xff, 0xff, 0xff, 0xff, 0xff, 0x90, 0x0,
    0x6, 0xfb, 0x75, 0x43, 0x47, 0xcf, 0xfc, 0x0,
    0x1, 0x0, 0x0, 0x0, 0x0, 0x7, 0xff, 0x70,
    0x0, 0x0, 0x0, 0x0, 0x0, 0x0, 0xaf, 0xf0,
    0x0, 0x0, 0x0, 0x0, 0x0, 0x0, 0x3f, 0xf5,
    0x0, 0x0, 0x0, 0x0, 0x0, 0x0, 0xf, 0xf9,
    0x6f, 0xff, 0xff, 0xff, 0xff, 0xff, 0xff, 0xfb,
    0x6f, 0xff, 0xff, 0xff, 0xff, 0xff, 0xff, 0xfc,
    0x5f, 0xf7, 0x33, 0x33, 0x33, 0x33, 0x3f, 0xfb,
    0x3f, 0xf6, 0x0, 0x0, 0x0, 0x0, 0x1f, 0xfa,
    0xf, 0xf9, 0x0, 0x0, 0x0, 0x0, 0x5f, 0xf6,
    0xb, 0xfe, 0x0, 0x0, 0x0, 0x0, 0xdf, 0xf1,
    0x4, 0xff, 0x80, 0x0, 0x0, 0xa, 0xff, 0x90,
    0x0, 0xaf, 0xfb, 0x53, 0x36, 0xdf, 0xfd, 0x0,
    0x0, 0xa, 0xff, 0xff, 0xff, 0xff, 0xc1, 0x0,
    0x0, 0x0, 0x5a, 0xef, 0xfe, 0xa5, 0x0, 0x0,

    /* U+04DB "ӛ" */
    0x0, 0x9f, 0x50, 0xd, 0xe1, 0x0, 0x0, 0xdf,
    0x90, 0x2f, 0xf4, 0x0, 0x0, 0x48, 0x10, 0x6,
    0x70, 0x0, 0x0, 0x0, 0x0, 0x0, 0x0, 0x0,
    0x5, 0xae, 0xff, 0xd9, 0x30, 0x0, 0x2f, 0xff,
    0xff, 0xff, 0xf8, 0x0, 0x2b, 0x53, 0x11, 0x4c,
    0xff, 0x60, 0x0, 0x0, 0x0, 0x0, 0xef, 0xe0,
    0x0, 0x0, 0x0, 0x0, 0x6f, 0xf4, 0x0, 0x0,
    0x0, 0x0, 0x3f, 0xf6, 0xdf, 0xff, 0xff, 0xff,
    0xff, 0xf7, 0xdf, 0xfe, 0xee, 0xee, 0xef, 0xf6,
    0xbf, 0xd0, 0x0, 0x0, 0x5f, 0xf4, 0x8f, 0xf2,
    0x0, 0x0, 0xaf, 0xe0, 0x1f, 0xfc, 0x20, 0x18,
    0xff, 0x60, 0x5, 0xff, 0xff, 0xff, 0xf9, 0x0,
    0x0, 0x2a, 0xef, 0xeb, 0x40, 0x0,

    /* U+04DC "Ӝ" */
    0x0, 0x0, 0x0, 0x0, 0x85, 0x0, 0x28, 0x30,
    0x0, 0x0, 0x0, 0x0, 0x0, 0x0, 0x0, 0x6f,
    0xf0, 0xb, 0xfc, 0x0, 0x0, 0x0, 0x0, 0x0,
    0x0, 0x0, 0x3, 0xec, 0x0, 0x7f, 0x70, 0x0,
    0x0, 0x0, 0x0, 0x0, 0x0, 0x0, 0x0, 0x0,
    0x0, 0x0, 0x0, 0x0, 0x0, 0x0, 0x0, 0x0,
    0x0, 0x0, 0x0, 0x0, 0x0, 0x0, 0x0, 0x0,
    0x0, 0x2, 0xff, 0x90, 0x0, 0x0, 0x1f, 0xf7,
    0x0, 0x0, 0x4, 0xff, 0x60, 0x6, 0xff, 0x40,
    0x0, 0x1, 0xff, 0x70, 0x0, 0x1, 0xef, 0xc0,
    0x0, 0xb, 0xfe, 0x0, 0x0, 0x1f, 0xf7, 0x0,
    0x0, 0xaf, 0xf2, 0x0, 0x0, 0x2f, 0xf9, 0x0,
    0x1, 0xff, 0x70, 0x0, 0x4f, 0xf6, 0x0, 0x0,
    0x0, 0x6f, 0xf4, 0x0, 0x1f, 0xf7, 0x0, 0x1e,
    0xfc, 0x0, 0x0, 0x0, 0x0, 0xbf, 0xe1, 0x1,
    0xff, 0x70, 0xa, 0xff, 0x20, 0x0, 0x0, 0x0,
    0x2, 0xff, 0xa0, 0x1f, 0xf7, 0x4, 0xff, 0x60,
    0x0, 0x0, 0x0, 0x0, 0x6, 0xff, 0xff, 0xff,
    0xff, 0xff, 0xb0, 0x0, 0x0, 0x0, 0x0, 0x0,
    0x7f, 0xff, 0xff, 0xff, 0xff, 0xfc, 0x0, 0x0,
    0x0, 0x0, 0x0, 0x1f, 0xfc, 0x34, 0xff, 0x83,
    0x8f, 0xf6, 0x0, 0x0, 0x0, 0x0, 0xb, 0xff,
    0x20, 0x1f, 0xf7, 0x0, 0xdf, 0xf1, 0x0, 0x0,
    0x0, 0x5, 0xff, 0x80, 0x1, 0xff, 0x70, 0x3,
    0xff, 0xb0, 0x0, 0x0, 0x1, 0xef, 0xd0, 0x0,
    0x1f, 0xf7, 0x0, 0x9, 0xff, 0x50, 0x0, 0x0,
    0xaf, 0xf4, 0x0, 0x1, 0xff, 0x70, 0x0, 0xe,
    0xfe, 0x10, 0x0, 0x4f, 0xf9, 0x0, 0x0, 0x1f,
    0xf7, 0x0, 0x0, 0x4f, 0xfa, 0x0, 0xe, 0xfe,
    0x10, 0x0, 0x1, 0xff, 0x70, 0x0, 0x0, 0xaf,
    0xf4, 0x9, 0xff, 0x50, 0x0, 0x0, 0x1f, 0xf7,
    0x0, 0x0, 0x1, 0xef, 0xe0,

    /* U+04DD "ӝ" */
    0x0, 0x0, 0x0, 0xce, 0x20, 0x3e, 0xc0, 0x0,
    0x0, 0x0, 0x0, 0x0, 0x1f, 0xf5, 0x6, 0xff,
    0x10, 0x0, 0x0, 0x0, 0x0, 0x0, 0x67, 0x0,
    0x7, 0x50, 0x0, 0x0, 0x0, 0x0, 0x0, 0x0,
    0x0, 0x0, 0x0, 0x0, 0x0, 0x0, 0x2f, 0xf8,
    0x0, 0x0, 0xcf, 0xb0, 0x0, 0x8, 0xff, 0x20,
    0x6f, 0xf3, 0x0, 0xc, 0xfb, 0x0, 0x4, 0xff,
    0x50, 0x0, 0xbf, 0xe0, 0x0, 0xcf, 0xb0, 0x1,
    0xef, 0xa0, 0x0, 0x1, 0xef, 0xa0, 0xc, 0xfb,
    0x0, 0xaf, 0xe0, 0x0, 0x0, 0x4, 0xff, 0x50,
    0xcf, 0xb0, 0x5f, 0xf3, 0x0, 0x0, 0x0, 0x9,
    0xff, 0xff, 0xff, 0xff, 0xf8, 0x0, 0x0, 0x0,
    0x0, 0xbf, 0xff, 0xff, 0xff, 0xff, 0xa0, 0x0,
    0x0, 0x0, 0x5f, 0xf6, 0xc, 0xfb, 0x7, 0xff,
    0x40, 0x0, 0x0, 0x1e, 0xfc, 0x0, 0xcf, 0xb0,
    0xd, 0xfe, 0x0, 0x0, 0x9, 0xff, 0x30, 0xc,
    0xfb, 0x0, 0x3f, 0xf9, 0x0, 0x3, 0xff, 0x90,
    0x0, 0xcf, 0xb0, 0x0, 0x9f, 0xf3, 0x0, 0xdf,
    0xe0, 0x0, 0xc, 0xfb, 0x0, 0x1, 0xef, 0xd0,
    0x8f, 0xf5, 0x0, 0x0, 0xcf, 0xb0, 0x0, 0x6,
    0xff, 0x70,

    /* U+04DE "Ӟ" */
    0x0, 0x1d, 0xd1, 0x4, 0xfa, 0x0, 0x0, 0x3,
    0xff, 0x30, 0x8f, 0xf0, 0x0, 0x0, 0x7, 0x70,
    0x1, 0x84, 0x0, 0x0, 0x0, 0x0, 0x0, 0x0,
    0x0, 0x0, 0x0, 0x0, 0x0, 0x0, 0x0, 0x0,
    0x0, 0x16, 0xbe, 0xff, 0xeb, 0x60, 0x0, 0xb,
    0xff, 0xff, 0xff, 0xff, 0xd1, 0x0, 0x5d, 0x85,
    0x33, 0x5c, 0xff, 0xb0, 0x0, 0x0, 0x0, 0x0,
    0xd, 0xff, 0x0, 0x0, 0x0, 0x0, 0x0, 0x9f,
    0xf0, 0x0, 0x0, 0x0, 0x0, 0xd, 0xfc, 0x0,
    0x0, 0x0, 0x1, 0x4b, 0xff, 0x30, 0x0, 0xe,
    0xff, 0xff, 0xe9, 0x20, 0x0, 0x0, 0xef, 0xff,
    0xff, 0xc6, 0x0, 0x0, 0x1, 0x11, 0x24, 0xaf,
    0xfb, 0x0, 0x0, 0x0, 0x0, 0x0, 0x8f, 0xf5,
    0x0, 0x0, 0x0, 0x0, 0x2, 0xff, 0x90, 0x0,
    0x0, 0x0, 0x0, 0x2f, 0xf9, 0x0, 0x0, 0x0,
    0x0, 0x9, 0xff, 0x60, 0xea, 0x64, 0x33, 0x5b,
    0xff, 0xe0, 0xf, 0xff, 0xff, 0xff, 0xff, 0xd2,
    0x0, 0x59, 0xde, 0xff, 0xeb, 0x60, 0x0,

    /* U+04DF "ӟ" */
    0x0, 0x9f, 0x50, 0xd, 0xe2, 0x0, 0xd, 0xf9,
    0x2, 0xff, 0x40, 0x0, 0x38, 0x10, 0x6, 0x70,
    0x0, 0x0, 0x0, 0x0, 0x0, 0x0, 0x4, 0x9c,
    0xef, 0xec, 0x70, 0x0, 0xdf, 0xff, 0xff, 0xff,
    0xc0, 0x5, 0x73, 0x10, 0x2a, 0xff, 0x50, 0x0,
    0x0, 0x0, 0x2f, 0xf6, 0x0, 0x0, 0x0, 0x1a,
    0xff, 0x10, 0x3, 0xee, 0xff, 0xfa, 0x20, 0x0,
    0x3f, 0xff, 0xff, 0xc4, 0x0, 0x0, 0x0, 0x2,
    0xaf, 0xf4, 0x0, 0x0, 0x0, 0x0, 0xef, 0xb0,
    0x0, 0x0, 0x0, 0xe, 0xfc, 0x2a, 0x52, 0x10,
    0x3a, 0xff, 0x82, 0xff, 0xff, 0xff, 0xff, 0xd1,
    0x7, 0xbd, 0xff, 0xec, 0x60, 0x0,

    /* U+04E0 "Ӡ" */
    0xb, 0xff, 0xff, 0xff, 0xff, 0xff, 0x20, 0xbf,
    0xff, 0xff, 0xff, 0xff, 0xf1, 0x2, 0x33, 0x33,
    0x33, 0xcf, 0xf7, 0x0, 0x0, 0x0, 0x0, 0xaf,
    0xf6, 0x0, 0x0, 0x0, 0x0, 0xbf, 0xf5, 0x0,
    0x0, 0x0, 0x1, 0xcf, 0xf4, 0x0, 0x0, 0x0,
    0x1, 0xdf, 0xe3, 0x0, 0x0, 0x0, 0x0, 0x7f,
    0xfe, 0xdb, 0x71, 0x0, 0x0, 0x8, 0xff, 0xff,
    0xff, 0xf5, 0x0, 0x0, 0x0, 0x1, 0x38, 0xff,
    0xf3, 0x0, 0x0, 0x0, 0x0, 0x3, 0xff, 0xa0,
    0x0, 0x0, 0x0, 0x0, 0xd, 0xfd, 0x0, 0x0,
    0x0, 0x0, 0x0, 0xef, 0xc0, 0x0, 0x0, 0x0,
    0x0, 0x5f, 0xf8, 0x3e, 0x95, 0x21, 0x13, 0x8f,
    0xfe, 0x13, 0xff, 0xff, 0xff, 0xff, 0xfe, 0x30,
    0x5, 0xad, 0xef, 0xfe, 0xb6, 0x0, 0x0,

    /* U+04E1 "ӡ" */
    0x3f, 0xff, 0xff, 0xff, 0xff, 0xf1, 0x3f, 0xff,
    0xff, 0xff, 0xff, 0xf0, 0x0, 0x0, 0x0, 0x6,
    0xff, 0x50, 0x0, 0x0, 0x0, 0x5f, 0xf7, 0x0,
    0x0, 0x0, 0x4, 0xff, 0x80, 0x0, 0x0, 0x0,
    0x3f, 0xf9, 0x0, 0x0, 0x0, 0x2, 0xef, 0xa0,
    0x0, 0x0, 0x0, 0xe, 0xff, 0x74, 0x0, 0x0,
    0x0, 0x1f, 0xff, 0xff, 0xe5, 0x0, 0x0, 0x7,
    0x78, 0xbf, 0xff, 0x60, 0x0, 0x0, 0x0, 0x2,
    0xdf, 0xf1, 0x0, 0x0, 0x0, 0x0, 0x3f, 0xf7,
    0x0, 0x0, 0x0, 0x0, 0xe, 0xfa, 0x0, 0x0,
    0x0, 0x0, 0xe, 0xfa, 0x0, 0x0, 0x0, 0x0,
    0x1f, 0xf8, 0x0, 0x0, 0x0, 0x0, 0x9f, 0xf2,
    0x8b, 0x63, 0x11, 0x4b, 0xff, 0x90, 0x9f, 0xff,
    0xff, 0xff, 0xfa, 0x0, 0x28, 0xcd, 0xff, 0xda,
    0x40, 0x0,

    /* U+04E2 "Ӣ" */
    0x0, 0x8, 0xff, 0xff, 0xff, 0xd0, 0x0, 0x0,
    0x0, 0x7e, 0xee, 0xee, 0xec, 0x0, 0x0, 0x0,
    0x0, 0x0, 0x0, 0x0, 0x0, 0x0, 0xb, 0xfe,
    0x0, 0x0, 0x0, 0x3, 0xff, 0xf1, 0xbf, 0xe0,
    0x0, 0x0, 0x0, 0xcf, 0xff, 0x1b, 0xfe, 0x0,
    0x0, 0x0, 0x6f, 0xff, 0xf1, 0xbf, 0xe0, 0x0,
    0x0, 0x1f, 0xfd, 0xff, 0x1b, 0xfe, 0x0, 0x0,
    0xa, 0xfd, 0x6f, 0xf1, 0xbf, 0xe0, 0x0, 0x4,
    0xff, 0x47, 0xff, 0x1b, 0xfe, 0x0, 0x0, 0xdf,
    0xa0, 0x7f, 0xf1, 0xbf, 0xe0, 0x0, 0x7f, 0xf1,
    0x8, 0xff, 0x1b, 0xfd, 0x0, 0x2f, 0xf6, 0x0,
    0x8f, 0xf1, 0xbf, 0xd0, 0xb, 0xfc, 0x0, 0x8,
    0xff, 0x1b, 0xfd, 0x5, 0xff, 0x30, 0x0, 0x8f,
    0xf1, 0xbf, 0xd0, 0xef, 0x90, 0x0, 0x8, 0xff,
    0x1b, 0xfc, 0x8f, 0xe1, 0x0, 0x0, 0x8f, 0xf1,
    0xbf, 0xdf, 0xf5, 0x0, 0x0, 0x8, 0xff, 0x1b,
    0xff, 0xfc, 0x0, 0x0, 0x0, 0x8f, 0xf1, 0xbf,
    0xff, 0x20, 0x0, 0x0, 0x8, 0xff, 0x1b, 0xff,
    0x80, 0x0, 0x0, 0x0, 0x8f, 0xf1,

    /* U+04E3 "ӣ" */
    0x0, 0xff, 0xff, 0xff, 0xf5, 0x0, 0x0, 0xdd,
    0xdd, 0xdd, 0xd4, 0x0, 0x0, 0x0, 0x0, 0x0,
    0x0, 0x0, 0xff, 0x80, 0x0, 0x1, 0xff, 0xf4,
    0xff, 0x80, 0x0, 0xa, 0xff, 0xf4, 0xff, 0x80,
    0x0, 0x3f, 0xff, 0xf4, 0xff, 0x80, 0x0, 0xcf,
    0xaf, 0xf4, 0xff, 0x80, 0x5, 0xfe, 0x3f, 0xf4,
    0xff, 0x80, 0xe, 0xf6, 0x3f, 0xf4, 0xff, 0x80,
    0x7f, 0xc0, 0x3f, 0xf4, 0xff, 0x71, 0xff, 0x30,
    0x3f, 0xf4, 0xff, 0x7a, 0xfa, 0x0, 0x3f, 0xf4,
    0xff, 0x9f, 0xf1, 0x0, 0x3f, 0xf4, 0xff, 0xff,
    0x80, 0x0, 0x3f, 0xf4, 0xff, 0xfe, 0x0, 0x0,
    0x3f, 0xf4, 0xff, 0xf5, 0x0, 0x0, 0x3f, 0xf4,

    /* U+04E4 "Ӥ" */
    0x0, 0x0, 0x85, 0x0, 0x28, 0x30, 0x0, 0x0,
    0x0, 0x6f, 0xf0, 0xb, 0xfc, 0x0, 0x0, 0x0,
    0x3, 0xec, 0x0, 0x7f, 0x70, 0x0, 0x0, 0x0,
    0x0, 0x0, 0x0, 0x0, 0x0, 0x0, 0x0, 0x0,
    0x0, 0x0, 0x0, 0x0, 0x0, 0xb, 0xfe, 0x0,
    0x0, 0x0, 0x3, 0xff, 0xf1, 0xbf, 0xe0, 0x0,
    0x0, 0x0, 0xcf, 0xff, 0x1b, 0xfe, 0x0, 0x0,
    0x0, 0x6f, 0xff, 0xf1, 0xbf, 0xe0, 0x0, 0x0,
    0x1f, 0xfd, 0xff, 0x1b, 0xfe, 0x0, 0x0, 0xa,
    0xfd, 0x6f, 0xf1, 0xbf, 0xe0, 0x0, 0x4, 0xff,
    0x47, 0xff, 0x1b, 0xfe, 0x0, 0x0, 0xdf, 0xa0,
    0x7f, 0xf1, 0xbf, 0xe0, 0x0, 0x7f, 0xf1, 0x8,
    0xff, 0x1b, 0xfd, 0x0, 0x2f, 0xf6, 0x0, 0x8f,
    0xf1, 0xbf, 0xd0, 0xb, 0xfc, 0x0, 0x8, 0xff,
    0x1b, 0xfd, 0x5, 0xff, 0x30, 0x0, 0x8f, 0xf1,
    0xbf, 0xd0, 0xef, 0x90, 0x0, 0x8, 0xff, 0x1b,
    0xfc, 0x8f, 0xe1, 0x0, 0x0, 0x8f, 0xf1, 0xbf,
    0xdf, 0xf5, 0x0, 0x0, 0x8, 0xff, 0x1b, 0xff,
    0xfc, 0x0, 0x0, 0x0, 0x8f, 0xf1, 0xbf, 0xff,
    0x20, 0x0, 0x0, 0x8, 0xff, 0x1b, 0xff, 0x80,
    0x0, 0x0, 0x0, 0x8f, 0xf1,

    /* U+04E5 "ӥ" */
    0x0, 0xaf, 0x40, 0x1d, 0xd1, 0x0, 0x0, 0xef,
    0x80, 0x3f, 0xf3, 0x0, 0x0, 0x48, 0x10, 0x7,
    0x60, 0x0, 0x0, 0x0, 0x0, 0x0, 0x0, 0x0,
    0xff, 0x80, 0x0, 0x1, 0xff, 0xf4, 0xff, 0x80,
    0x0, 0xa, 0xff, 0xf4, 0xff, 0x80, 0x0, 0x3f,
    0xff, 0xf4, 0xff, 0x80, 0x0, 0xcf, 0xaf, 0xf4,
    0xff, 0x80, 0x5, 0xfe, 0x3f, 0xf4, 0xff, 0x80,
    0xe, 0xf6, 0x3f, 0xf4, 0xff, 0x80, 0x7f, 0xc0,
    0x3f, 0xf4, 0xff, 0x71, 0xff, 0x30, 0x3f, 0xf4,
    0xff, 0x7a, 0xfa, 0x0, 0x3f, 0xf4, 0xff, 0x9f,
    0xf1, 0x0, 0x3f, 0xf4, 0xff, 0xff, 0x80, 0x0,
    0x3f, 0xf4, 0xff, 0xfe, 0x0, 0x0, 0x3f, 0xf4,
    0xff, 0xf5, 0x0, 0x0, 0x3f, 0xf4,

    /* U+04E6 "Ӧ" */
    0x0, 0x0, 0xd, 0xe2, 0x3, 0xeb, 0x0, 0x0,
    0x0, 0x0, 0x2, 0xff, 0x40, 0x7f, 0xf0, 0x0,
    0x0, 0x0, 0x0, 0x6, 0x70, 0x1, 0x85, 0x0,
    0x0, 0x0, 0x0, 0x0, 0x0, 0x0, 0x0, 0x0,
    0x0, 0x0, 0x0, 0x0, 0x0, 0x0, 0x0, 0x0,
    0x0, 0x0, 0x0, 0x0, 0x3, 0x9d, 0xff, 0xfc,
    0x81, 0x0, 0x0, 0x0, 0x9, 0xff, 0xff, 0xff,
    0xff, 0xf6, 0x0, 0x0, 0xa, 0xff, 0xe7, 0x43,
    0x48, 0xff, 0xf7, 0x0, 0x5, 0xff, 0xc0, 0x0,
    0x0, 0x1, 0xdf, 0xf2, 0x0, 0xdf, 0xf1, 0x0,
    0x0, 0x0, 0x3, 0xff, 0xa0, 0x2f, 0xf9, 0x0,
    0x0, 0x0, 0x0, 0xc, 0xff, 0x6, 0xff, 0x50,
    0x0, 0x0, 0x0, 0x0, 0x8f, 0xf3, 0x7f, 0xf3,
    0x0, 0x0, 0x0, 0x0, 0x6, 0xff, 0x58, 0xff,
    0x20, 0x0, 0x0, 0x0, 0x0, 0x5f, 0xf6, 0x7f,
    0xf3, 0x0, 0x0, 0x0, 0x0, 0x6, 0xff, 0x46,
    0xff, 0x50, 0x0, 0x0, 0x0, 0x0, 0x8f, 0xf3,
    0x2f, 0xfa, 0x0, 0x0, 0x0, 0x0, 0xd, 0xff,
    0x0, 0xdf, 0xf1, 0x0, 0x0, 0x0, 0x4, 0xff,
    0xa0, 0x5, 0xff, 0xc0, 0x0, 0x0, 0x2, 0xef,
    0xf2, 0x0, 0xa, 0xff, 0xe7, 0x43, 0x48, 0xff,
    0xf7, 0x0, 0x0, 0x9, 0xff, 0xff, 0xff, 0xff,
    0xf6, 0x0, 0x0, 0x0, 0x3, 0x9d, 0xff, 0xfc,
    0x81, 0x0, 0x0,

    /* U+04E7 "ӧ" */
    0x0, 0x1e, 0xd1, 0x5, 0xfa, 0x0, 0x0, 0x3,
    0xff, 0x30, 0x8f, 0xe0, 0x0, 0x0, 0x7, 0x60,
    0x1, 0x84, 0x0, 0x0, 0x0, 0x0, 0x0, 0x0,
    0x0, 0x0, 0x0, 0x6, 0xce, 0xfd, 0xa3, 0x0,
    0x0, 0x1c, 0xff, 0xff, 0xff, 0xf7, 0x0, 0xb,
    0xff, 0x82, 0x3, 0xbf, 0xf5, 0x3, 0xff, 0x90,
    0x0, 0x0, 0xef, 0xd0, 0x8f, 0xf2, 0x0, 0x0,
    0x8, 0xff, 0x2a, 0xff, 0x0, 0x0, 0x0, 0x5f,
    0xf5, 0xbf, 0xe0, 0x0, 0x0, 0x3, 0xff, 0x6a,
    0xff, 0x0, 0x0, 0x0, 0x5f, 0xf5, 0x7f, 0xf2,
    0x0, 0x0, 0x8, 0xff, 0x22, 0xff, 0x90, 0x0,
    0x0, 0xef, 0xe0, 0x9, 0xff, 0x81, 0x3, 0xbf,
    0xf5, 0x0, 0xb, 0xff, 0xff, 0xff, 0xf8, 0x0,
    0x0, 0x5, 0xbe, 0xfe, 0xa3, 0x0, 0x0,

    /* U+04E8 "Ө" */
    0x0, 0x0, 0x39, 0xdf, 0xff, 0xc8, 0x10, 0x0,
    0x0, 0x0, 0x9f, 0xff, 0xff, 0xff, 0xff, 0x60,
    0x0, 0x0, 0xaf, 0xfd, 0x63, 0x23, 0x7e, 0xff,
    0x70, 0x0, 0x5f, 0xf9, 0x0, 0x0, 0x0, 0xc,
    0xff, 0x20, 0xd, 0xfd, 0x0, 0x0, 0x0, 0x0,
    0x1f, 0xfa, 0x2, 0xff, 0x70, 0x0, 0x0, 0x0,
    0x0, 0xaf, 0xf0, 0x6f, 0xf3, 0x0, 0x0, 0x0,
    0x0, 0x6, 0xff, 0x37, 0xff, 0xff, 0xff, 0xff,
    0xff, 0xff, 0xff, 0xf5, 0x8f, 0xff, 0xff, 0xff,
    0xff, 0xff, 0xff, 0xff, 0x67, 0xff, 0x41, 0x11,
    0x11, 0x11, 0x11, 0x6f, 0xf4, 0x6f, 0xf4, 0x0,
    0x0, 0x0, 0x0, 0x7, 0xff, 0x32, 0xff, 0x90,
    0x0, 0x0, 0x0, 0x0, 0xcf, 0xf0, 0xd, 0xfe,
    0x10, 0x0, 0x0, 0x0, 0x3f, 0xfa, 0x0, 0x5f,
    0xfb, 0x0, 0x0, 0x0, 0x1d, 0xff, 0x20, 0x0,
    0xaf, 0xfd, 0x73, 0x24, 0x8e, 0xff, 0x70, 0x0,
    0x0, 0x9f, 0xff, 0xff, 0xff, 0xff, 0x60, 0x0,
    0x0, 0x0, 0x39, 0xdf, 0xff, 0xc8, 0x10, 0x0,
    0x0,

    /* U+04E9 "ө" */
    0x0, 0x6, 0xce, 0xfd, 0x93, 0x0, 0x0, 0x1c,
    0xff, 0xff, 0xff, 0xf6, 0x0, 0xb, 0xff, 0x73,
    0x14, 0xbf, 0xf4, 0x3, 0xff, 0x60, 0x0, 0x0,
    0xcf, 0xc0, 0x8f, 0xf0, 0x0, 0x0, 0x6, 0xff,
    0x2a, 0xff, 0xff, 0xff, 0xff, 0xff, 0xf4, 0xbf,
    0xff, 0xff, 0xff, 0xff, 0xff, 0x5a, 0xff, 0x0,
    0x0, 0x0, 0x5f, 0xf5, 0x8f, 0xf2, 0x0, 0x0,
    0x8, 0xff, 0x22, 0xff, 0x90, 0x0, 0x0, 0xef,
    0xd0, 0x9, 0xff, 0x93, 0x14, 0xdf, 0xf5, 0x0,
    0xb, 0xff, 0xff, 0xff, 0xf7, 0x0, 0x0, 0x5,
    0xbe, 0xfe, 0xa3, 0x0, 0x0,

    /* U+04EA "Ӫ" */
    0x0, 0x0, 0x6, 0x70, 0x1, 0x84, 0x0, 0x0,
    0x0, 0x0, 0x2, 0xff, 0x40, 0x7f, 0xf0, 0x0,
    0x0, 0x0, 0x0, 0xd, 0xe2, 0x3, 0xeb, 0x0,
    0x0, 0x0, 0x0, 0x0, 0x0, 0x0, 0x0, 0x0,
    0x0, 0x0, 0x0, 0x0, 0x0, 0x0, 0x0, 0x0,
    0x0, 0x0, 0x0, 0x0, 0x3, 0x9d, 0xff, 0xfc,
    0x81, 0x0, 0x0, 0x0, 0x9, 0xff, 0xff, 0xff,
    0xff, 0xf6, 0x0, 0x0, 0xa, 0xff, 0xd6, 0x32,
    0x37, 0xef, 0xf7, 0x0, 0x5, 0xff, 0x90, 0x0,
    0x0, 0x0, 0xcf, 0xf2, 0x0, 0xdf, 0xd0, 0x0,
    0x0, 0x0, 0x1, 0xff, 0xa0, 0x2f, 0xf7, 0x0,
    0x0, 0x0, 0x0, 0xa, 0xff, 0x6, 0xff, 0x30,
    0x0, 0x0, 0x0, 0x0, 0x6f, 0xf3, 0x7f, 0xff,
    0xff, 0xff, 0xff, 0xff, 0xff, 0xff, 0x58, 0xff,
    0xff, 0xff, 0xff, 0xff, 0xff, 0xff, 0xf6, 0x7f,
    0xf4, 0x11, 0x11, 0x11, 0x11, 0x16, 0xff, 0x46,
    0xff, 0x40, 0x0, 0x0, 0x0, 0x0, 0x7f, 0xf3,
    0x2f, 0xf9, 0x0, 0x0, 0x0, 0x0, 0xc, 0xff,
    0x0, 0xdf, 0xe1, 0x0, 0x0, 0x0, 0x3, 0xff,
    0xa0, 0x5, 0xff, 0xb0, 0x0, 0x0, 0x1, 0xdf,
    0xf2, 0x0, 0xa, 0xff, 0xd7, 0x32, 0x48, 0xef,
    0xf7, 0x0, 0x0, 0x9, 0xff, 0xff, 0xff, 0xff,
    0xf6, 0x0, 0x0, 0x0, 0x3, 0x9d, 0xff, 0xfc,
    0x81, 0x0, 0x0,

    /* U+04EB "ӫ" */
    0x0, 0x1e, 0xd0, 0x5, 0xf9, 0x0, 0x0, 0x4,
    0xff, 0x20, 0x9f, 0xe0, 0x0, 0x0, 0x7, 0x60,
    0x1, 0x84, 0x0, 0x0, 0x0, 0x0, 0x0, 0x0,
    0x0, 0x0, 0x0, 0x6, 0xce, 0xfd, 0x93, 0x0,
    0x0, 0x1c, 0xff, 0xff, 0xff, 0xf6, 0x0, 0xb,
    0xff, 0x73, 0x14, 0xbf, 0xf4, 0x3, 0xff, 0x60,
    0x0, 0x0, 0xcf, 0xc0, 0x8f, 0xf0, 0x0, 0x0,
    0x6, 0xff, 0x2a, 0xff, 0xff, 0xff, 0xff, 0xff,
    0xf4, 0xbf, 0xff, 0xff, 0xff, 0xff, 0xff, 0x5a,
    0xff, 0x0, 0x0, 0x0, 0x5f, 0xf5, 0x8f, 0xf2,
    0x0, 0x0, 0x8, 0xff, 0x22, 0xff, 0x90, 0x0,
    0x0, 0xef, 0xd0, 0x9, 0xff, 0x93, 0x14, 0xdf,
    0xf5, 0x0, 0xb, 0xff, 0xff, 0xff, 0xf7, 0x0,
    0x0, 0x5, 0xbe, 0xfe, 0xa3, 0x0, 0x0,

    /* U+04EC "Ӭ" */
    0x2, 0xed, 0x0, 0x5f, 0x90, 0x0, 0x0, 0x4,
    0xff, 0x20, 0x9f, 0xd0, 0x0, 0x0, 0x0, 0x76,
    0x0, 0x28, 0x30, 0x0, 0x0, 0x0, 0x0, 0x0,
    0x0, 0x0, 0x0, 0x0, 0x0, 0x0, 0x0, 0x0,
    0x0, 0x0, 0x0, 0x16, 0xbe, 0xff, 0xeb, 0x60,
    0x0, 0x0, 0xcf, 0xff, 0xff, 0xff, 0xfe, 0x30,
    0x0, 0x5e, 0x96, 0x43, 0x5a, 0xff, 0xf4, 0x0,
    0x0, 0x0, 0x0, 0x0, 0x4f, 0xfe, 0x0, 0x0,
    0x0, 0x0, 0x0, 0x5, 0xff, 0x70, 0x0, 0x0,
    0x0, 0x0, 0x0, 0xef, 0xc0, 0x0, 0x0, 0x0,
    0x0, 0x0, 0xaf, 0xf0, 0x0, 0xaf, 0xff, 0xff,
    0xff, 0xff, 0xf1, 0x0, 0xaf, 0xff, 0xff, 0xff,
    0xff, 0xf2, 0x0, 0x13, 0x33, 0x33, 0x33, 0xaf,
    0xf1, 0x0, 0x0, 0x0, 0x0, 0x0, 0xbf, 0xf0,
    0x0, 0x0, 0x0, 0x0, 0x0, 0xff, 0xb0, 0x0,
    0x0, 0x0, 0x0, 0x7, 0xff, 0x60, 0x0, 0x0,
    0x0, 0x0, 0x5f, 0xfd, 0x0, 0xbb, 0x64, 0x34,
    0x6c, 0xff, 0xf3, 0x0, 0xcf, 0xff, 0xff, 0xff,
    0xfd, 0x30, 0x0, 0x38, 0xce, 0xff, 0xeb, 0x60,
    0x0, 0x0,

    /* U+04ED "ӭ" */
    0x1, 0xed, 0x0, 0x5f, 0x90, 0x0, 0x4f, 0xf2,
    0x9, 0xfd, 0x0, 0x0, 0x76, 0x0, 0x18, 0x30,
    0x0, 0x0, 0x0, 0x0, 0x0, 0x0, 0x6, 0xbd,
    0xff, 0xc7, 0x10, 0x0, 0xcf, 0xff, 0xff, 0xfe,
    0x20, 0x4, 0x62, 0x12, 0x7f, 0xfe, 0x0, 0x0,
    0x0, 0x0, 0x5f, 0xf7, 0x0, 0x0, 0x0, 0x0,
    0xdf, 0xb0, 0x8, 0xee, 0xee, 0xef, 0xfe, 0x0,
    0x9f, 0xff, 0xff, 0xff, 0xf0, 0x0, 0x0, 0x0,
    0xb, 0xfe, 0x0, 0x0, 0x0, 0x0, 0xff, 0xb0,
    0x0, 0x0, 0x0, 0x7f, 0xf6, 0x9, 0x42, 0x13,
    0x9f, 0xfd, 0x0, 0xff, 0xff, 0xff, 0xfd, 0x20,
    0x7, 0xce, 0xff, 0xc7, 0x0, 0x0,

    /* U+04EE "Ӯ" */
    0x0, 0x1, 0xee, 0xee, 0xee, 0xe3, 0x0, 0x0,
    0x0, 0x1f, 0xff, 0xff, 0xff, 0x40, 0x0, 0x0,
    0x0, 0x0, 0x0, 0x0, 0x0, 0x0, 0x0, 0x0,
    0x0, 0x0, 0x0, 0x0, 0x0, 0x0, 0x9f, 0xf3,
    0x0, 0x0, 0x0, 0x0, 0xef, 0xc1, 0xff, 0xb0,
    0x0, 0x0, 0x0, 0x5f, 0xf5, 0x9, 0xff, 0x30,
    0x0, 0x0, 0xc, 0xfd, 0x0, 0x1f, 0xfb, 0x0,
    0x0, 0x3, 0xff, 0x60, 0x0, 0x9f, 0xf3, 0x0,
    0x0, 0xaf, 0xe0, 0x0, 0x1, 0xff, 0xa0, 0x0,
    0x1f, 0xf8, 0x0, 0x0, 0x8, 0xff, 0x20, 0x8,
    0xff, 0x10, 0x0, 0x0, 0x1f, 0xfa, 0x0, 0xef,
    0x90, 0x0, 0x0, 0x0, 0x8f, 0xf2, 0x6f, 0xf2,
    0x0, 0x0, 0x0, 0x1, 0xff, 0x9c, 0xfb, 0x0,
    0x0, 0x0, 0x0, 0x8, 0xff, 0xff, 0x40, 0x0,
    0x0, 0x0, 0x0, 0x1f, 0xff, 0xc0, 0x0, 0x0,
    0x0, 0x0, 0x0, 0xaf, 0xf5, 0x0, 0x0, 0x0,
    0x0, 0x0, 0x3f, 0xfc, 0x0, 0x0, 0x0, 0x1,
    0x65, 0x8f, 0xff, 0x30, 0x0, 0x0, 0x0, 0x2f,
    0xff, 0xff, 0x60, 0x0, 0x0, 0x0, 0x2, 0xdf,
    0xeb, 0x30, 0x0, 0x0, 0x0, 0x0,

    /* U+04EF "ӯ" */
    0x0, 0x4d, 0xdd, 0xdd, 0xdd, 0x0, 0x0, 0x5,
    0xff, 0xff, 0xff, 0xf0, 0x0, 0x0, 0x0, 0x0,
    0x0, 0x0, 0x0, 0xc, 0xfe, 0x0, 0x0, 0x0,
    0x3f, 0xf7, 0x6f, 0xf4, 0x0, 0x0, 0x9, 0xff,
    0x10, 0xff, 0xa0, 0x0, 0x0, 0xef, 0xb0, 0xa,
    0xff, 0x0, 0x0, 0x4f, 0xf5, 0x0, 0x3f, 0xf5,
    0x0, 0x9, 0xff, 0x0, 0x0, 0xdf, 0xb0, 0x0,
    0xef, 0x90, 0x0, 0x7, 0xff, 0x10, 0x4f, 0xf3,
    0x0, 0x0, 0x1f, 0xf6, 0x9, 0xfd, 0x0, 0x0,
    0x0, 0xaf, 0xb0, 0xef, 0x70, 0x0, 0x0, 0x4,
    0xff, 0x4f, 0xf1, 0x0, 0x0, 0x0, 0xd, 0xfc,
    0xfb, 0x0, 0x0, 0x0, 0x0, 0x7f, 0xff, 0x50,
    0x0, 0x0, 0x0, 0x1, 0xff, 0xf0, 0x0, 0x0,
    0x0, 0x0, 0xe, 0xfa, 0x0, 0x0, 0x0, 0x0,
    0x4, 0xff, 0x40, 0x0, 0x0, 0x0, 0x0, 0xcf,
    0xd0, 0x0, 0x0, 0x2, 0x34, 0xbf, 0xf5, 0x0,
    0x0, 0x0, 0x8f, 0xff, 0xf9, 0x0, 0x0, 0x0,
    0x7, 0xff, 0xd7, 0x0, 0x0, 0x0, 0x0,

    /* U+04F0 "Ӱ" */
    0x0, 0x0, 0xbe, 0x30, 0x2e, 0xd0, 0x0, 0x0,
    0x0, 0xf, 0xf7, 0x4, 0xff, 0x20, 0x0, 0x0,
    0x0, 0x58, 0x0, 0x7, 0x60, 0x0, 0x0, 0x0,
    0x0, 0x0, 0x0, 0x0, 0x0, 0x0, 0x0, 0x0,
    0x0, 0x0, 0x0, 0x0, 0x0, 0x9, 0xff, 0x30,
    0x0, 0x0, 0x0, 0xe, 0xfc, 0x1f, 0xfb, 0x0,
    0x0, 0x0, 0x5, 0xff, 0x50, 0x9f, 0xf3, 0x0,
    0x0, 0x0, 0xcf, 0xd0, 0x1, 0xff, 0xb0, 0x0,
    0x0, 0x3f, 0xf6, 0x0, 0x9, 0xff, 0x30, 0x0,
    0xa, 0xfe, 0x0, 0x0, 0x1f, 0xfa, 0x0, 0x1,
    0xff, 0x80, 0x0, 0x0, 0x8f, 0xf2, 0x0, 0x8f,
    0xf1, 0x0, 0x0, 0x1, 0xff, 0xa0, 0xe, 0xf9,
    0x0, 0x0, 0x0, 0x8, 0xff, 0x26, 0xff, 0x20,
    0x0, 0x0, 0x0, 0x1f, 0xf9, 0xcf, 0xb0, 0x0,
    0x0, 0x0, 0x0, 0x8f, 0xff, 0xf4, 0x0, 0x0,
    0x0, 0x0, 0x1, 0xff, 0xfc, 0x0, 0x0, 0x0,
    0x0, 0x0, 0xa, 0xff, 0x50, 0x0, 0x0, 0x0,
    0x0, 0x3, 0xff, 0xc0, 0x0, 0x0, 0x0, 0x16,
    0x58, 0xff, 0xf3, 0x0, 0x0, 0x0, 0x2, 0xff,
    0xff, 0xf6, 0x0, 0x0, 0x0, 0x0, 0x2d, 0xfe,
    0xb3, 0x0, 0x0, 0x0, 0x0,

    /* U+04F1 "ӱ" */
    0x0, 0x1e, 0xd1, 0x5, 0xf9, 0x0, 0x0, 0x4,
    0xff, 0x30, 0x8f, 0xe0, 0x0, 0x0, 0x7, 0x60,
    0x1, 0x84, 0x0, 0x0, 0x0, 0x0, 0x0, 0x0,
    0x0, 0x0, 0xcf, 0xe0, 0x0, 0x0, 0x3, 0xff,
    0x76, 0xff, 0x40, 0x0, 0x0, 0x9f, 0xf1, 0xf,
    0xfa, 0x0, 0x0, 0xe, 0xfb, 0x0, 0xaf, 0xf0,
    0x0, 0x4, 0xff, 0x50, 0x3, 0xff, 0x50, 0x0,
    0x9f, 0xf0, 0x0, 0xd, 0xfb, 0x0, 0xe, 0xf9,
    0x0, 0x0, 0x7f, 0xf1, 0x4, 0xff, 0x30, 0x0,
    0x1, 0xff, 0x60, 0x9f, 0xd0, 0x0, 0x0, 0xa,
    0xfb, 0xe, 0xf7, 0x0, 0x0, 0x0, 0x4f, 0xf4,
    0xff, 0x10, 0x0, 0x0, 0x0, 0xdf, 0xcf, 0xb0,
    0x0, 0x0, 0x0, 0x7, 0xff, 0xf5, 0x0, 0x0,
    0x0, 0x0, 0x1f, 0xff, 0x0, 0x0, 0x0, 0x0,
    0x0, 0xef, 0xa0, 0x0, 0x0, 0x0, 0x0, 0x4f,
    0xf4, 0x0, 0x0, 0x0, 0x0, 0xc, 0xfd, 0x0,
    0x0, 0x0, 0x23, 0x4b, 0xff, 0x50, 0x0, 0x0,
    0x8, 0xff, 0xff, 0x90, 0x0, 0x0, 0x0, 0x7f,
    0xfd, 0x70, 0x0, 0x0, 0x0, 0x0,

    /* U+04F2 "Ӳ" */
    0x0, 0x0, 0x0, 0x3c, 0xc5, 0xb, 0xca, 0x0,
    0x0, 0x0, 0xc, 0xfb, 0x6, 0xfe, 0x20, 0x0,
    0x0, 0x6, 0xfc, 0x1, 0xef, 0x30, 0x0, 0x0,
    0x1, 0xfb, 0x0, 0xae, 0x30, 0x0, 0x0, 0x0,
    0x0, 0x0, 0x0, 0x0, 0x0, 0x0, 0x0, 0x0,
    0x0, 0x0, 0x0, 0x0, 0x0, 0x9f, 0xf3, 0x0,
    0x0, 0x0, 0x0, 0xef, 0xc1, 0xff, 0xb0, 0x0,
    0x0, 0x0, 0x5f, 0xf5, 0x9, 0xff, 0x30, 0x0,
    0x0, 0xc, 0xfd, 0x0, 0x1f, 0xfb, 0x0, 0x0,
    0x3, 0xff, 0x60, 0x0, 0x9f, 0xf3, 0x0, 0x0,
    0xaf, 0xe0, 0x0, 0x1, 0xff, 0xa0, 0x0, 0x1f,
    0xf8, 0x0, 0x0, 0x8, 0xff, 0x20, 0x8, 0xff,
    0x10, 0x0, 0x0, 0x1f, 0xfa, 0x0, 0xef, 0x90,
    0x0, 0x0, 0x0, 0x8f, 0xf2, 0x6f, 0xf2, 0x0,
    0x0, 0x0, 0x1, 0xff, 0x9c, 0xfb, 0x0, 0x0,
    0x0, 0x0, 0x8, 0xff, 0xff, 0x40, 0x0, 0x0,
    0x0, 0x0, 0x1f, 0xff, 0xc0, 0x0, 0x0, 0x0,
    0x0, 0x0, 0xaf, 0xf5, 0x0, 0x0, 0x0, 0x0,
    0x0, 0x3f, 0xfc, 0x0, 0x0, 0x0, 0x1, 0x65,
    0x8f, 0xff, 0x30, 0x0, 0x0, 0x0, 0x2f, 0xff,
    0xff, 0x60, 0x0, 0x0, 0x0, 0x2, 0xdf, 0xeb,
    0x30, 0x0, 0x0, 0x0, 0x0,

    /* U+04F3 "ӳ" */
    0x0, 0x0, 0xc, 0xc8, 0x8, 0xcc, 0x10, 0x0,
    0x8, 0xfe, 0x12, 0xff, 0x60, 0x0, 0x2, 0xfe,
    0x20, 0xcf, 0x60, 0x0, 0x0, 0xce, 0x20, 0x6f,
    0x60, 0x0, 0x0, 0x0, 0x0, 0x0, 0x0, 0x0,
    0xc, 0xfe, 0x0, 0x0, 0x0, 0x3f, 0xf7, 0x6f,
    0xf4, 0x0, 0x0, 0x9, 0xff, 0x10, 0xff, 0xa0,
    0x0, 0x0, 0xef, 0xb0, 0x9, 0xff, 0x0, 0x0,
    0x3f, 0xf5, 0x0, 0x3f, 0xf5, 0x0, 0x9, 0xff,
    0x0, 0x0, 0xdf, 0xb0, 0x0, 0xef, 0x90, 0x0,
    0x6, 0xff, 0x10, 0x4f, 0xf4, 0x0, 0x0, 0x1f,
    0xf6, 0x9, 0xfd, 0x0, 0x0, 0x0, 0xaf, 0xb0,
    0xef, 0x80, 0x0, 0x0, 0x3, 0xff, 0x4f, 0xf2,
    0x0, 0x0, 0x0, 0xd, 0xfc, 0xfc, 0x0, 0x0,
    0x0, 0x0, 0x7f, 0xff, 0x60, 0x0, 0x0, 0x0,
    0x1, 0xff, 0xf0, 0x0, 0x0, 0x0, 0x0, 0xe,
    0xfa, 0x0, 0x0, 0x0, 0x0, 0x4, 0xff, 0x40,
    0x0, 0x0, 0x0, 0x0, 0xcf, 0xd0, 0x0, 0x0,
    0x1, 0x12, 0xaf, 0xf5, 0x0, 0x0, 0x0, 0x9f,
    0xff, 0xf9, 0x0, 0x0, 0x0, 0x7, 0xff, 0xd7,
    0x0, 0x0, 0x0, 0x0,

    /* U+04F4 "Ӵ" */
    0x0, 0x1, 0x84, 0x0, 0x48, 0x10, 0x0, 0x0,
    0x9, 0xfe, 0x0, 0xdf, 0x90, 0x0, 0x0, 0x5,
    0xf9, 0x0, 0x9f, 0x50, 0x0, 0x0, 0x0, 0x0,
    0x0, 0x0, 0x0, 0x0, 0x0, 0x0, 0x0, 0x0,
    0x0, 0x0, 0x0, 0x3f, 0xf5, 0x0, 0x0, 0x0,
    0x6f, 0xf3, 0x3f, 0xf5, 0x0, 0x0, 0x0, 0x6f,
    0xf3, 0x3f, 0xf5, 0x0, 0x0, 0x0, 0x6f, 0xf3,
    0x3f, 0xf5, 0x0, 0x0, 0x0, 0x6f, 0xf3, 0x3f,
    0xf5, 0x0, 0x0, 0x0, 0x6f, 0xf3, 0x3f, 0xf5,
    0x0, 0x0, 0x0, 0x6f, 0xf3, 0x2f, 0xf7, 0x0,
    0x0, 0x0, 0x6f, 0xf3, 0xf, 0xfc, 0x0, 0x0,
    0x0, 0x6f, 0xf3, 0xa, 0xff, 0xb4, 0x23, 0x59,
    0xef, 0xf3, 0x1, 0xdf, 0xff, 0xff, 0xff, 0xff,
    0xf3, 0x0, 0x18, 0xcf, 0xfe, 0xc8, 0x9f, 0xf3,
    0x0, 0x0, 0x0, 0x0, 0x0, 0x6f, 0xf3, 0x0,
    0x0, 0x0, 0x0, 0x0, 0x6f, 0xf3, 0x0, 0x0,
    0x0, 0x0, 0x0, 0x6f, 0xf3, 0x0, 0x0, 0x0,
    0x0, 0x0, 0x6f, 0xf3, 0x0, 0x0, 0x0, 0x0,
    0x0, 0x6f, 0xf3, 0x0, 0x0, 0x0, 0x0, 0x0,
    0x6f, 0xf3,

    /* U+04F5 "ӵ" */
    0x0, 0x5f, 0x90, 0xa, 0xf4, 0x0, 0x0, 0x9f,
    0xd0, 0xe, 0xf8, 0x0, 0x0, 0x28, 0x30, 0x4,
    0x81, 0x0, 0x0, 0x0, 0x0, 0x0, 0x0, 0x0,
    0x9f, 0xf0, 0x0, 0x0, 0x1f, 0xf7, 0x9f, 0xf0,
    0x0, 0x0, 0x1f, 0xf7, 0x9f, 0xf0, 0x0, 0x0,
    0x1f, 0xf7, 0x9f, 0xf0, 0x0, 0x0, 0x1f, 0xf7,
    0x8f, 0xf0, 0x0, 0x0, 0x1f, 0xf7, 0x7f, 0xf3,
    0x0, 0x0, 0x1f, 0xf7, 0x3f, 0xfd, 0x41, 0x13,
    0x9f, 0xf7, 0x9, 0xff, 0xff, 0xff, 0xff, 0xf7,
    0x0, 0x6c, 0xff, 0xeb, 0x7f, 0xf7, 0x0, 0x0,
    0x0, 0x0, 0x1f, 0xf7, 0x0, 0x0, 0x0, 0x0,
    0x1f, 0xf7, 0x0, 0x0, 0x0, 0x0, 0x1f, 0xf7,
    0x0, 0x0, 0x0, 0x0, 0x1f, 0xf7,

    /* U+04F6 "Ӷ" */
    0xbf, 0xff, 0xff, 0xff, 0xff, 0x6b, 0xff, 0xff,
    0xff, 0xff, 0xf6, 0xbf, 0xe3, 0x33, 0x33, 0x33,
    0x1b, 0xfe, 0x0, 0x0, 0x0, 0x0, 0xbf, 0xe0,
    0x0, 0x0, 0x0, 0xb, 0xfe, 0x0, 0x0, 0x0,
    0x0, 0xbf, 0xe0, 0x0, 0x0, 0x0, 0xb, 0xfe,
    0x0, 0x0, 0x0, 0x0, 0xbf, 0xe0, 0x0, 0x0,
    0x0, 0xb, 0xfe, 0x0, 0x0, 0x0, 0x0, 0xbf,
    0xe0, 0x0, 0x0, 0x0, 0xb, 0xfe, 0x0, 0x0,
    0x0, 0x0, 0xbf, 0xe0, 0x0, 0x0, 0x0, 0xb,
    0xfe, 0x0, 0x0, 0x0, 0x0, 0xbf, 0xe0, 0x0,
    0x0, 0x0, 0xb, 0xff, 0xff, 0x50, 0x0, 0x0,
    0xbf, 0xff, 0xf5, 0x0, 0x0, 0x0, 0x2, 0xff,
    0x50, 0x0, 0x0, 0x0, 0x2f, 0xf5, 0x0, 0x0,
    0x0, 0x2, 0xff, 0x50, 0x0, 0x0, 0x0, 0x2f,
    0xf5, 0x0, 0x0, 0x0, 0x1, 0xdd, 0x40, 0x0,
    0x0,

    /* U+04F7 "ӷ" */
    0xf, 0xff, 0xff, 0xff, 0xf2, 0xf, 0xff, 0xff,
    0xff, 0xf2, 0xf, 0xf8, 0x0, 0x0, 0x0, 0xf,
    0xf8, 0x0, 0x0, 0x0, 0xf, 0xf8, 0x0, 0x0,
    0x0, 0xf, 0xf8, 0x0, 0x0, 0x0, 0xf, 0xf8,
    0x0, 0x0, 0x0, 0xf, 0xf8, 0x0, 0x0, 0x0,
    0xf, 0xf8, 0x0, 0x0, 0x0, 0xf, 0xf8, 0x0,
    0x0, 0x0, 0xf, 0xf8, 0x0, 0x0, 0x0, 0xf,
    0xff, 0xfd, 0x0, 0x0, 0xf, 0xff, 0xfd, 0x0,
    0x0, 0x0, 0x9, 0xfd, 0x0, 0x0, 0x0, 0x9,
    0xfd, 0x0, 0x0, 0x0, 0x9, 0xfd, 0x0, 0x0,
    0x0, 0x9, 0xfd, 0x0, 0x0, 0x0, 0x4, 0x75,
    0x0, 0x0,

    /* U+04F8 "Ӹ" */
    0x0, 0x0, 0x6, 0x70, 0x1, 0x85, 0x0, 0x0,
    0x0, 0x0, 0x2, 0xff, 0x40, 0x7f, 0xf0, 0x0,
    0x0, 0x0, 0x0, 0xd, 0xe2, 0x3, 0xeb, 0x0,
    0x0, 0x0, 0x0, 0x0, 0x0, 0x0, 0x0, 0x0,
    0x0, 0x0, 0x0, 0x0, 0x0, 0x0, 0x0, 0x0,
    0x0, 0x0, 0xb, 0xfd, 0x0, 0x0, 0x0, 0x0,
    0x0, 0xf, 0xf9, 0xbf, 0xd0, 0x0, 0x0, 0x0,
    0x0, 0x0, 0xff, 0x9b, 0xfd, 0x0, 0x0, 0x0,
    0x0, 0x0, 0xf, 0xf9, 0xbf, 0xd0, 0x0, 0x0,
    0x0, 0x0, 0x0, 0xff, 0x9b, 0xfd, 0x0, 0x0,
    0x0, 0x0, 0x0, 0xf, 0xf9, 0xbf, 0xd0, 0x0,
    0x0, 0x0, 0x0, 0x0, 0xff, 0x9b, 0xfd, 0x22,
    0x21, 0x0, 0x0, 0x0, 0xf, 0xf9, 0xbf, 0xff,
    0xff, 0xfe, 0xa3, 0x0, 0x0, 0xff, 0x9b, 0xff,
    0xff, 0xff, 0xff, 0xf5, 0x0, 0xf, 0xf9, 0xbf,
    0xe0, 0x0, 0x27, 0xff, 0xf1, 0x0, 0xff, 0x9b,
    0xfe, 0x0, 0x0, 0x6, 0xff, 0x60, 0xf, 0xf9,
    0xbf, 0xe0, 0x0, 0x0, 0x2f, 0xf9, 0x0, 0xff,
    0x9b, 0xfe, 0x0, 0x0, 0x2, 0xff, 0x80, 0xf,
    0xf9, 0xbf, 0xe0, 0x0, 0x0, 0x8f, 0xf5, 0x0,
    0xff, 0x9b, 0xfe, 0x22, 0x24, 0xaf, 0xfe, 0x0,
    0xf, 0xf9, 0xbf, 0xff, 0xff, 0xff, 0xfe, 0x30,
    0x0, 0xff, 0x9b, 0xff, 0xff, 0xfe, 0xc7, 0x10,
    0x0, 0xf, 0xf9,

    /* U+04F9 "ӹ" */
    0x0, 0x0, 0xde, 0x20, 0x3e, 0xb0, 0x0, 0x0,
    0x0, 0x2f, 0xf5, 0x6, 0xff, 0x0, 0x0, 0x0,
    0x0, 0x67, 0x0, 0x8, 0x50, 0x0, 0x0, 0x0,
    0x0, 0x0, 0x0, 0x0, 0x0, 0x0, 0xff, 0x90,
    0x0, 0x0, 0x0, 0x0, 0xaf, 0xef, 0xf9, 0x0,
    0x0, 0x0, 0x0, 0xa, 0xfe, 0xff, 0x90, 0x0,
    0x0, 0x0, 0x0, 0xaf, 0xef, 0xf9, 0x0, 0x0,
    0x0, 0x0, 0xa, 0xfe, 0xff, 0x90, 0x0, 0x0,
    0x0, 0x0, 0xaf, 0xef, 0xff, 0xff, 0xfe, 0xa3,
    0x0, 0xa, 0xfe, 0xff, 0xff, 0xff, 0xff, 0xf6,
    0x0, 0xaf, 0xef, 0xf9, 0x0, 0x14, 0xef, 0xf0,
    0xa, 0xfe, 0xff, 0x90, 0x0, 0x7, 0xff, 0x30,
    0xaf, 0xef, 0xf9, 0x0, 0x0, 0x7f, 0xf3, 0xa,
    0xfe, 0xff, 0x90, 0x0, 0x5e, 0xfe, 0x0, 0xaf,
    0xef, 0xff, 0xff, 0xff, 0xff, 0x50, 0xa, 0xfe,
    0xff, 0xff, 0xff, 0xd9, 0x20, 0x0, 0xaf, 0xe0,

    /* U+04FA "Ӻ" */
    0x0, 0xbf, 0xff, 0xff, 0xff, 0xff, 0x60, 0xb,
    0xff, 0xff, 0xff, 0xff, 0xf6, 0x0, 0xbf, 0xe3,
    0x33, 0x33, 0x33, 0x10, 0xb, 0xfe, 0x0, 0x0,
    0x0, 0x0, 0x0, 0xbf, 0xe0, 0x0, 0x0, 0x0,
    0x0, 0xb, 0xfe, 0x0, 0x0, 0x0, 0x0, 0x0,
    0xbf, 0xe0, 0x0, 0x0, 0x0, 0x1, 0x3c, 0xfe,
    0x33, 0x33, 0x20, 0x0, 0x7f, 0xff, 0xff, 0xff,
    0xfc, 0x0, 0x7, 0xff, 0xff, 0xff, 0xff, 0xc0,
    0x0, 0x0, 0xbf, 0xe0, 0x0, 0x0, 0x0, 0x0,
    0xb, 0xfe, 0x0, 0x0, 0x0, 0x0, 0x0, 0xbf,
    0xe0, 0x0, 0x0, 0x0, 0x0, 0xb, 0xfe, 0x0,
    0x0, 0x0, 0x0, 0x0, 0xbf, 0xe2, 0x20, 0x0,
    0x0, 0x0, 0xb, 0xff, 0xff, 0x40, 0x0, 0x0,
    0x0, 0xbf, 0xff, 0xf4, 0x0, 0x0, 0x0, 0x0,
    0x1, 0xff, 0x40, 0x0, 0x0, 0x0, 0x0, 0x2f,
    0xf4, 0x0, 0x0, 0x0, 0x2, 0x28, 0xff, 0x20,
    0x0, 0x0, 0x0, 0x9f, 0xff, 0xc0, 0x0, 0x0,
    0x0, 0x7, 0xfe, 0xb1, 0x0, 0x0, 0x0,

    /* U+04FB "ӻ" */
    0x1, 0xff, 0xff, 0xff, 0xff, 0x40, 0x1f, 0xff,
    0xff, 0xff, 0xf4, 0x1, 0xff, 0x81, 0x11, 0x11,
    0x0, 0x1f, 0xf7, 0x0, 0x0, 0x0, 0x1, 0xff,
    0x70, 0x0, 0x0, 0x0, 0x1f, 0xf7, 0x0, 0x0,
    0x0, 0xdf, 0xff, 0xff, 0xff, 0x70, 0xc, 0xff,
    0xff, 0xff, 0xf6, 0x0, 0x1, 0xff, 0x70, 0x0,
    0x0, 0x0, 0x1f, 0xf7, 0x0, 0x0, 0x0, 0x1,
    0xff, 0x70, 0x0, 0x0, 0x0, 0x1f, 0xfe, 0xc7,
    0x0, 0x0, 0x1, 0xff, 0xff, 0xa0, 0x0, 0x0,
    0x0, 0x9, 0xfa, 0x0, 0x0, 0x0, 0x0, 0x9f,
    0x90, 0x0, 0x0, 0x1, 0x1c, 0xf8, 0x0, 0x0,
    0x0, 0xff, 0xff, 0x30, 0x0, 0x0, 0xc, 0xfd,
    0x60, 0x0, 0x0,

    /* U+04FC "Ӽ" */
    0x3f, 0xfa, 0x0, 0x0, 0x0, 0x1e, 0xfc, 0x0,
    0x9, 0xff, 0x40, 0x0, 0x0, 0x9f, 0xf3, 0x0,
    0x0, 0xef, 0xd0, 0x0, 0x3, 0xff, 0x80, 0x0,
    0x0, 0x4f, 0xf8, 0x0, 0xd, 0xfd, 0x0, 0x0,
    0x0, 0x9, 0xff, 0x20, 0x7f, 0xf3, 0x0, 0x0,
    0x0, 0x1, 0xef, 0xc2, 0xff, 0x90, 0x0, 0x0,
    0x0, 0x0, 0x5f, 0xfe, 0xfe, 0x0, 0x0, 0x0,
    0x0, 0x0, 0xa, 0xff, 0xf4, 0x0, 0x0, 0x0,
    0x0, 0x0, 0x7, 0xff, 0xf1, 0x0, 0x0, 0x0,
    0x0, 0x0, 0x1f, 0xff, 0xfa, 0x0, 0x0, 0x0,
    0x0, 0x0, 0xbf, 0xe7, 0xff, 0x50, 0x0, 0x0,
    0x0, 0x5, 0xff, 0x50, 0xcf, 0xe1, 0x0, 0x0,
    0x0, 0x1e, 0xfb, 0x0, 0x3f, 0xfa, 0x0, 0x0,
    0x0, 0xaf, 0xf2, 0x0, 0x9, 0xff, 0x40, 0x0,
    0x4, 0xff, 0x70, 0x0, 0x0, 0xef, 0xe4, 0x41,
    0xe, 0xfd, 0x0, 0x0, 0x0, 0x5f, 0xff, 0xf5,
    0x9f, 0xf3, 0x0, 0x0, 0x0, 0xb, 0xff, 0xf5,
    0x0, 0x0, 0x0, 0x0, 0x0, 0x0, 0xf, 0xf5,
    0x0, 0x0, 0x0, 0x0, 0x0, 0x0, 0x1f, 0xf5,
    0x0, 0x0, 0x0, 0x0, 0x0, 0x22, 0x7f, 0xf3,
    0x0, 0x0, 0x0, 0x0, 0x0, 0x8f, 0xff, 0xd0,
    0x0, 0x0, 0x0, 0x0, 0x0, 0x6f, 0xfb, 0x20,

    /* U+04FD "ӽ" */
    0x2f, 0xfc, 0x0, 0x0, 0xb, 0xff, 0x20, 0x6,
    0xff, 0x70, 0x0, 0x6f, 0xf7, 0x0, 0x0, 0xbf,
    0xf2, 0x1, 0xef, 0xc0, 0x0, 0x0, 0x1e, 0xfb,
    0xb, 0xff, 0x20, 0x0, 0x0, 0x5, 0xff, 0xbf,
    0xf6, 0x0, 0x0, 0x0, 0x0, 0xaf, 0xff, 0xb0,
    0x0, 0x0, 0x0, 0x0, 0x3f, 0xff, 0x40, 0x0,
    0x0, 0x0, 0x0, 0xdf, 0xff, 0xd0, 0x0, 0x0,
    0x0, 0x8, 0xff, 0x6f, 0xf9, 0x0, 0x0, 0x0,
    0x3f, 0xf8, 0x8, 0xff, 0x40, 0x0, 0x0, 0xdf,
    0xd0, 0x0, 0xdf, 0xe1, 0x0, 0x9, 0xff, 0x30,
    0x0, 0x3f, 0xff, 0xe5, 0x4f, 0xf8, 0x0, 0x0,
    0x8, 0xff, 0xf6, 0x0, 0x0, 0x0, 0x0, 0x0,
    0xd, 0xf6, 0x0, 0x0, 0x0, 0x0, 0x0, 0xd,
    0xf5, 0x0, 0x0, 0x0, 0x0, 0x1, 0x2f, 0xf4,
    0x0, 0x0, 0x0, 0x0, 0x3f, 0xff, 0xe0, 0x0,
    0x0, 0x0, 0x0, 0x2e, 0xfc, 0x30,

    /* U+04FE "Ӿ" */
    0x3f, 0xfa, 0x0, 0x0, 0x0, 0x1e, 0xfc, 0x0,
    0x9f, 0xf4, 0x0, 0x0, 0x9, 0xff, 0x30, 0x0,
    0xef, 0xd0, 0x0, 0x3, 0xff, 0x80, 0x0, 0x4,
    0xff, 0x80, 0x0, 0xdf, 0xd0, 0x0, 0x0, 0xa,
    0xff, 0x20, 0x7f, 0xf3, 0x0, 0x0, 0x0, 0x1e,
    0xfc, 0x2f, 0xf9, 0x0, 0x0, 0x0, 0x0, 0x5f,
    0xfe, 0xfd, 0x0, 0x0, 0x0, 0x9f, 0xff, 0xff,
    0xff, 0xff, 0xff, 0x30, 0x9, 0xff, 0xff, 0xff,
    0xff, 0xff, 0xf3, 0x0, 0x13, 0x35, 0xff, 0xff,
    0xc3, 0x33, 0x0, 0x0, 0x0, 0xbf, 0xe7, 0xff,
    0x50, 0x0, 0x0, 0x0, 0x6f, 0xf5, 0xc, 0xfe,
    0x10, 0x0, 0x0, 0x1e, 0xfb, 0x0, 0x3f, 0xfa,
    0x0, 0x0, 0xa, 0xff, 0x10, 0x0, 0x9f, 0xf4,
    0x0, 0x5, 0xff, 0x70, 0x0, 0x0, 0xef, 0xe0,
    0x0, 0xef, 0xd0, 0x0, 0x0, 0x5, 0xff, 0x90,
    0x9f, 0xf3, 0x0, 0x0, 0x0, 0xb, 0xff, 0x30,

    /* U+04FF "ӿ" */
    0x2f, 0xfc, 0x0, 0x0, 0xb, 0xff, 0x20, 0x5f,
    0xf7, 0x0, 0x7, 0xff, 0x60, 0x0, 0xaf, 0xf3,
    0x2, 0xff, 0xa0, 0x0, 0x0, 0xdf, 0xd0, 0xcf,
    0xd0, 0x0, 0x0, 0x3, 0xff, 0xdf, 0xf3, 0x0,
    0x0, 0xae, 0xef, 0xff, 0xff, 0xee, 0xa0, 0xb,
    0xff, 0xff, 0xff, 0xff, 0xfc, 0x0, 0x0, 0x1f,
    0xff, 0xff, 0x10, 0x0, 0x0, 0xb, 0xff, 0x3e,
    0xfb, 0x0, 0x0, 0x5, 0xff, 0x60, 0x6f, 0xf6,
    0x0, 0x1, 0xef, 0xc0, 0x0, 0xcf, 0xf1, 0x0,
    0xaf, 0xf2, 0x0, 0x2, 0xff, 0xb0, 0x5f, 0xf8,
    0x0, 0x0, 0x8, 0xff, 0x50,

    /* U+2000 " " */

    /* U+2001 " " */

    /* U+2002 " " */

    /* U+2003 " " */

    /* U+2004 " " */

    /* U+2005 " " */

    /* U+2006 " " */

    /* U+2007 " " */

    /* U+2008 " " */

    /* U+2009 " " */

    /* U+200A " " */

    /* U+200B "​" */

    /* U+200C "‌" */

    /* U+200D "‍" */

    /* U+200E "‎" */
    0x0, 0x0, 0x0, 0x0, 0x0, 0xc2, 0x0, 0x0,
    0x3, 0xd2, 0x7, 0xff, 0xff, 0xd0, 0x77, 0x3,
    0xd2, 0x7, 0x70, 0xc2, 0x0, 0x77, 0x0, 0x0,
    0x7, 0x70, 0x0, 0x0, 0x77, 0x0, 0x0, 0x7,
    0x70, 0x0, 0x0, 0x77, 0x0, 0x0, 0x7, 0x70,
    0x0, 0x0, 0x77, 0x0, 0x0, 0x7, 0x70, 0x0,
    0x0, 0x77, 0x0, 0x0, 0x7, 0x70, 0x0, 0x0,
    0x77, 0x0, 0x0, 0x7, 0x70, 0x0, 0x0, 0x77,
    0x0, 0x0, 0x7, 0x70, 0x0, 0x0, 0x33, 0x0,
    0x0, 0x0,

    /* U+200F "‏" */
    0x0, 0x0, 0x0, 0x0, 0x2, 0xc0, 0x0, 0x2,
    0xd3, 0x0, 0x0, 0xdf, 0xff, 0xf7, 0x2, 0xd3,
    0x8, 0x70, 0x2, 0xc0, 0x87, 0x0, 0x0, 0x8,
    0x70, 0x0, 0x0, 0x87, 0x0, 0x0, 0x8, 0x70,
    0x0, 0x0, 0x87, 0x0, 0x0, 0x8, 0x70, 0x0,
    0x0, 0x87, 0x0, 0x0, 0x8, 0x70, 0x0, 0x0,
    0x87, 0x0, 0x0, 0x8, 0x70, 0x0, 0x0, 0x87,
    0x0, 0x0, 0x8, 0x70, 0x0, 0x0, 0x87, 0x0,
    0x0, 0x8, 0x70, 0x0, 0x0, 0x87, 0x0, 0x0,
    0x3, 0x30,

    /* U+2010 "‐" */
    0x2, 0x22, 0x22, 0x21, 0xff, 0xff, 0xfd, 0x1f,
    0xff, 0xff, 0xd0,

    /* U+2011 "‑" */
    0x2, 0x22, 0x22, 0x21, 0xff, 0xff, 0xfd, 0x1f,
    0xff, 0xff, 0xd0,

    /* U+2012 "‒" */
    0x0, 0x0, 0x0, 0x0, 0x0, 0x0, 0x0, 0xff,
    0xff, 0xff, 0xff, 0xff, 0xfd, 0xf, 0xff, 0xff,
    0xff, 0xff, 0xff, 0xd0,

    /* U+2013 "–" */
    0x1, 0x11, 0x11, 0x11, 0x11, 0x10, 0x1f, 0xff,
    0xff, 0xff, 0xff, 0xf1, 0x1f, 0xff, 0xff, 0xff,
    0xff, 0xf1,

    /* U+2014 "—" */
    0x1, 0x11, 0x11, 0x11, 0x11, 0x11, 0x11, 0x11,
    0x11, 0x11, 0x11, 0x10, 0x1f, 0xff, 0xff, 0xff,
    0xff, 0xff, 0xff, 0xff, 0xff, 0xff, 0xff, 0xf0,
    0x1f, 0xff, 0xff, 0xff, 0xff, 0xff, 0xff, 0xff,
    0xff, 0xff, 0xff, 0xf0,

    /* U+2015 "―" */
    0x1, 0x11, 0x11, 0x11, 0x11, 0x11, 0x11, 0x11,
    0x11, 0x11, 0x11, 0x10, 0x1f, 0xff, 0xff, 0xff,
    0xff, 0xff, 0xff, 0xff, 0xff, 0xff, 0xff, 0xf0,
    0x1f, 0xff, 0xff, 0xff, 0xff, 0xff, 0xff, 0xff,
    0xff, 0xff, 0xff, 0xf0,

    /* U+2016 "‖" */
    0x2f, 0xd0, 0x0, 0x9f, 0x62, 0xfd, 0x0, 0x9,
    0xf6, 0x2f, 0xd0, 0x0, 0x9f, 0x62, 0xfd, 0x0,
    0x9, 0xf6, 0x2f, 0xd0, 0x0, 0x9f, 0x62, 0xfd,
    0x0, 0x9, 0xf6, 0x2f, 0xd0, 0x0, 0x9f, 0x62,
    0xfd, 0x0, 0x9, 0xf6, 0x2f, 0xd0, 0x0, 0x9f,
    0x62, 0xfd, 0x0, 0x9, 0xf6, 0x2f, 0xd0, 0x0,
    0x9f, 0x62, 0xfd, 0x0, 0x9, 0xf6, 0x2f, 0xd0,
    0x0, 0x9f, 0x62, 0xfd, 0x0, 0x9, 0xf6, 0x2f,
    0xd0, 0x0, 0x9f, 0x62, 0xfd, 0x0, 0x9, 0xf6,
    0x2f, 0xd0, 0x0, 0x9f, 0x62, 0xfd, 0x0, 0x9,
    0xf6, 0x2f, 0xd0, 0x0, 0x9f, 0x62, 0xfd, 0x0,
    0x9, 0xf6, 0x2f, 0xd0, 0x0, 0x9f, 0x62, 0xfd,
    0x0, 0x9, 0xf6, 0x2f, 0xd0, 0x0, 0x9f, 0x62,
    0xfd, 0x0, 0x9, 0xf6,

    /* U+2017 "‗" */
    0x8, 0x88, 0x88, 0x88, 0x88, 0x70, 0xff, 0xff,
    0xff, 0xff, 0xfe, 0x0, 0x0, 0x0, 0x0, 0x0,
    0x0, 0x88, 0x88, 0x88, 0x88, 0x87, 0xf, 0xff,
    0xff, 0xff, 0xff, 0xe0,

    /* U+2018 "‘" */
    0x0, 0xdf, 0x10, 0x4f, 0xd0, 0xa, 0xf9, 0x1,
    0xff, 0x60, 0x6f, 0xf3, 0x8, 0xcc, 0x10,

    /* U+2019 "’" */
    0x9, 0xff, 0x10, 0xcf, 0xd0, 0xf, 0xf7, 0x3,
    0xff, 0x10, 0x6f, 0xa0, 0x7, 0xc3, 0x0,

    /* U+201A "‚" */
    0x1, 0xcc, 0x60, 0x4f, 0xf5, 0x8, 0xff, 0x0,
    0xbf, 0x90, 0xe, 0xf3, 0x2, 0xfc, 0x0,

    /* U+201B "‛" */
    0x9f, 0xf1, 0x4, 0xff, 0x40, 0xf, 0xf7, 0x0,
    0x9f, 0xb0, 0x2, 0xfe, 0x0, 0xa, 0xc1,

    /* U+201C "“" */
    0x0, 0xdf, 0x10, 0x2f, 0xc0, 0x4f, 0xd0, 0x8,
    0xf9, 0xb, 0xf9, 0x0, 0xef, 0x51, 0xff, 0x60,
    0x5f, 0xf2, 0x6f, 0xf3, 0xa, 0xff, 0x8, 0xcc,
    0x0, 0xbc, 0xa0,

    /* U+201D "”" */
    0x9, 0xff, 0x10, 0xdf, 0xd0, 0xcf, 0xc0, 0xf,
    0xf8, 0xf, 0xf7, 0x4, 0xff, 0x33, 0xff, 0x10,
    0x7f, 0xd0, 0x6f, 0xa0, 0xb, 0xf6, 0x7, 0xc3,
    0x0, 0xbc, 0x0,

    /* U+201E "„" */
    0x1, 0xdd, 0x70, 0x5d, 0xd4, 0x4, 0xff, 0x50,
    0x9f, 0xf1, 0x7, 0xff, 0x0, 0xcf, 0xc0, 0xb,
    0xf9, 0x0, 0xff, 0x60, 0xe, 0xf3, 0x3, 0xfe,
    0x0, 0x2f, 0xc0, 0x6, 0xf8, 0x0,

    /* U+201F "‟" */
    0x9f, 0xf1, 0xe, 0xfd, 0x5, 0xff, 0x30, 0x9f,
    0xf0, 0xf, 0xf6, 0x4, 0xff, 0x20, 0x9f, 0xa0,
    0xe, 0xf6, 0x3, 0xfe, 0x0, 0x7f, 0xa0, 0xa,
    0xc1, 0x1, 0xca,

    /* U+2020 "†" */
    0x0, 0x3, 0xff, 0x40, 0x0, 0x0, 0x1, 0xff,
    0x20, 0x0, 0x0, 0x0, 0xff, 0x0, 0x0, 0x0,
    0x0, 0xde, 0x0, 0x0, 0x36, 0x53, 0xcd, 0x35,
    0x66, 0x7f, 0xff, 0xff, 0xff, 0xfc, 0x5b, 0x98,
    0xde, 0x79, 0xa9, 0x0, 0x0, 0xcd, 0x0, 0x0,
    0x0, 0x0, 0xcd, 0x0, 0x0, 0x0, 0x0, 0xde,
    0x0, 0x0, 0x0, 0x0, 0xef, 0x0, 0x0, 0x0,
    0x0, 0xff, 0x0, 0x0, 0x0, 0x0, 0xff, 0x10,
    0x0, 0x0, 0x1, 0xff, 0x20, 0x0, 0x0, 0x1,
    0xff, 0x30, 0x0, 0x0, 0x2, 0xff, 0x30, 0x0,
    0x0, 0x3, 0xff, 0x40, 0x0, 0x0, 0x4, 0xff,
    0x50, 0x0,

    /* U+2021 "‡" */
    0x0, 0x2, 0xff, 0x60, 0x0, 0x0, 0x0, 0xff,
    0x40, 0x0, 0x0, 0x0, 0xdf, 0x20, 0x0, 0x0,
    0x0, 0xbf, 0x0, 0x0, 0x8e, 0xcb, 0xdf, 0xac,
    0xdd, 0x9f, 0xff, 0xff, 0xff, 0xfe, 0x22, 0x10,
    0xbf, 0x1, 0x23, 0x0, 0x0, 0xef, 0x20, 0x0,
    0x0, 0x0, 0xff, 0x50, 0x0, 0x0, 0x0, 0xff,
    0x40, 0x0, 0x0, 0x0, 0xdf, 0x20, 0x0, 0x22,
    0x10, 0xbf, 0x1, 0x23, 0x9f, 0xff, 0xff, 0xff,
    0xfe, 0x8e, 0xcb, 0xdf, 0xac, 0xdd, 0x0, 0x0,
    0xbf, 0x0, 0x0, 0x0, 0x0, 0xdf, 0x20, 0x0,
    0x0, 0x0, 0xff, 0x40, 0x0, 0x0, 0x2, 0xff,
    0x60, 0x0,

    /* U+2022 "•" */
    0x0, 0x14, 0x10, 0x0, 0x7f, 0xff, 0x70, 0x2f,
    0xff, 0xff, 0x25, 0xff, 0xff, 0xf5, 0x4f, 0xff,
    0xff, 0x41, 0xff, 0xff, 0xf1, 0x4, 0xcf, 0xc4,
    0x0,

    /* U+2023 "‣" */
    0x31, 0x0, 0x0, 0x0, 0x7f, 0x70, 0x0, 0x0,
    0x7f, 0xfd, 0x50, 0x0, 0x7f, 0xff, 0xfc, 0x30,
    0x7f, 0xff, 0xff, 0x80, 0x7f, 0xff, 0xa2, 0x0,
    0x7f, 0xc3, 0x0, 0x0, 0x66, 0x0, 0x0, 0x0,

    /* U+2024 "․" */
    0x5, 0x50, 0x7f, 0xf7, 0x9f, 0xf9, 0x3e, 0xe3,

    /* U+2025 "‥" */
    0x3, 0x61, 0x0, 0x0, 0x54, 0x3, 0xff, 0xb0,
    0x0, 0x9f, 0xf5, 0x5f, 0xfd, 0x0, 0xb, 0xff,
    0x71, 0xcf, 0x60, 0x0, 0x5e, 0xd2,

    /* U+2026 "…" */
    0x3, 0x61, 0x0, 0x1, 0x63, 0x0, 0x0, 0x45,
    0x3, 0xff, 0xb0, 0x0, 0xcf, 0xf3, 0x0, 0x5f,
    0xfa, 0x5f, 0xfd, 0x0, 0xe, 0xff, 0x50, 0x7,
    0xff, 0xc1, 0xcf, 0x60, 0x0, 0x7f, 0xc1, 0x0,
    0x2d, 0xe5,

    /* U+2027 "‧" */
    0x3, 0x61, 0x3f, 0xfb, 0x5f, 0xfd, 0x1c, 0xf6,

    /* U+2028 " " */

    /* U+2029 " " */

    /* U+202A "‪" */
    0x7f, 0xff, 0xff, 0x17, 0x80, 0x0, 0x0, 0x78,
    0x0, 0x0, 0x7, 0x80, 0x0, 0x0, 0x78, 0x0,
    0x0, 0x7, 0x80, 0x0, 0x0, 0x78, 0x0, 0x0,
    0x7, 0x80, 0x0, 0x0, 0x78, 0x0, 0x0, 0x7,
    0x80, 0x0, 0x0, 0x78, 0x0, 0x0, 0x7, 0x80,
    0x0, 0x0, 0x78, 0x0, 0x0, 0x7, 0x80, 0x0,
    0x0, 0x78, 0x0, 0x0, 0x7, 0x80, 0x0, 0x0,
    0x78, 0x0, 0x0, 0x3, 0x30, 0x0, 0x0,

    /* U+202B "‫" */
    0x1f, 0xff, 0xff, 0x70, 0x0, 0x0, 0x87, 0x0,
    0x0, 0x8, 0x70, 0x0, 0x0, 0x87, 0x0, 0x0,
    0x8, 0x70, 0x0, 0x0, 0x87, 0x0, 0x0, 0x8,
    0x70, 0x0, 0x0, 0x87, 0x0, 0x0, 0x8, 0x70,
    0x0, 0x0, 0x87, 0x0, 0x0, 0x8, 0x70, 0x0,
    0x0, 0x87, 0x0, 0x0, 0x8, 0x70, 0x0, 0x0,
    0x87, 0x0, 0x0, 0x8, 0x70, 0x0, 0x0, 0x87,
    0x0, 0x0, 0x8, 0x70, 0x0, 0x0, 0x33,

    /* U+202C "‬" */
    0x0, 0x0, 0x0, 0xcf, 0xff, 0xfc, 0xcf, 0xff,
    0xfc, 0xcf, 0xff, 0xfc, 0xcf, 0xff, 0xfc, 0xcf,
    0xff, 0xfc, 0x0, 0x88, 0x0, 0x0, 0x88, 0x0,
    0x0, 0x88, 0x0, 0x0, 0x88, 0x0, 0x0, 0x88,
    0x0, 0x0, 0x88, 0x0, 0x0, 0x88, 0x0, 0x0,
    0x88, 0x0, 0x0, 0x88, 0x0, 0x0, 0x88, 0x0,
    0x0, 0x88, 0x0, 0x0, 0x88, 0x0, 0x0, 0x88,
    0x0, 0x0, 0x88, 0x0, 0x0, 0x44, 0x0,

    /* U+202D "‭" */
    0xbe, 0xee, 0xeb, 0xc2, 0x0, 0x0, 0xc2, 0x0,
    0x0, 0xc2, 0x0, 0x0, 0xbe, 0xee, 0xeb, 0x0,
    0x88, 0x0, 0x0, 0x88, 0x0, 0x0, 0x88, 0x0,
    0x0, 0x88, 0x0, 0x0, 0x88, 0x0, 0x0, 0x88,
    0x0, 0x0, 0x88, 0x0, 0x0, 0x88, 0x0, 0x0,
    0x88, 0x0, 0x0, 0x88, 0x0, 0x0, 0x88, 0x0,
    0x0, 0x88, 0x0, 0x0, 0x88, 0x0, 0x0, 0x88,
    0x0, 0x0, 0x33, 0x0,

    /* U+202E "‮" */
    0xbe, 0xee, 0xeb, 0x0, 0x0, 0x2c, 0x0, 0x0,
    0x2c, 0x0, 0x0, 0x2c, 0xbe, 0xee, 0xeb, 0x0,
    0x88, 0x0, 0x0, 0x88, 0x0, 0x0, 0x88, 0x0,
    0x0, 0x88, 0x0, 0x0, 0x88, 0x0, 0x0, 0x88,
    0x0, 0x0, 0x88, 0x0, 0x0, 0x88, 0x0, 0x0,
    0x88, 0x0, 0x0, 0x88, 0x0, 0x0, 0x88, 0x0,
    0x0, 0x88, 0x0, 0x0, 0x88, 0x0, 0x0, 0x88,
    0x0, 0x0, 0x33, 0x0,

    /* U+202F " " */

    /* U+2030 "‰" */
    0x3, 0xcf, 0xe7, 0x0, 0x0, 0x0, 0x6f, 0xb0,
    0x0, 0x0, 0x0, 0x0, 0x0, 0x2, 0xff, 0xcf,
    0xf7, 0x0, 0x0, 0xe, 0xf3, 0x0, 0x0, 0x0,
    0x0, 0x0, 0x0, 0x9f, 0x90, 0x2f, 0xf0, 0x0,
    0x8, 0xfa, 0x0, 0x0, 0x0, 0x0, 0x0, 0x0,
    0xc, 0xf4, 0x0, 0xcf, 0x40, 0x1, 0xff, 0x10,
    0x0, 0x0, 0x0, 0x0, 0x0, 0x0, 0xef, 0x20,
    0xa, 0xf6, 0x0, 0xaf, 0x80, 0x0, 0x0, 0x0,
    0x0, 0x0, 0x0, 0xf, 0xf2, 0x0, 0xaf, 0x70,
    0x3f, 0xe0, 0x0, 0x0, 0x0, 0x0, 0x0, 0x0,
    0x0, 0xef, 0x30, 0xb, 0xf6, 0xb, 0xf6, 0x18,
    0xb9, 0x30, 0x0, 0x4, 0xab, 0x70, 0xb, 0xf5,
    0x0, 0xdf, 0x34, 0xfd, 0x1e, 0xff, 0xff, 0x40,
    0x6, 0xff, 0xff, 0xc0, 0x6f, 0xc1, 0x6f, 0xe0,
    0xdf, 0x47, 0xfb, 0x17, 0xfd, 0x0, 0xff, 0x51,
    0xdf, 0x60, 0xcf, 0xff, 0xf5, 0x6f, 0xb0, 0xcf,
    0x40, 0xe, 0xf2, 0x4f, 0xd0, 0x6, 0xfb, 0x0,
    0x8b, 0xa4, 0xe, 0xf2, 0xf, 0xf2, 0x0, 0xcf,
    0x56, 0xfa, 0x0, 0x3f, 0xd0, 0x0, 0x0, 0x8,
    0xf9, 0x0, 0xff, 0x10, 0xb, 0xf6, 0x7f, 0x90,
    0x2, 0xfe, 0x0, 0x0, 0x2, 0xff, 0x10, 0xf,
    0xf1, 0x0, 0xbf, 0x57, 0xf9, 0x0, 0x2f, 0xe0,
    0x0, 0x0, 0xaf, 0x70, 0x0, 0xdf, 0x30, 0xd,
    0xf3, 0x4f, 0xb0, 0x4, 0xfc, 0x0, 0x0, 0x3f,
    0xe0, 0x0, 0x8, 0xf7, 0x2, 0xfe, 0x1, 0xff,
    0x0, 0x9f, 0x70, 0x0, 0xc, 0xf5, 0x0, 0x0,
    0x1f, 0xf9, 0xdf, 0x70, 0x8, 0xfc, 0x9f, 0xe1,
    0x0, 0x5, 0xfc, 0x0, 0x0, 0x0, 0x3c, 0xfe,
    0x70, 0x0, 0x8, 0xef, 0xc3, 0x0,

    /* U+2031 "‱" */
    0x0, 0x4c, 0xfe, 0x80, 0x0, 0x0, 0x3, 0xfd,
    0x0, 0x0, 0x0, 0x0, 0x0, 0x0, 0x0, 0x0,
    0x0, 0x0, 0x0, 0x2f, 0xfe, 0xff, 0x80, 0x0,
    0x0, 0xcf, 0x40, 0x0, 0x0, 0x0, 0x0, 0x0,
    0x0, 0x0, 0x0, 0x0, 0x0, 0x9, 0xfa, 0x3,
    0xff, 0x0, 0x0, 0x5f, 0xb0, 0x0, 0x0, 0x0,
    0x0, 0x0, 0x0, 0x0, 0x0, 0x0, 0x0, 0x0,
    0xef, 0x50, 0xc, 0xf5, 0x0, 0xe, 0xf2, 0x0,
    0x0, 0x0, 0x0, 0x0, 0x0, 0x0, 0x0, 0x0,
    0x0, 0x0, 0xf, 0xf3, 0x0, 0xaf, 0x70, 0x7,
    0xf9, 0x0, 0x0, 0x0, 0x0, 0x0, 0x0, 0x0,
    0x0, 0x0, 0x0, 0x0, 0x0, 0xff, 0x20, 0xa,
    0xf8, 0x1, 0xff, 0x10, 0x0, 0x0, 0x0, 0x0,
    0x0, 0x0, 0x0, 0x0, 0x0, 0x0, 0x0, 0xf,
    0xf3, 0x0, 0xaf, 0x70, 0x9f, 0x70, 0x0, 0x0,
    0x0, 0x0, 0x0, 0x0, 0x0, 0x0, 0x0, 0x0,
    0x0, 0x0, 0xdf, 0x50, 0xd, 0xf5, 0x2f, 0xe0,
    0x2b, 0xfe, 0xa1, 0x0, 0x6, 0xdf, 0xd6, 0x0,
    0x1, 0xae, 0xfb, 0x20, 0x7, 0xfc, 0x16, 0xff,
    0xb, 0xf5, 0x1e, 0xfe, 0xff, 0xc0, 0x6, 0xff,
    0xdf, 0xf6, 0x0, 0xcf, 0xfe, 0xfe, 0x10, 0xd,
    0xff, 0xff, 0x74, 0xfc, 0x7, 0xfc, 0x1, 0xef,
    0x50, 0xdf, 0x60, 0x5f, 0xe0, 0x4f, 0xf1, 0xc,
    0xf8, 0x0, 0x18, 0xca, 0x50, 0xdf, 0x40, 0xbf,
    0x70, 0x9, 0xf9, 0x1f, 0xf1, 0x0, 0xff, 0x38,
    0xfa, 0x0, 0x5f, 0xc0, 0x0, 0x0, 0x0, 0x6f,
    0xb0, 0xc, 0xf5, 0x0, 0x7f, 0xb3, 0xff, 0x0,
    0xd, 0xf4, 0x9f, 0x90, 0x4, 0xfe, 0x0, 0x0,
    0x0, 0xe, 0xf2, 0x0, 0xcf, 0x50, 0x7, 0xfb,
    0x2f, 0xf0, 0x0, 0xdf, 0x59, 0xf8, 0x0, 0x3f,
    0xe0, 0x0, 0x0, 0x8, 0xf9, 0x0, 0xa, 0xf6,
    0x0, 0x8f, 0x91, 0xff, 0x0, 0xe, 0xf3, 0x7f,
    0xa0, 0x5, 0xfc, 0x0, 0x0, 0x1, 0xff, 0x10,
    0x0, 0x6f, 0xb0, 0xd, 0xf5, 0xc, 0xf5, 0x3,
    0xff, 0x3, 0xfe, 0x0, 0xaf, 0x90, 0x0, 0x0,
    0xaf, 0x70, 0x0, 0x0, 0xdf, 0xbc, 0xfd, 0x0,
    0x5f, 0xea, 0xef, 0x70, 0xb, 0xfc, 0xaf, 0xf2,
    0x0, 0x0, 0x3f, 0xd0, 0x0, 0x0, 0x2, 0xbf,
    0xfa, 0x10, 0x0, 0x5d, 0xfd, 0x70, 0x0, 0x9,
    0xef, 0xc3, 0x0,

    /* U+2032 "′" */
    0x0, 0x2, 0xff, 0x40, 0x0, 0xbf, 0x90, 0x0,
    0x3f, 0xe0, 0x0, 0xb, 0xf4, 0x0, 0x3, 0xf9,
    0x0, 0x0, 0xce, 0x10, 0x0,

    /* U+2033 "″" */
    0x0, 0x2, 0xff, 0x40, 0xaf, 0xc0, 0x0, 0xa,
    0xf9, 0x2, 0xff, 0x20, 0x0, 0x3f, 0xe1, 0xa,
    0xf7, 0x0, 0x0, 0xbf, 0x50, 0x2f, 0xd0, 0x0,
    0x3, 0xfa, 0x0, 0xaf, 0x30, 0x0, 0xb, 0xe1,
    0x2, 0xf9, 0x0, 0x0, 0x1, 0x10, 0x0, 0x10,
    0x0, 0x0,

    /* U+2034 "‴" */
    0x0, 0x2, 0xff, 0x40, 0xaf, 0xc0, 0x1f, 0xf5,
    0x0, 0xa, 0xf9, 0x2, 0xff, 0x20, 0x9f, 0xa0,
    0x0, 0x3f, 0xe1, 0xa, 0xf8, 0x1, 0xff, 0x10,
    0x0, 0xbf, 0x50, 0x2f, 0xd0, 0x9, 0xf6, 0x0,
    0x3, 0xfa, 0x0, 0xaf, 0x30, 0x2f, 0xc0, 0x0,
    0xb, 0xe1, 0x2, 0xf9, 0x0, 0x9f, 0x20, 0x0,
    0x1, 0x10, 0x0, 0x10, 0x0, 0x11, 0x0, 0x0,

    /* U+2035 "‵" */
    0xb, 0xfa, 0x0, 0x0, 0x2f, 0xf2, 0x0, 0x0,
    0x7f, 0xb0, 0x0, 0x0, 0xcf, 0x30, 0x0, 0x2,
    0xfb, 0x0, 0x0, 0x7, 0xf3,

    /* U+2036 "‶" */
    0xc, 0xfa, 0x6, 0xfe, 0x0, 0x0, 0x2f, 0xf2,
    0xc, 0xf7, 0x0, 0x0, 0x7f, 0xa0, 0x2f, 0xe0,
    0x0, 0x0, 0xdf, 0x20, 0x8f, 0x70, 0x0, 0x3,
    0xfa, 0x0, 0xde, 0x0, 0x0, 0x8, 0xf3, 0x3,
    0xf8, 0x0, 0x0, 0x1, 0x0, 0x1, 0x10,

    /* U+2037 "‷" */
    0xc, 0xfa, 0x6, 0xfe, 0x2, 0xff, 0x40, 0x0,
    0x2, 0xff, 0x20, 0xcf, 0x70, 0x7f, 0xc0, 0x0,
    0x0, 0x7f, 0xa0, 0x2f, 0xe0, 0xd, 0xf4, 0x0,
    0x0, 0xd, 0xf2, 0x8, 0xf7, 0x3, 0xfc, 0x0,
    0x0, 0x3, 0xfa, 0x0, 0xde, 0x0, 0x8f, 0x50,
    0x0, 0x0, 0x8f, 0x30, 0x3f, 0x80, 0xd, 0xd0,
    0x0, 0x0, 0x1, 0x0, 0x1, 0x10, 0x0, 0x10,

    /* U+2038 "‸" */
    0x0, 0x0, 0x73, 0x0, 0x0, 0x0, 0x4, 0xfc,
    0x0, 0x0, 0x0, 0xc, 0xef, 0x50, 0x0, 0x0,
    0x4f, 0x4b, 0xd0, 0x0, 0x0, 0xcc, 0x3, 0xf5,
    0x0, 0x4, 0xf4, 0x0, 0xbd, 0x0, 0xc, 0xc0,
    0x0, 0x3f, 0x60, 0x4f, 0x40, 0x0, 0xb, 0xe0,

    /* U+2039 "‹" */
    0x0, 0x0, 0x2, 0x0, 0x0, 0xa, 0xf8, 0x0,
    0x8, 0xff, 0x30, 0x5, 0xff, 0x50, 0x3, 0xff,
    0x80, 0x0, 0xef, 0xc0, 0x0, 0x8, 0xff, 0x40,
    0x0, 0xa, 0xfe, 0x20, 0x0, 0xc, 0xfd, 0x0,
    0x0, 0x1e, 0xf9, 0x0, 0x0, 0x38, 0x0,

    /* U+203A "›" */
    0x0, 0x20, 0x0, 0x0, 0xaf, 0x70, 0x0, 0x5,
    0xff, 0x50, 0x0, 0x8, 0xff, 0x30, 0x0, 0xb,
    0xfe, 0x10, 0x0, 0xe, 0xfc, 0x0, 0x6, 0xff,
    0x50, 0x4, 0xff, 0x70, 0x2, 0xef, 0xa0, 0x0,
    0xcf, 0xc0, 0x0, 0x1, 0x81, 0x0, 0x0,

    /* U+203B "※" */
    0x4, 0x20, 0x0, 0x1, 0xde, 0x20, 0x0, 0x1,
    0x50, 0x2f, 0xe2, 0x0, 0x5, 0xff, 0x60, 0x0,
    0x1d, 0xf5, 0x8, 0xfe, 0x30, 0x2, 0xff, 0x30,
    0x1, 0xdf, 0xa0, 0x0, 0x7f, 0xf4, 0x0, 0x0,
    0x0, 0x2e, 0xfa, 0x0, 0x0, 0x6, 0xff, 0x40,
    0x0, 0x3, 0xef, 0x90, 0x0, 0x0, 0x0, 0x6f,
    0xf5, 0x0, 0x3f, 0xf8, 0x0, 0x0, 0x0, 0x0,
    0x5, 0xff, 0x64, 0xff, 0x70, 0x0, 0x0, 0x6f,
    0xb0, 0x0, 0x4f, 0xff, 0xf6, 0x0, 0x8, 0xf9,
    0xcf, 0xf1, 0x0, 0x7, 0xff, 0xa0, 0x0, 0xe,
    0xff, 0x6f, 0xb0, 0x0, 0x5f, 0xff, 0xf7, 0x0,
    0x9, 0xf9, 0x0, 0x0, 0x5, 0xff, 0x53, 0xef,
    0x80, 0x0, 0x0, 0x0, 0x0, 0x6f, 0xf4, 0x0,
    0x3e, 0xf8, 0x0, 0x0, 0x0, 0x7, 0xff, 0x40,
    0x0, 0x2, 0xef, 0x90, 0x0, 0x0, 0x7f, 0xe3,
    0x0, 0x0, 0x0, 0x2e, 0xf9, 0x0, 0x8, 0xfe,
    0x30, 0x2, 0xef, 0x20, 0x1, 0xdf, 0xa0, 0x2f,
    0xe2, 0x0, 0x5, 0xff, 0x60, 0x0, 0x1d, 0xf4,
    0x3, 0x20, 0x0, 0x2, 0xee, 0x20, 0x0, 0x1,
    0x50,

    /* U+203C "‼" */
    0x3f, 0xfc, 0x0, 0x4f, 0xfa, 0x2f, 0xfb, 0x0,
    0x3f, 0xf9, 0x1f, 0xfa, 0x0, 0x3f, 0xf8, 0xf,
    0xf9, 0x0, 0x2f, 0xf8, 0xf, 0xf8, 0x0, 0x1f,
    0xf7, 0xf, 0xf7, 0x0, 0xf, 0xf6, 0xe, 0xf7,
    0x0, 0xf, 0xf5, 0xd, 0xf6, 0x0, 0xf, 0xf4,
    0xc, 0xf5, 0x0, 0xe, 0xf4, 0xb, 0xf4, 0x0,
    0xd, 0xf3, 0xb, 0xf3, 0x0, 0xc, 0xf2, 0x9,
    0xf2, 0x0, 0xb, 0xf1, 0x0, 0x0, 0x0, 0x0,
    0x0, 0x3, 0x61, 0x0, 0x4, 0x50, 0x3f, 0xfb,
    0x0, 0x4f, 0xfa, 0x5f, 0xfd, 0x0, 0x7f, 0xfc,
    0x1c, 0xf6, 0x0, 0x2d, 0xe5,

    /* U+203D "‽" */
    0x4, 0x9d, 0xff, 0xea, 0x20, 0x6, 0xff, 0xff,
    0xff, 0xff, 0x40, 0xb, 0x6f, 0xf6, 0x1b, 0xfe,
    0x0, 0x0, 0xff, 0x50, 0x2f, 0xf2, 0x0, 0xe,
    0xf5, 0x1, 0xff, 0x20, 0x0, 0xdf, 0x40, 0x5f,
    0xf0, 0x0, 0xd, 0xf4, 0x3e, 0xf6, 0x0, 0x0,
    0xcf, 0x8f, 0xf7, 0x0, 0x0, 0xb, 0xff, 0xe4,
    0x0, 0x0, 0x0, 0xaf, 0xf3, 0x0, 0x0, 0x0,
    0xa, 0xfb, 0x0, 0x0, 0x0, 0x0, 0x6c, 0x70,
    0x0, 0x0, 0x0, 0x0, 0x0, 0x0, 0x0, 0x0,
    0x0, 0x2, 0x0, 0x0, 0x0, 0x0, 0xc, 0xfd,
    0x0, 0x0, 0x0, 0x0, 0xff, 0xf1, 0x0, 0x0,
    0x0, 0x9, 0xfa, 0x0, 0x0, 0x0,

    /* U+203E "‾" */
    0xc, 0xcc, 0xcc, 0xcc, 0xcc, 0xcc, 0xc0, 0x1f,
    0xff, 0xff, 0xff, 0xff, 0xff, 0xf1,

    /* U+203F "‿" */
    0x3c, 0x0, 0x0, 0x0, 0x0, 0x0, 0x4b, 0x0,
    0xd8, 0x0, 0x0, 0x0, 0x0, 0x1e, 0x80, 0x2,
    0xfa, 0x0, 0x0, 0x0, 0x3e, 0xb0, 0x0, 0x3,
    0xef, 0x96, 0x57, 0xcf, 0xa0, 0x0, 0x0, 0x0,
    0x7c, 0xff, 0xea, 0x40, 0x0, 0x0,

    /* U+2040 "⁀" */
    0x0, 0x0, 0x0, 0x0, 0x0, 0x0, 0x0, 0x0,
    0x0, 0x18, 0xdf, 0xff, 0xb5, 0x0, 0x0, 0x0,
    0x4e, 0xe8, 0x54, 0x6a, 0xfb, 0x10, 0x0, 0x3f,
    0x80, 0x0, 0x0, 0x2, 0xdc, 0x0, 0xe, 0x80,
    0x0, 0x0, 0x0, 0x0, 0xd9, 0x3, 0xb0, 0x0,
    0x0, 0x0, 0x0, 0x3, 0xa0,

    /* U+2041 "⁁" */
    0x0, 0x0, 0x0, 0x2, 0x20, 0x0, 0x0, 0x0,
    0xe9, 0x0, 0x0, 0x0, 0x6f, 0x20, 0x0, 0x0,
    0xd, 0xb0, 0x0, 0x0, 0x5, 0xf3, 0x0, 0x0,
    0x0, 0xcc, 0x0, 0x0, 0x0, 0x4f, 0x50, 0x0,
    0x0, 0xb, 0xd0, 0x0, 0x0, 0x2, 0xf6, 0x0,
    0x0, 0x0, 0x9f, 0x60, 0x0, 0x0, 0x1f, 0xed,
    0x0, 0x0, 0x8, 0xf3, 0xf5, 0x0, 0x0, 0xe9,
    0xb, 0xc0, 0x0, 0x6f, 0x20, 0x4f, 0x30, 0xd,
    0xb0, 0x0, 0xda, 0x5, 0xf3, 0x0, 0x6, 0xf2,

    /* U+2042 "⁂" */
    0x0, 0x0, 0x0, 0x0, 0x0, 0x0, 0xdf, 0x90,
    0x0, 0x0, 0x0, 0x0, 0x0, 0x0, 0x0, 0x0,
    0x0, 0x0, 0x0, 0xb, 0xf7, 0x0, 0x0, 0x0,
    0x0, 0x0, 0x0, 0x0, 0x0, 0x0, 0x0, 0x0,
    0x0, 0xaf, 0x60, 0x0, 0x0, 0x0, 0x0, 0x0,
    0x0, 0x0, 0x0, 0x0, 0xb, 0x72, 0x8, 0xf4,
    0x3, 0x89, 0x0, 0x0, 0x0, 0x0, 0x0, 0x0,
    0x0, 0x1, 0xff, 0xfe, 0xdf, 0xcf, 0xff, 0xe0,
    0x0, 0x0, 0x0, 0x0, 0x0, 0x0, 0x0, 0x19,
    0xac, 0xdf, 0xff, 0xdb, 0xa9, 0x0, 0x0, 0x0,
    0x0, 0x0, 0x0, 0x0, 0x0, 0x0, 0x8, 0xff,
    0xf4, 0x0, 0x0, 0x0, 0x0, 0x0, 0x0, 0x0,
    0x0, 0x0, 0x0, 0x4, 0xff, 0x5f, 0xe1, 0x0,
    0x0, 0x0, 0x0, 0x0, 0x0, 0x0, 0x0, 0x0,
    0x1, 0xef, 0x80, 0xcf, 0xc0, 0x0, 0x0, 0x0,
    0x0, 0x0, 0x0, 0x0, 0x0, 0x0, 0x6f, 0xf1,
    0x4, 0xff, 0x40, 0x0, 0x0, 0x0, 0x0, 0x0,
    0x0, 0x28, 0x81, 0x0, 0x26, 0x0, 0x7, 0x10,
    0x3, 0x88, 0x0, 0x0, 0x0, 0x0, 0x4, 0xff,
    0x10, 0x0, 0x0, 0x0, 0x0, 0x0, 0x6f, 0xf0,
    0x0, 0x0, 0x0, 0x0, 0x2f, 0xf0, 0x0, 0x0,
    0x0, 0x0, 0x0, 0x4, 0xfd, 0x0, 0x0, 0x1,
    0x10, 0x0, 0xfe, 0x0, 0x1, 0x10, 0x0, 0x10,
    0x0, 0x3f, 0xb0, 0x0, 0x20, 0x7f, 0xc7, 0x3f,
    0xc4, 0x8d, 0xf5, 0x0, 0x9, 0xfb, 0x74, 0xfa,
    0x49, 0xdf, 0x3a, 0xff, 0xff, 0xff, 0xff, 0xff,
    0x80, 0x0, 0xcf, 0xff, 0xff, 0xff, 0xff, 0xf5,
    0x13, 0x45, 0xdf, 0xfb, 0x54, 0x31, 0x0, 0x1,
    0x34, 0x6e, 0xff, 0xa5, 0x43, 0x0, 0x0, 0x4f,
    0xdf, 0xf2, 0x0, 0x0, 0x0, 0x0, 0x6, 0xfc,
    0xfe, 0x10, 0x0, 0x0, 0x1e, 0xf5, 0x8f, 0xd0,
    0x0, 0x0, 0x0, 0x3, 0xff, 0x3a, 0xfb, 0x0,
    0x0, 0xc, 0xfe, 0x1, 0xff, 0xa0, 0x0, 0x0,
    0x0, 0xdf, 0xb0, 0x2f, 0xf7, 0x0, 0x0, 0x7e,
    0x70, 0x8, 0xe6, 0x0, 0x0, 0x0, 0x18, 0xf4,
    0x0, 0xad, 0x50, 0x0, 0x0, 0x0, 0x0, 0x0,
    0x0, 0x0, 0x0, 0x0, 0x1, 0x0, 0x1, 0x0,
    0x0,

    /* U+2043 "⁃" */
    0x22, 0x22, 0x22, 0xf, 0xff, 0xff, 0xf0, 0xff,
    0xff, 0xff, 0x0,

    /* U+2044 "⁄" */
    0x0, 0x0, 0x0, 0x0, 0x0, 0xbf, 0x60, 0x0,
    0x0, 0x0, 0x0, 0x4f, 0xc0, 0x0, 0x0, 0x0,
    0x0, 0xd, 0xf3, 0x0, 0x0, 0x0, 0x0, 0x8,
    0xf9, 0x0, 0x0, 0x0, 0x0, 0x2, 0xfe, 0x10,
    0x0, 0x0, 0x0, 0x0, 0xbf, 0x60, 0x0, 0x0,
    0x0, 0x0, 0x4f, 0xc0, 0x0, 0x0, 0x0, 0x0,
    0xd, 0xf3, 0x0, 0x0, 0x0, 0x0, 0x7, 0xf9,
    0x0, 0x0, 0x0, 0x0, 0x2, 0xfe, 0x10, 0x0,
    0x0, 0x0, 0x0, 0xbf, 0x60, 0x0, 0x0, 0x0,
    0x0, 0x4f, 0xc0, 0x0, 0x0, 0x0, 0x0, 0xd,
    0xf3, 0x0, 0x0, 0x0, 0x0, 0x7, 0xf9, 0x0,
    0x0, 0x0, 0x0, 0x1, 0xfe, 0x10, 0x0, 0x0,
    0x0, 0x0, 0xaf, 0x60, 0x0, 0x0, 0x0, 0x0,
    0x4f, 0xc0, 0x0, 0x0, 0x0, 0x0, 0x0,

    /* U+2045 "⁅" */
    0x2f, 0xff, 0xff, 0x32, 0xff, 0xdd, 0xd3, 0x2f,
    0xf1, 0x0, 0x2, 0xff, 0x10, 0x0, 0x2f, 0xf1,
    0x0, 0x2, 0xff, 0x10, 0x0, 0x2f, 0xf1, 0x0,
    0x2, 0xff, 0x10, 0x0, 0x2f, 0xf1, 0x0, 0x2,
    0xff, 0xdd, 0xd2, 0x2f, 0xff, 0xff, 0x32, 0xff,
    0x10, 0x0, 0x2f, 0xf1, 0x0, 0x2, 0xff, 0x10,
    0x0, 0x2f, 0xf1, 0x0, 0x2, 0xff, 0x10, 0x0,
    0x2f, 0xf1, 0x0, 0x2, 0xff, 0x10, 0x0, 0x2f,
    0xf1, 0x0, 0x2, 0xff, 0xff, 0xf3, 0x2e, 0xee,
    0xee, 0x30,

    /* U+2046 "⁆" */
    0x6f, 0xff, 0xff, 0x15, 0xee, 0xef, 0xf1, 0x0,
    0x4, 0xff, 0x10, 0x0, 0x4f, 0xf1, 0x0, 0x4,
    0xff, 0x10, 0x0, 0x4f, 0xf1, 0x0, 0x4, 0xff,
    0x10, 0x0, 0x4f, 0xf1, 0x0, 0x4, 0xff, 0x16,
    0xee, 0xef, 0xf1, 0x6f, 0xff, 0xff, 0x10, 0x0,
    0x4f, 0xf1, 0x0, 0x4, 0xff, 0x10, 0x0, 0x4f,
    0xf1, 0x0, 0x4, 0xff, 0x10, 0x0, 0x4f, 0xf1,
    0x0, 0x4, 0xff, 0x10, 0x0, 0x4f, 0xf1, 0x0,
    0x4, 0xff, 0x16, 0xff, 0xff, 0xf1, 0x5e, 0xee,
    0xee, 0x10,

    /* U+2047 "⁇" */
    0x3, 0x9d, 0xff, 0xea, 0x20, 0x1, 0x7c, 0xef,
    0xfc, 0x60, 0x8, 0xff, 0xff, 0xff, 0xff, 0x31,
    0xff, 0xff, 0xff, 0xff, 0xa0, 0x2f, 0x95, 0x23,
    0x7f, 0xfd, 0xb, 0xc6, 0x32, 0x4c, 0xff, 0x40,
    0x0, 0x0, 0x0, 0x7f, 0xf1, 0x0, 0x0, 0x0,
    0xf, 0xf8, 0x0, 0x0, 0x0, 0x5, 0xff, 0x10,
    0x0, 0x0, 0x0, 0xef, 0x80, 0x0, 0x0, 0x0,
    0xaf, 0xd0, 0x0, 0x0, 0x0, 0x3f, 0xf5, 0x0,
    0x0, 0x0, 0x8f, 0xf4, 0x0, 0x0, 0x0, 0x3e,
    0xfc, 0x0, 0x0, 0x0, 0xbf, 0xf6, 0x0, 0x0,
    0x0, 0x5f, 0xfc, 0x10, 0x0, 0x0, 0xcf, 0xe3,
    0x0, 0x0, 0x0, 0x5f, 0xf9, 0x0, 0x0, 0x0,
    0x5f, 0xf2, 0x0, 0x0, 0x0, 0xe, 0xf9, 0x0,
    0x0, 0x0, 0x8, 0xf8, 0x0, 0x0, 0x0, 0x1,
    0xff, 0x0, 0x0, 0x0, 0x0, 0x7c, 0x50, 0x0,
    0x0, 0x0, 0x1c, 0xa0, 0x0, 0x0, 0x0, 0x0,
    0x0, 0x0, 0x0, 0x0, 0x0, 0x0, 0x0, 0x0,
    0x0, 0x0, 0x26, 0x20, 0x0, 0x0, 0x0, 0x5,
    0x50, 0x0, 0x0, 0x0, 0xf, 0xfe, 0x0, 0x0,
    0x0, 0x8, 0xff, 0x60, 0x0, 0x0, 0x2, 0xff,
    0xf1, 0x0, 0x0, 0x0, 0xaf, 0xf8, 0x0, 0x0,
    0x0, 0xa, 0xfa, 0x0, 0x0, 0x0, 0x4, 0xee,
    0x30, 0x0, 0x0,

    /* U+2048 "⁈" */
    0x3, 0x9d, 0xff, 0xe9, 0x20, 0x0, 0xef, 0xf1,
    0x8f, 0xff, 0xff, 0xff, 0xf3, 0x0, 0xdf, 0xf0,
    0x2f, 0xa5, 0x23, 0x7f, 0xfc, 0x0, 0xcf, 0xf0,
    0x0, 0x0, 0x0, 0x7, 0xff, 0x0, 0xbf, 0xe0,
    0x0, 0x0, 0x0, 0x5, 0xff, 0x10, 0xaf, 0xd0,
    0x0, 0x0, 0x0, 0x9, 0xfe, 0x0, 0xaf, 0xd0,
    0x0, 0x0, 0x0, 0x6f, 0xf7, 0x0, 0x9f, 0xc0,
    0x0, 0x0, 0x7, 0xff, 0xa0, 0x0, 0x8f, 0xb0,
    0x0, 0x0, 0x9f, 0xf8, 0x0, 0x0, 0x7f, 0xa0,
    0x0, 0x3, 0xff, 0x60, 0x0, 0x0, 0x6f, 0xa0,
    0x0, 0x8, 0xfb, 0x0, 0x0, 0x0, 0x6f, 0x90,
    0x0, 0x9, 0xf7, 0x0, 0x0, 0x0, 0x5f, 0x80,
    0x0, 0x1, 0x31, 0x0, 0x0, 0x0, 0x3, 0x10,
    0x0, 0x2, 0x62, 0x0, 0x0, 0x0, 0x16, 0x20,
    0x0, 0xf, 0xfe, 0x0, 0x0, 0x0, 0xef, 0xf1,
    0x0, 0x2f, 0xff, 0x10, 0x0, 0x0, 0xff, 0xf2,
    0x0, 0xa, 0xfa, 0x0, 0x0, 0x0, 0x9f, 0xb0,

    /* U+2049 "⁉" */
    0x3f, 0xfc, 0x0, 0x5a, 0xdf, 0xfe, 0xb4, 0x0,
    0x2f, 0xfb, 0x5, 0xff, 0xff, 0xef, 0xff, 0x60,
    0x1f, 0xfa, 0x0, 0xb7, 0x20, 0x1, 0xbf, 0xf1,
    0xf, 0xf9, 0x0, 0x0, 0x0, 0x0, 0x2f, 0xf4,
    0xf, 0xf8, 0x0, 0x0, 0x0, 0x0, 0x2f, 0xf4,
    0xf, 0xf7, 0x0, 0x0, 0x0, 0x0, 0x8f, 0xf1,
    0xe, 0xf7, 0x0, 0x0, 0x0, 0x6, 0xff, 0x90,
    0xd, 0xf6, 0x0, 0x0, 0x0, 0x8f, 0xfa, 0x0,
    0xc, 0xf5, 0x0, 0x0, 0x8, 0xff, 0x80, 0x0,
    0xb, 0xf4, 0x0, 0x0, 0x1f, 0xf6, 0x0, 0x0,
    0xb, 0xf3, 0x0, 0x0, 0x5f, 0xc0, 0x0, 0x0,
    0x9, 0xf2, 0x0, 0x0, 0x6f, 0x90, 0x0, 0x0,
    0x0, 0x0, 0x0, 0x0, 0x0, 0x0, 0x0, 0x0,
    0x3, 0x61, 0x0, 0x0, 0x16, 0x30, 0x0, 0x0,
    0x3f, 0xfb, 0x0, 0x0, 0xcf, 0xf2, 0x0, 0x0,
    0x5f, 0xfd, 0x0, 0x0, 0xef, 0xf4, 0x0, 0x0,
    0x1c, 0xf6, 0x0, 0x0, 0x7f, 0xc0, 0x0, 0x0,

    /* U+204A "⁊" */
    0x1f, 0xff, 0xff, 0xff, 0xff, 0xff, 0x71, 0xee,
    0xee, 0xee, 0xee, 0xef, 0xf5, 0x0, 0x0, 0x0,
    0x0, 0x8, 0xfd, 0x0, 0x0, 0x0, 0x0, 0x2,
    0xff, 0x30, 0x0, 0x0, 0x0, 0x0, 0xcf, 0xa0,
    0x0, 0x0, 0x0, 0x0, 0x6f, 0xf1, 0x0, 0x0,
    0x0, 0x0, 0x1e, 0xf7, 0x0, 0x0, 0x0, 0x0,
    0x9, 0xfd, 0x0, 0x0, 0x0, 0x0, 0x3, 0xff,
    0x40, 0x0, 0x0, 0x0, 0x0, 0xdf, 0xb0, 0x0,
    0x0, 0x0, 0x0, 0x7f, 0xf2, 0x0, 0x0, 0x0,
    0x0, 0x1f, 0xf8, 0x0, 0x0, 0x0, 0x0, 0xb,
    0xfe, 0x0, 0x0, 0x0, 0x0,

    /* U+204B "⁋" */
    0xdf, 0xff, 0xff, 0xff, 0xc7, 0x0, 0xd, 0xd9,
    0x9f, 0xff, 0xff, 0xfc, 0x0, 0xda, 0x0, 0xff,
    0xff, 0xff, 0xf7, 0xd, 0xa0, 0xf, 0xff, 0xff,
    0xff, 0xd0, 0xda, 0x0, 0xff, 0xff, 0xff, 0xff,
    0xd, 0xa0, 0xf, 0xff, 0xff, 0xff, 0xf1, 0xda,
    0x0, 0xff, 0xff, 0xff, 0xff, 0x1d, 0xa0, 0xf,
    0xff, 0xff, 0xff, 0xf0, 0xda, 0x0, 0xff, 0xff,
    0xff, 0xfc, 0xd, 0xa0, 0xf, 0xff, 0xff, 0xff,
    0x60, 0xda, 0x0, 0xff, 0xff, 0xff, 0xb0, 0xd,
    0xa0, 0xf, 0xdb, 0xba, 0x50, 0x0, 0xda, 0x0,
    0xf9, 0x0, 0x0, 0x0, 0xd, 0xa0, 0xf, 0x90,
    0x0, 0x0, 0x0, 0xda, 0x0, 0xf9, 0x0, 0x0,
    0x0, 0xd, 0xa0, 0xf, 0x90, 0x0, 0x0, 0x0,
    0xda, 0x0, 0xf9, 0x0, 0x0, 0x0, 0xd, 0xa0,
    0xf, 0x90, 0x0, 0x0, 0x0, 0xda, 0x0, 0xf9,
    0x0, 0x0, 0x0, 0xd, 0xa0, 0xf, 0x90, 0x0,
    0x0, 0x0, 0xda, 0x0, 0xf9, 0x0, 0x0, 0x0,
    0x0, 0x0, 0x1, 0x0, 0x0, 0x0, 0x0,

    /* U+204C "⁌" */
    0x0, 0x3a, 0xef, 0xff, 0xff, 0xff, 0x50, 0x6f,
    0xff, 0xff, 0xfe, 0xcd, 0xf5, 0x1f, 0xff, 0xff,
    0xff, 0x80, 0x3f, 0x56, 0xff, 0xff, 0xff, 0xf8,
    0x3, 0xf5, 0x9f, 0xff, 0xff, 0xff, 0x80, 0x3f,
    0x5a, 0xff, 0xff, 0xff, 0xf8, 0x3, 0xf5, 0xaf,
    0xff, 0xff, 0xff, 0x80, 0x3f, 0x59, 0xff, 0xff,
    0xff, 0xf8, 0x3, 0xf5, 0x6f, 0xff, 0xff, 0xff,
    0x80, 0x3f, 0x50, 0xff, 0xff, 0xff, 0xf8, 0x3,
    0xf5, 0x4, 0xff, 0xff, 0xff, 0xff, 0xff, 0x50,
    0x1, 0x8b, 0xcc, 0xcc, 0xcc, 0xc4,

    /* U+204D "⁍" */
    0xef, 0xff, 0xff, 0xff, 0xc7, 0x0, 0xe, 0xec,
    0xcf, 0xff, 0xff, 0xfc, 0x0, 0xeb, 0x0, 0xff,
    0xff, 0xff, 0xf8, 0xe, 0xb0, 0xf, 0xff, 0xff,
    0xff, 0xd0, 0xeb, 0x0, 0xff, 0xff, 0xff, 0xff,
    0xe, 0xb0, 0xf, 0xff, 0xff, 0xff, 0xf2, 0xeb,
    0x0, 0xff, 0xff, 0xff, 0xff, 0x1e, 0xb0, 0xf,
    0xff, 0xff, 0xff, 0xf0, 0xeb, 0x0, 0xff, 0xff,
    0xff, 0xfd, 0xe, 0xb0, 0xf, 0xff, 0xff, 0xff,
    0x70, 0xef, 0xff, 0xff, 0xff, 0xff, 0xa0, 0xb,
    0xcc, 0xcc, 0xcc, 0xca, 0x40, 0x0,

    /* U+204E "⁎" */
    0x0, 0x0, 0xb, 0xfc, 0x0, 0x0, 0x0, 0x0,
    0x0, 0x9f, 0xa0, 0x0, 0x0, 0x0, 0x0, 0x7,
    0xf8, 0x0, 0x0, 0x0, 0x87, 0x20, 0x5f, 0x70,
    0x26, 0xa0, 0xe, 0xff, 0xec, 0xfc, 0xdf, 0xff,
    0x0, 0xab, 0xce, 0xff, 0xfe, 0xdb, 0xa1, 0x0,
    0x0, 0x4f, 0xff, 0x50, 0x0, 0x0, 0x0, 0x1e,
    0xf5, 0xff, 0x20, 0x0, 0x0, 0xc, 0xfb, 0xa,
    0xfd, 0x0, 0x0, 0x4, 0xff, 0x40, 0x2f, 0xf7,
    0x0, 0x0, 0x2, 0x90, 0x0, 0x73, 0x0, 0x0,

    /* U+204F "⁏" */
    0x6f, 0xd1, 0xc, 0xff, 0x60, 0xaf, 0xf4, 0x0,
    0x64, 0x0, 0x0, 0x0, 0x0, 0x0, 0x0, 0x0,
    0x0, 0x0, 0x0, 0x0, 0x0, 0x0, 0x0, 0x0,
    0x0, 0x7d, 0xd1, 0x5, 0xff, 0x40, 0xf, 0xf8,
    0x0, 0x9f, 0xb0, 0x3, 0xfe, 0x0, 0xc, 0xf2,

    /* U+2050 "⁐" */
    0x0, 0x0, 0x0, 0x0, 0x0, 0x0, 0x0, 0x0,
    0x0, 0x18, 0xdf, 0xff, 0xb5, 0x0, 0x0, 0x0,
    0x4e, 0xe8, 0x54, 0x6a, 0xfb, 0x10, 0x0, 0x3f,
    0x80, 0x0, 0x0, 0x2, 0xdc, 0x0, 0xe, 0x70,
    0x0, 0x0, 0x0, 0x0, 0xd9, 0x2, 0xa0, 0x0,
    0x0, 0x0, 0x0, 0x3, 0x90, 0x0, 0x0, 0x0,
    0x0, 0x0, 0x0, 0x0, 0x0, 0x0, 0x0, 0x0,
    0x0, 0x0, 0x0, 0x0, 0x0, 0x0, 0x0, 0x0,
    0x0, 0x0, 0x0, 0x0, 0x0, 0x0, 0x0, 0x0,
    0x0, 0x0, 0x0, 0x0, 0x0, 0x0, 0x0, 0x0,
    0x0, 0x0, 0x0, 0x0, 0x0, 0x0, 0x0, 0x0,
    0x0, 0x0, 0x0, 0x0, 0x0, 0x0, 0x0, 0x0,
    0x0, 0x0, 0x0, 0x0, 0x0, 0x0, 0x0, 0x0,
    0x0, 0x0, 0x0, 0x0, 0x0, 0x0, 0x0, 0x0,
    0x0, 0x0, 0x0, 0x0, 0x0, 0x0, 0x0, 0x0,
    0x0, 0x0, 0x0, 0x0, 0x0, 0x0, 0x0, 0x0,
    0x0, 0x0, 0x0, 0x0, 0x0, 0x0, 0x0, 0x0,
    0x0, 0x0, 0x0, 0x0, 0x0, 0x0, 0x0, 0x0,
    0x0, 0x0, 0x0, 0x0, 0x0, 0x0, 0x3b, 0x0,
    0x0, 0x0, 0x0, 0x0, 0x3b, 0x0, 0xd8, 0x0,
    0x0, 0x0, 0x0, 0x1d, 0x80, 0x3, 0xf9, 0x0,
    0x0, 0x0, 0x3d, 0xc0, 0x0, 0x3, 0xef, 0x96,
    0x57, 0xcf, 0xb0, 0x0, 0x0, 0x0, 0x7c, 0xff,
    0xea, 0x40, 0x0, 0x0,

    /* U+2051 "⁑" */
    0x0, 0x0, 0xb, 0xfc, 0x0, 0x0, 0x0, 0x0,
    0x0, 0x9f, 0xa0, 0x0, 0x0, 0x0, 0x0, 0x7,
    0xf8, 0x0, 0x0, 0x0, 0x97, 0x20, 0x5f, 0x70,
    0x26, 0xa0, 0xe, 0xff, 0xec, 0xfc, 0xef, 0xff,
    0x0, 0x9b, 0xcd, 0xff, 0xfe, 0xcb, 0xa1, 0x0,
    0x0, 0x4f, 0xff, 0x60, 0x0, 0x0, 0x0, 0x1e,
    0xf5, 0xff, 0x30, 0x0, 0x0, 0xc, 0xfb, 0xa,
    0xfd, 0x0, 0x0, 0x4, 0xff, 0x40, 0x2f, 0xf6,
    0x0, 0x0, 0x2, 0x80, 0x0, 0x73, 0x0, 0x0,
    0x0, 0x0, 0x0, 0x0, 0x0, 0x0, 0x0, 0x0,
    0xb, 0xfc, 0x0, 0x0, 0x0, 0x0, 0x0, 0x9f,
    0xa0, 0x0, 0x0, 0x0, 0x0, 0x7, 0xf8, 0x0,
    0x0, 0x0, 0x87, 0x20, 0x5f, 0x70, 0x26, 0xa0,
    0xe, 0xff, 0xec, 0xfc, 0xdf, 0xff, 0x0, 0xab,
    0xde, 0xff, 0xfe, 0xdc, 0xa1, 0x0, 0x0, 0x4f,
    0xff, 0x50, 0x0, 0x0, 0x0, 0x1e, 0xf5, 0xff,
    0x20, 0x0, 0x0, 0xc, 0xfb, 0xa, 0xfd, 0x0,
    0x0, 0x4, 0xff, 0x40, 0x2f, 0xf7, 0x0, 0x0,
    0x2, 0x90, 0x0, 0x73, 0x0, 0x0,

    /* U+2052 "⁒" */
    0x6f, 0xc0, 0x0, 0x3f, 0xe0, 0xcf, 0xf4, 0x0,
    0x9f, 0x80, 0x8f, 0xe1, 0x1, 0xff, 0x20, 0x2,
    0x0, 0x6, 0xfb, 0x0, 0x0, 0x0, 0xd, 0xf5,
    0x0, 0x0, 0x0, 0x3f, 0xe0, 0x0, 0x0, 0x0,
    0xaf, 0x80, 0x0, 0x0, 0x1, 0xff, 0x10, 0x0,
    0x0, 0x7, 0xfb, 0x0, 0x0, 0x0, 0xd, 0xf4,
    0x0, 0x0, 0x0, 0x3f, 0xe0, 0x0, 0x0, 0x0,
    0xaf, 0x70, 0x0, 0x0, 0x1, 0xff, 0x10, 0x0,
    0x0, 0x7, 0xfb, 0x0, 0x2, 0x0, 0xd, 0xf4,
    0x0, 0xbf, 0xd0, 0x4f, 0xe0, 0x0, 0xff, 0xf1,
    0xaf, 0x70, 0x0, 0x8f, 0xa0,

    /* U+2053 "⁓" */
    0x0, 0x5, 0x8a, 0xa8, 0x62, 0x0, 0x0, 0x0,
    0x0, 0x1, 0xa4, 0x2, 0xdf, 0xff, 0xff, 0xff,
    0xeb, 0x74, 0x0, 0x0, 0x1b, 0xf2, 0xd, 0xe5,
    0x10, 0x14, 0x7b, 0xff, 0xff, 0xfe, 0xdd, 0xff,
    0x70, 0x4f, 0x40, 0x0, 0x0, 0x0, 0x2, 0x6a,
    0xdf, 0xfe, 0xa3, 0x0,

    /* U+2054 "⁔" */
    0x0, 0x0, 0x0, 0x0, 0x0, 0x0, 0x0, 0x0,
    0x0, 0x18, 0xdf, 0xff, 0xb5, 0x0, 0x0, 0x0,
    0x4e, 0xe8, 0x54, 0x6a, 0xfb, 0x10, 0x0, 0x3f,
    0x80, 0x0, 0x0, 0x2, 0xdc, 0x0, 0xe, 0x70,
    0x0, 0x0, 0x0, 0x0, 0xd9, 0x3, 0xa0, 0x0,
    0x0, 0x0, 0x0, 0x3, 0xa0,

    /* U+2055 "⁕" */
    0x0, 0x0, 0x0, 0x0, 0x0, 0x0, 0x0, 0x0,
    0x0, 0xf, 0x90, 0x0, 0x0, 0x0, 0x57, 0x0,
    0xf9, 0x1, 0xa1, 0x0, 0xc, 0xf8, 0xf, 0x91,
    0xdf, 0x50, 0x0, 0xb, 0xf9, 0xfb, 0xdf, 0x60,
    0x0, 0x0, 0xb, 0xff, 0xff, 0x50, 0x0, 0x4f,
    0xff, 0xff, 0xff, 0xff, 0xff, 0xd3, 0xaa, 0xac,
    0xff, 0xff, 0xaa, 0xa8, 0x0, 0x2, 0xef, 0xff,
    0xfa, 0x0, 0x0, 0x2, 0xef, 0x5f, 0xab, 0xf9,
    0x0, 0x0, 0xdf, 0x50, 0xf9, 0xb, 0xf6, 0x0,
    0x3, 0x50, 0xf, 0x90, 0x8, 0x0, 0x0, 0x0,
    0x0, 0xf9, 0x0, 0x0, 0x0,

    /* U+2056 "⁖" */
    0x0, 0x0, 0x0, 0x3, 0xee, 0x30, 0x0, 0x0,
    0x0, 0x8f, 0xf8, 0x0, 0x0, 0x0, 0x4, 0xff,
    0x30, 0x0, 0x0, 0x0, 0x0, 0x0, 0x0, 0x0,
    0x0, 0x0, 0x0, 0x0, 0x0, 0x0, 0x0, 0x0,
    0x0, 0x0, 0x0, 0x0, 0x0, 0x0, 0x5, 0xfe,
    0x20, 0x0, 0x0, 0x0, 0xaf, 0xf6, 0x0, 0x0,
    0x0, 0x5, 0xed, 0x20, 0x0, 0x0, 0x0, 0x0,
    0x0, 0x0, 0x0, 0x0, 0x0, 0x0, 0x0, 0x0,
    0x0, 0x0, 0x0, 0x0, 0x0, 0x0, 0x0, 0x0,
    0x0, 0x0, 0x0, 0x0, 0x0, 0x0, 0x0, 0x0,
    0x4, 0xff, 0x30, 0x0, 0x0, 0x0, 0x8f, 0xf8,
    0x0, 0x0, 0x0, 0x3, 0xee, 0x30,

    /* U+2057 "⁗" */
    0x0, 0x2, 0xff, 0x40, 0xcf, 0x90, 0x7f, 0xe1,
    0x1f, 0xf5, 0x0, 0xa, 0xf9, 0x4, 0xfe, 0x10,
    0xef, 0x50, 0x9f, 0xb0, 0x0, 0x3f, 0xe1, 0xc,
    0xf5, 0x7, 0xfb, 0x1, 0xff, 0x10, 0x0, 0xbf,
    0x50, 0x5f, 0xb0, 0xe, 0xf1, 0x9, 0xf6, 0x0,
    0x3, 0xfa, 0x0, 0xdf, 0x10, 0x7f, 0x60, 0x1f,
    0xc0, 0x0, 0xb, 0xe1, 0x5, 0xf6, 0x0, 0xec,
    0x0, 0x9f, 0x20, 0x0, 0x1, 0x10, 0x1, 0x10,
    0x0, 0x10, 0x0, 0x11, 0x0, 0x0,

    /* U+2058 "⁘" */
    0x0, 0x0, 0x0, 0x4, 0xee, 0x20, 0x0, 0x0,
    0x0, 0x0, 0x0, 0x0, 0x9, 0xff, 0x70, 0x0,
    0x0, 0x0, 0x0, 0x0, 0x0, 0x4, 0xff, 0x30,
    0x0, 0x0, 0x0, 0x0, 0x0, 0x0, 0x0, 0x0,
    0x0, 0x0, 0x0, 0x0, 0x0, 0x0, 0x0, 0x0,
    0x0, 0x0, 0x0, 0x0, 0x0, 0x0, 0x0, 0x0,
    0x0, 0x0, 0x0, 0x0, 0x0, 0x0, 0x0, 0x0,
    0x0, 0x0, 0x0, 0x0, 0x0, 0x0, 0x0, 0x6f,
    0xe2, 0x0, 0x0, 0x0, 0x0, 0x0, 0x1e, 0xf7,
    0xbf, 0xf6, 0x0, 0x0, 0x0, 0x0, 0x0, 0x5f,
    0xfc, 0x5f, 0xd2, 0x0, 0x0, 0x0, 0x0, 0x0,
    0x1d, 0xf6, 0x0, 0x0, 0x0, 0x0, 0x0, 0x0,
    0x0, 0x0, 0x0, 0x0, 0x0, 0x0, 0x0, 0x0,
    0x0, 0x0, 0x0, 0x0, 0x0, 0x0, 0x0, 0x0,
    0x0, 0x0, 0x0, 0x0, 0x0, 0x0, 0x0, 0x0,
    0x0, 0x0, 0x0, 0x0, 0x0, 0x0, 0x0, 0x0,
    0x0, 0x5, 0xff, 0x30, 0x0, 0x0, 0x0, 0x0,
    0x0, 0x0, 0x9, 0xff, 0x70, 0x0, 0x0, 0x0,
    0x0, 0x0, 0x0, 0x4, 0xee, 0x20, 0x0, 0x0,
    0x0,

    /* U+2059 "⁙" */
    0x4e, 0xd2, 0x0, 0x0, 0x0, 0x0, 0x0, 0xc,
    0xf7, 0xaf, 0xf6, 0x0, 0x0, 0x0, 0x0, 0x0,
    0x3f, 0xfd, 0x5f, 0xe2, 0x0, 0x0, 0x0, 0x0,
    0x0, 0xd, 0xf8, 0x0, 0x0, 0x0, 0x0, 0x0,
    0x0, 0x0, 0x0, 0x0, 0x0, 0x0, 0x0, 0x0,
    0x0, 0x0, 0x0, 0x0, 0x0, 0x0, 0x0, 0x0,
    0x0, 0x0, 0x0, 0x0, 0x0, 0x0, 0x0, 0x0,
    0x0, 0x0, 0x0, 0x0, 0x0, 0x0, 0x0, 0x0,
    0x0, 0x0, 0x4, 0xff, 0x40, 0x0, 0x0, 0x0,
    0x0, 0x0, 0x0, 0x8, 0xff, 0x80, 0x0, 0x0,
    0x0, 0x0, 0x0, 0x0, 0x3, 0xee, 0x30, 0x0,
    0x0, 0x0, 0x0, 0x0, 0x0, 0x0, 0x0, 0x0,
    0x0, 0x0, 0x0, 0x0, 0x0, 0x0, 0x0, 0x0,
    0x0, 0x0, 0x0, 0x0, 0x0, 0x0, 0x0, 0x0,
    0x0, 0x0, 0x0, 0x0, 0x0, 0x0, 0x0, 0x0,
    0x0, 0x0, 0x0, 0x0, 0x0, 0x0, 0x5f, 0xe2,
    0x0, 0x0, 0x0, 0x0, 0x0, 0x2e, 0xf6, 0xaf,
    0xf6, 0x0, 0x0, 0x0, 0x0, 0x0, 0x5f, 0xfb,
    0x5e, 0xd2, 0x0, 0x0, 0x0, 0x0, 0x0, 0x1d,
    0xf5,

    /* U+205A "⁚" */
    0x4e, 0xd2, 0xaf, 0xf6, 0x7f, 0xf3, 0x2, 0x10,
    0x0, 0x0, 0x0, 0x0, 0x0, 0x0, 0x0, 0x0,
    0x0, 0x0, 0x0, 0x0, 0x0, 0x0, 0x0, 0x0,
    0x0, 0x0, 0x2, 0x10, 0x7f, 0xf3, 0xaf, 0xf6,
    0x4e, 0xd2,

    /* U+205B "⁛" */
    0x0, 0x0, 0x4, 0xed, 0x20, 0x0, 0x0, 0x0,
    0x0, 0x9, 0xff, 0x70, 0x0, 0x0, 0x0, 0x0,
    0x6, 0xff, 0x30, 0x0, 0x0, 0x0, 0x0, 0x0,
    0x21, 0x0, 0x0, 0x0, 0x0, 0x0, 0x0, 0x0,
    0x0, 0x0, 0x0, 0x0, 0x0, 0x0, 0x0, 0x0,
    0x0, 0x0, 0x0, 0x0, 0x0, 0x0, 0x0, 0x0,
    0x0, 0x4e, 0xd2, 0x0, 0x0, 0x0, 0x2d, 0xe4,
    0xaf, 0xf6, 0x0, 0x0, 0x0, 0x7f, 0xf9, 0x7f,
    0xf3, 0x0, 0x0, 0x0, 0x3f, 0xf6, 0x2, 0x10,
    0x0, 0x0, 0x0, 0x1, 0x20, 0x0, 0x0, 0x0,
    0x0, 0x0, 0x0, 0x0, 0x0, 0x0, 0x0, 0x0,
    0x0, 0x0, 0x0, 0x0, 0x0, 0x0, 0x0, 0x0,
    0x0, 0x0, 0x0, 0x0, 0x0, 0x21, 0x0, 0x0,
    0x0, 0x0, 0x0, 0x6, 0xff, 0x30, 0x0, 0x0,
    0x0, 0x0, 0x9, 0xff, 0x70, 0x0, 0x0, 0x0,
    0x0, 0x4, 0xed, 0x20, 0x0, 0x0,

    /* U+205C "⁜" */
    0x0, 0x0, 0x0, 0x0, 0x4f, 0xc0, 0x0, 0x0,
    0x0, 0x0, 0x0, 0x12, 0x0, 0x4, 0xfc, 0x0,
    0x1, 0x20, 0x0, 0x0, 0x2f, 0xf8, 0x0, 0x4f,
    0xc0, 0x1, 0xff, 0x90, 0x0, 0x5, 0xff, 0xc0,
    0x4, 0xfc, 0x0, 0x4f, 0xfc, 0x0, 0x0, 0x1c,
    0xf6, 0x0, 0x4f, 0xc0, 0x0, 0xcf, 0x60, 0x0,
    0x0, 0x0, 0x0, 0x4, 0xfc, 0x0, 0x0, 0x0,
    0x0, 0x0, 0x0, 0x0, 0x0, 0x4f, 0xc0, 0x0,
    0x0, 0x0, 0x0, 0x0, 0x0, 0x0, 0x4, 0xfc,
    0x0, 0x0, 0x0, 0x0, 0x1f, 0xff, 0xff, 0xff,
    0xff, 0xff, 0xff, 0xff, 0xff, 0x91, 0xff, 0xff,
    0xff, 0xff, 0xff, 0xff, 0xff, 0xff, 0xf9, 0x0,
    0x0, 0x0, 0x0, 0x4f, 0xc0, 0x0, 0x0, 0x0,
    0x0, 0x0, 0x0, 0x0, 0x4, 0xfc, 0x0, 0x0,
    0x0, 0x0, 0x0, 0x0, 0x0, 0x0, 0x4f, 0xc0,
    0x0, 0x0, 0x0, 0x0, 0x1, 0xcf, 0x60, 0x4,
    0xfc, 0x0, 0x2d, 0xe4, 0x0, 0x0, 0x5f, 0xfc,
    0x0, 0x4f, 0xc0, 0x6, 0xff, 0xa0, 0x0, 0x2,
    0xff, 0x80, 0x4, 0xfc, 0x0, 0x3f, 0xf6, 0x0,
    0x0, 0x1, 0x20, 0x0, 0x4f, 0xc0, 0x0, 0x12,
    0x0, 0x0, 0x0, 0x0, 0x0, 0x4, 0xfc, 0x0,
    0x0, 0x0, 0x0, 0x0, 0x0, 0x0, 0x0, 0x1,
    0x0, 0x0, 0x0, 0x0, 0x0,

    /* U+205D "⁝" */
    0x1c, 0xf7, 0x5f, 0xfe, 0x3f, 0xfb, 0x3, 0x50,
    0x0, 0x0, 0x0, 0x0, 0x3, 0x51, 0x3f, 0xfc,
    0x5f, 0xfe, 0x1c, 0xf7, 0x0, 0x0, 0x0, 0x0,
    0x0, 0x0, 0x3, 0x61, 0x3f, 0xfc, 0x5f, 0xfe,
    0x1c, 0xf7,

    /* U+205E "⁞" */
    0x1c, 0xf7, 0x5f, 0xfe, 0x2f, 0xfb, 0x2, 0x50,
    0x1c, 0xf7, 0x5f, 0xfe, 0x2f, 0xfb, 0x2, 0x50,
    0x0, 0x0, 0x1c, 0xf7, 0x5f, 0xfe, 0x2f, 0xfb,
    0x2, 0x50, 0x2, 0x40, 0x2f, 0xfb, 0x5f, 0xfe,
    0x1c, 0xf7,

    /* U+205F " " */

    /* U+2060 "⁠" */

    /* U+2061 "⁡" */

    /* U+2062 "⁢" */

    /* U+2063 "⁣" */

    /* U+2064 "⁤" */

    /* U+2066 "⁦" */

    /* U+2067 "⁧" */

    /* U+2068 "⁨" */

    /* U+2069 "⁩" */

    /* U+206A "⁪" */
    0xbe, 0xee, 0xeb, 0x0, 0x88, 0x0, 0x0, 0x88,
    0x0, 0x0, 0x88, 0x0, 0xbe, 0xff, 0xeb, 0x0,
    0x88, 0x0, 0x0, 0x88, 0x0, 0x0, 0x88, 0x0,
    0x0, 0x88, 0x0, 0x0, 0x88, 0x0, 0x0, 0x88,
    0x0, 0x0, 0x88, 0x0, 0x0, 0x88, 0x0, 0x0,
    0x88, 0x0, 0x0, 0x88, 0x0, 0x0, 0x88, 0x0,
    0x0, 0x88, 0x0, 0x0, 0x88, 0x0, 0x0, 0x88,
    0x0, 0x0, 0x33, 0x0,

    /* U+206B "⁫" */
    0xbe, 0xee, 0xeb, 0xc2, 0x0, 0x2c, 0xc2, 0x0,
    0x2c, 0xc2, 0x0, 0x2c, 0xbe, 0xee, 0xeb, 0x0,
    0x88, 0x0, 0x0, 0x88, 0x0, 0x0, 0x88, 0x0,
    0x0, 0x88, 0x0, 0x0, 0x88, 0x0, 0x0, 0x88,
    0x0, 0x0, 0x88, 0x0, 0x0, 0x88, 0x0, 0x0,
    0x88, 0x0, 0x0, 0x88, 0x0, 0x0, 0x88, 0x0,
    0x0, 0x88, 0x0, 0x0, 0x88, 0x0, 0x0, 0x88,
    0x0, 0x0, 0x33, 0x0,

    /* U+206C "⁬" */
    0x57, 0x77, 0x75, 0x4f, 0xff, 0xf4, 0xb, 0xff,
    0xb0, 0x3, 0xff, 0x30, 0x0, 0xaa, 0x0, 0x0,
    0x88, 0x0, 0x0, 0x88, 0x0, 0x0, 0x88, 0x0,
    0x0, 0x88, 0x0, 0x0, 0x88, 0x0, 0x0, 0x88,
    0x0, 0x0, 0x88, 0x0, 0x0, 0x88, 0x0, 0x0,
    0x88, 0x0, 0x0, 0x88, 0x0, 0x0, 0x88, 0x0,
    0x0, 0x88, 0x0, 0x0, 0x88, 0x0, 0x0, 0x88,
    0x0, 0x0, 0x88, 0x0,

    /* U+206D "⁭" */
    0x0, 0x11, 0x0, 0x0, 0x99, 0x0, 0x2, 0xff,
    0x20, 0xb, 0xff, 0xb0, 0x4f, 0xff, 0xf4, 0x58,
    0xcc, 0x85, 0x0, 0x88, 0x0, 0x0, 0x88, 0x0,
    0x0, 0x88, 0x0, 0x0, 0x88, 0x0, 0x0, 0x88,
    0x0, 0x0, 0x88, 0x0, 0x0, 0x88, 0x0, 0x0,
    0x88, 0x0, 0x0, 0x88, 0x0, 0x0, 0x88, 0x0,
    0x0, 0x88, 0x0, 0x0, 0x88, 0x0, 0x0, 0x88,
    0x0, 0x0, 0x88, 0x0,

    /* U+206E "⁮" */
    0x0, 0x22, 0x0, 0x3, 0xdd, 0x30, 0x4d, 0x33,
    0xd4, 0x5d, 0x22, 0xd5, 0x4, 0xee, 0x40, 0x0,
    0x88, 0x0, 0x0, 0x88, 0x0, 0x0, 0x88, 0x0,
    0x0, 0x88, 0x0, 0x0, 0x88, 0x0, 0x0, 0x88,
    0x0, 0x0, 0x88, 0x0, 0x0, 0x88, 0x0, 0x0,
    0x88, 0x0, 0x0, 0x88, 0x0, 0x0, 0x88, 0x0,
    0x0, 0x88, 0x0, 0x0, 0x88, 0x0, 0x0, 0x88,
    0x0, 0x0, 0x88, 0x0,

    /* U+206F "⁯" */
    0xbe, 0xe7, 0x0, 0x0, 0x88, 0x0, 0x0, 0x88,
    0x0, 0x0, 0x88, 0x0, 0xbe, 0xff, 0xeb, 0x0,
    0x88, 0x0, 0x0, 0x88, 0x0, 0x0, 0x88, 0x0,
    0x0, 0x88, 0x0, 0x0, 0x88, 0x0, 0x0, 0x88,
    0x0, 0x0, 0x88, 0x0, 0x0, 0x88, 0x0, 0x0,
    0x88, 0x0, 0x0, 0x88, 0x0, 0x0, 0x88, 0x0,
    0x0, 0x88, 0x0, 0x0, 0x88, 0x0, 0x0, 0x88,
    0x0, 0x0, 0x33, 0x0
};


/*---------------------
 *  GLYPH DESCRIPTION
 *--------------------*/

static const lv_font_fmt_txt_glyph_dsc_t glyph_dsc[] = {
    {.bitmap_index = 0, .adv_w = 0, .box_w = 0, .box_h = 0, .ofs_x = 0, .ofs_y = 0} /* id = 0 reserved */,
    {.bitmap_index = 0, .adv_w = 100, .box_w = 0, .box_h = 0, .ofs_x = 0, .ofs_y = 0},
    {.bitmap_index = 0, .adv_w = 105, .box_w = 4, .box_h = 17, .ofs_x = 1, .ofs_y = 0},
    {.bitmap_index = 34, .adv_w = 165, .box_w = 8, .box_h = 7, .ofs_x = 1, .ofs_y = 10},
    {.bitmap_index = 62, .adv_w = 248, .box_w = 15, .box_h = 17, .ofs_x = 0, .ofs_y = 0},
    {.bitmap_index = 190, .adv_w = 220, .box_w = 12, .box_h = 20, .ofs_x = 1, .ofs_y = -2},
    {.bitmap_index = 310, .adv_w = 327, .box_w = 19, .box_h = 17, .ofs_x = 1, .ofs_y = 0},
    {.bitmap_index = 472, .adv_w = 283, .box_w = 17, .box_h = 17, .ofs_x = 1, .ofs_y = 0},
    {.bitmap_index = 617, .adv_w = 91, .box_w = 4, .box_h = 7, .ofs_x = 1, .ofs_y = 10},
    {.bitmap_index = 631, .adv_w = 120, .box_w = 7, .box_h = 21, .ofs_x = 0, .ofs_y = -4},
    {.bitmap_index = 705, .adv_w = 120, .box_w = 7, .box_h = 21, .ofs_x = 0, .ofs_y = -4},
    {.bitmap_index = 779, .adv_w = 210, .box_w = 13, .box_h = 11, .ofs_x = 0, .ofs_y = 7},
    {.bitmap_index = 851, .adv_w = 220, .box_w = 12, .box_h = 12, .ofs_x = 1, .ofs_y = 3},
    {.bitmap_index = 923, .adv_w = 105, .box_w = 5, .box_h = 6, .ofs_x = 0, .ofs_y = -3},
    {.bitmap_index = 938, .adv_w = 123, .box_w = 7, .box_h = 3, .ofs_x = 0, .ofs_y = 5},
    {.bitmap_index = 949, .adv_w = 104, .box_w = 4, .box_h = 4, .ofs_x = 1, .ofs_y = 0},
    {.bitmap_index = 957, .adv_w = 148, .box_w = 10, .box_h = 17, .ofs_x = 0, .ofs_y = 0},
    {.bitmap_index = 1042, .adv_w = 220, .box_w = 12, .box_h = 17, .ofs_x = 1, .ofs_y = 0},
    {.bitmap_index = 1144, .adv_w = 220, .box_w = 8, .box_h = 17, .ofs_x = 1, .ofs_y = 0},
    {.bitmap_index = 1212, .adv_w = 220, .box_w = 12, .box_h = 17, .ofs_x = 1, .ofs_y = 0},
    {.bitmap_index = 1314, .adv_w = 220, .box_w = 12, .box_h = 17, .ofs_x = 1, .ofs_y = 0},
    {.bitmap_index = 1416, .adv_w = 220, .box_w = 14, .box_h = 17, .ofs_x = 0, .ofs_y = 0},
    {.bitmap_index = 1535, .adv_w = 220, .box_w = 12, .box_h = 17, .ofs_x = 1, .ofs_y = 0},
    {.bitmap_index = 1637, .adv_w = 220, .box_w = 12, .box_h = 17, .ofs_x = 1, .ofs_y = 0},
    {.bitmap_index = 1739, .adv_w = 220, .box_w = 13, .box_h = 17, .ofs_x = 0, .ofs_y = 0},
    {.bitmap_index = 1850, .adv_w = 220, .box_w = 12, .box_h = 17, .ofs_x = 1, .ofs_y = 0},
    {.bitmap_index = 1952, .adv_w = 220, .box_w = 12, .box_h = 17, .ofs_x = 1, .ofs_y = 0},
    {.bitmap_index = 2054, .adv_w = 104, .box_w = 4, .box_h = 13, .ofs_x = 1, .ofs_y = 0},
    {.bitmap_index = 2080, .adv_w = 105, .box_w = 5, .box_h = 16, .ofs_x = 0, .ofs_y = -3},
    {.bitmap_index = 2120, .adv_w = 220, .box_w = 12, .box_h = 13, .ofs_x = 1, .ofs_y = 2},
    {.bitmap_index = 2198, .adv_w = 220, .box_w = 12, .box_h = 7, .ofs_x = 1, .ofs_y = 5},
    {.bitmap_index = 2240, .adv_w = 220, .box_w = 12, .box_h = 13, .ofs_x = 1, .ofs_y = 2},
    {.bitmap_index = 2318, .adv_w = 172, .box_w = 11, .box_h = 17, .ofs_x = 0, .ofs_y = 0},
    {.bitmap_index = 2412, .adv_w = 345, .box_w = 20, .box_h = 19, .ofs_x = 1, .ofs_y = -2},
    {.bitmap_index = 2602, .adv_w = 252, .box_w = 16, .box_h = 17, .ofs_x = 0, .ofs_y = 0},
    {.bitmap_index = 2738, .adv_w = 251, .box_w = 13, .box_h = 17, .ofs_x = 2, .ofs_y = 0},
    {.bitmap_index = 2849, .adv_w = 244, .box_w = 14, .box_h = 17, .ofs_x = 1, .ofs_y = 0},
    {.bitmap_index = 2968, .adv_w = 281, .box_w = 15, .box_h = 17, .ofs_x = 2, .ofs_y = 0},
    {.bitmap_index = 3096, .adv_w = 214, .box_w = 10, .box_h = 17, .ofs_x = 2, .ofs_y = 0},
    {.bitmap_index = 3181, .adv_w = 203, .box_w = 10, .box_h = 17, .ofs_x = 2, .ofs_y = 0},
    {.bitmap_index = 3266, .adv_w = 279, .box_w = 15, .box_h = 17, .ofs_x = 1, .ofs_y = 0},
    {.bitmap_index = 3394, .adv_w = 287, .box_w = 14, .box_h = 17, .ofs_x = 2, .ofs_y = 0},
    {.bitmap_index = 3513, .adv_w = 136, .box_w = 8, .box_h = 17, .ofs_x = 0, .ofs_y = 0},
    {.bitmap_index = 3581, .adv_w = 111, .box_w = 7, .box_h = 22, .ofs_x = -2, .ofs_y = -5},
    {.bitmap_index = 3658, .adv_w = 243, .box_w = 14, .box_h = 17, .ofs_x = 2, .ofs_y = 0},
    {.bitmap_index = 3777, .adv_w = 205, .box_w = 11, .box_h = 17, .ofs_x = 2, .ofs_y = 0},
    {.bitmap_index = 3871, .adv_w = 353, .box_w = 18, .box_h = 17, .ofs_x = 2, .ofs_y = 0},
    {.bitmap_index = 4024, .adv_w = 298, .box_w = 15, .box_h = 17, .ofs_x = 2, .ofs_y = 0},
    {.bitmap_index = 4152, .adv_w = 301, .box_w = 17, .box_h = 17, .ofs_x = 1, .ofs_y = 0},
    {.bitmap_index = 4297, .adv_w = 234, .box_w = 12, .box_h = 17, .ofs_x = 2, .ofs_y = 0},
    {.bitmap_index = 4399, .adv_w = 301, .box_w = 17, .box_h = 21, .ofs_x = 1, .ofs_y = -4},
    {.bitmap_index = 4578, .adv_w = 243, .box_w = 13, .box_h = 17, .ofs_x = 2, .ofs_y = 0},
    {.bitmap_index = 4689, .adv_w = 211, .box_w = 12, .box_h = 17, .ofs_x = 1, .ofs_y = 0},
    {.bitmap_index = 4791, .adv_w = 216, .box_w = 14, .box_h = 17, .ofs_x = 0, .ofs_y = 0},
    {.bitmap_index = 4910, .adv_w = 283, .box_w = 14, .box_h = 17, .ofs_x = 2, .ofs_y = 0},
    {.bitmap_index = 5029, .adv_w = 236, .box_w = 15, .box_h = 17, .ofs_x = 0, .ofs_y = 0},
    {.bitmap_index = 5157, .adv_w = 361, .box_w = 23, .box_h = 17, .ofs_x = 0, .ofs_y = 0},
    {.bitmap_index = 5353, .adv_w = 235, .box_w = 15, .box_h = 17, .ofs_x = 0, .ofs_y = 0},
    {.bitmap_index = 5481, .adv_w = 224, .box_w = 15, .box_h = 17, .ofs_x = 0, .ofs_y = 0},
    {.bitmap_index = 5609, .adv_w = 220, .box_w = 13, .box_h = 17, .ofs_x = 0, .ofs_y = 0},
    {.bitmap_index = 5720, .adv_w = 127, .box_w = 7, .box_h = 21, .ofs_x = 1, .ofs_y = -4},
    {.bitmap_index = 5794, .adv_w = 148, .box_w = 10, .box_h = 17, .ofs_x = 0, .ofs_y = 0},
    {.bitmap_index = 5879, .adv_w = 127, .box_w = 7, .box_h = 21, .ofs_x = 0, .ofs_y = -4},
    {.bitmap_index = 5953, .adv_w = 220, .box_w = 13, .box_h = 11, .ofs_x = 0, .ofs_y = 6},
    {.bitmap_index = 6025, .adv_w = 167, .box_w = 12, .box_h = 2, .ofs_x = -1, .ofs_y = -4},
    {.bitmap_index = 6037, .adv_w = 118, .box_w = 7, .box_h = 4, .ofs_x = 0, .ofs_y = 14},
    {.bitmap_index = 6051, .adv_w = 220, .box_w = 11, .box_h = 13, .ofs_x = 1, .ofs_y = 0},
    {.bitmap_index = 6123, .adv_w = 238, .box_w = 13, .box_h = 18, .ofs_x = 1, .ofs_y = 0},
    {.bitmap_index = 6240, .adv_w = 189, .box_w = 11, .box_h = 13, .ofs_x = 1, .ofs_y = 0},
    {.bitmap_index = 6312, .adv_w = 238, .box_w = 12, .box_h = 18, .ofs_x = 1, .ofs_y = 0},
    {.bitmap_index = 6420, .adv_w = 220, .box_w = 12, .box_h = 13, .ofs_x = 1, .ofs_y = 0},
    {.bitmap_index = 6498, .adv_w = 137, .box_w = 10, .box_h = 18, .ofs_x = 0, .ofs_y = 0},
    {.bitmap_index = 6588, .adv_w = 238, .box_w = 12, .box_h = 19, .ofs_x = 1, .ofs_y = -6},
    {.bitmap_index = 6702, .adv_w = 241, .box_w = 13, .box_h = 18, .ofs_x = 1, .ofs_y = 0},
    {.bitmap_index = 6819, .adv_w = 104, .box_w = 4, .box_h = 18, .ofs_x = 1, .ofs_y = 0},
    {.bitmap_index = 6855, .adv_w = 104, .box_w = 7, .box_h = 24, .ofs_x = -2, .ofs_y = -6},
    {.bitmap_index = 6939, .adv_w = 215, .box_w = 13, .box_h = 18, .ofs_x = 1, .ofs_y = 0},
    {.bitmap_index = 7056, .adv_w = 104, .box_w = 4, .box_h = 18, .ofs_x = 1, .ofs_y = 0},
    {.bitmap_index = 7092, .adv_w = 364, .box_w = 20, .box_h = 13, .ofs_x = 1, .ofs_y = 0},
    {.bitmap_index = 7222, .adv_w = 241, .box_w = 13, .box_h = 13, .ofs_x = 1, .ofs_y = 0},
    {.bitmap_index = 7307, .adv_w = 235, .box_w = 13, .box_h = 13, .ofs_x = 1, .ofs_y = 0},
    {.bitmap_index = 7392, .adv_w = 238, .box_w = 13, .box_h = 19, .ofs_x = 1, .ofs_y = -6},
    {.bitmap_index = 7516, .adv_w = 238, .box_w = 12, .box_h = 19, .ofs_x = 1, .ofs_y = -6},
    {.bitmap_index = 7630, .adv_w = 162, .box_w = 9, .box_h = 13, .ofs_x = 1, .ofs_y = 0},
    {.bitmap_index = 7689, .adv_w = 187, .box_w = 10, .box_h = 13, .ofs_x = 1, .ofs_y = 0},
    {.bitmap_index = 7754, .adv_w = 147, .box_w = 9, .box_h = 16, .ofs_x = 0, .ofs_y = 0},
    {.bitmap_index = 7826, .adv_w = 241, .box_w = 13, .box_h = 13, .ofs_x = 1, .ofs_y = 0},
    {.bitmap_index = 7911, .adv_w = 202, .box_w = 13, .box_h = 13, .ofs_x = 0, .ofs_y = 0},
    {.bitmap_index = 7996, .adv_w = 310, .box_w = 20, .box_h = 13, .ofs_x = 0, .ofs_y = 0},
    {.bitmap_index = 8126, .adv_w = 209, .box_w = 13, .box_h = 13, .ofs_x = 0, .ofs_y = 0},
    {.bitmap_index = 8211, .adv_w = 203, .box_w = 13, .box_h = 19, .ofs_x = 0, .ofs_y = -6},
    {.bitmap_index = 8335, .adv_w = 183, .box_w = 11, .box_h = 13, .ofs_x = 0, .ofs_y = 0},
    {.bitmap_index = 8407, .adv_w = 147, .box_w = 9, .box_h = 21, .ofs_x = 0, .ofs_y = -4},
    {.bitmap_index = 8502, .adv_w = 212, .box_w = 3, .box_h = 24, .ofs_x = 5, .ofs_y = -6},
    {.bitmap_index = 8538, .adv_w = 147, .box_w = 9, .box_h = 21, .ofs_x = 0, .ofs_y = -4},
    {.bitmap_index = 8633, .adv_w = 220, .box_w = 12, .box_h = 3, .ofs_x = 1, .ofs_y = 7},
    {.bitmap_index = 8651, .adv_w = 100, .box_w = 0, .box_h = 0, .ofs_x = 0, .ofs_y = 0},
    {.bitmap_index = 8651, .adv_w = 105, .box_w = 4, .box_h = 17, .ofs_x = 1, .ofs_y = -4},
    {.bitmap_index = 8685, .adv_w = 220, .box_w = 10, .box_h = 17, .ofs_x = 2, .ofs_y = 0},
    {.bitmap_index = 8770, .adv_w = 220, .box_w = 13, .box_h = 17, .ofs_x = 0, .ofs_y = 0},
    {.bitmap_index = 8881, .adv_w = 219, .box_w = 12, .box_h = 11, .ofs_x = 1, .ofs_y = 3},
    {.bitmap_index = 8947, .adv_w = 220, .box_w = 14, .box_h = 17, .ofs_x = 0, .ofs_y = 0},
    {.bitmap_index = 9066, .adv_w = 212, .box_w = 3, .box_h = 24, .ofs_x = 5, .ofs_y = -6},
    {.bitmap_index = 9102, .adv_w = 194, .box_w = 10, .box_h = 18, .ofs_x = 1, .ofs_y = 0},
    {.bitmap_index = 9192, .adv_w = 224, .box_w = 8, .box_h = 3, .ofs_x = 3, .ofs_y = 15},
    {.bitmap_index = 9204, .adv_w = 319, .box_w = 18, .box_h = 19, .ofs_x = 1, .ofs_y = -1},
    {.bitmap_index = 9375, .adv_w = 140, .box_w = 8, .box_h = 9, .ofs_x = 0, .ofs_y = 8},
    {.bitmap_index = 9411, .adv_w = 207, .box_w = 13, .box_h = 11, .ofs_x = 0, .ofs_y = 1},
    {.bitmap_index = 9483, .adv_w = 220, .box_w = 12, .box_h = 7, .ofs_x = 1, .ofs_y = 2},
    {.bitmap_index = 9525, .adv_w = 123, .box_w = 7, .box_h = 3, .ofs_x = 0, .ofs_y = 5},
    {.bitmap_index = 9536, .adv_w = 319, .box_w = 18, .box_h = 19, .ofs_x = 1, .ofs_y = -1},
    {.bitmap_index = 9707, .adv_w = 192, .box_w = 14, .box_h = 2, .ofs_x = -1, .ofs_y = 18},
    {.bitmap_index = 9721, .adv_w = 164, .box_w = 9, .box_h = 8, .ofs_x = 1, .ofs_y = 10},
    {.bitmap_index = 9757, .adv_w = 220, .box_w = 12, .box_h = 15, .ofs_x = 1, .ofs_y = 0},
    {.bitmap_index = 9847, .adv_w = 138, .box_w = 8, .box_h = 11, .ofs_x = 0, .ofs_y = 10},
    {.bitmap_index = 9891, .adv_w = 138, .box_w = 8, .box_h = 11, .ofs_x = 0, .ofs_y = 10},
    {.bitmap_index = 9935, .adv_w = 118, .box_w = 7, .box_h = 4, .ofs_x = 0, .ofs_y = 14},
    {.bitmap_index = 9949, .adv_w = 243, .box_w = 13, .box_h = 19, .ofs_x = 1, .ofs_y = -6},
    {.bitmap_index = 10073, .adv_w = 251, .box_w = 13, .box_h = 22, .ofs_x = 1, .ofs_y = -4},
    {.bitmap_index = 10216, .adv_w = 104, .box_w = 4, .box_h = 4, .ofs_x = 1, .ofs_y = 7},
    {.bitmap_index = 10224, .adv_w = 91, .box_w = 6, .box_h = 6, .ofs_x = 0, .ofs_y = -6},
    {.bitmap_index = 10242, .adv_w = 138, .box_w = 7, .box_h = 11, .ofs_x = 0, .ofs_y = 10},
    {.bitmap_index = 10281, .adv_w = 146, .box_w = 9, .box_h = 9, .ofs_x = 0, .ofs_y = 8},
    {.bitmap_index = 10322, .adv_w = 207, .box_w = 13, .box_h = 11, .ofs_x = 0, .ofs_y = 1},
    {.bitmap_index = 10394, .adv_w = 296, .box_w = 19, .box_h = 17, .ofs_x = 0, .ofs_y = 0},
    {.bitmap_index = 10556, .adv_w = 308, .box_w = 19, .box_h = 17, .ofs_x = 0, .ofs_y = 0},
    {.bitmap_index = 10718, .adv_w = 307, .box_w = 19, .box_h = 17, .ofs_x = 0, .ofs_y = 0},
    {.bitmap_index = 10880, .adv_w = 172, .box_w = 11, .box_h = 18, .ofs_x = 0, .ofs_y = -5},
    {.bitmap_index = 10979, .adv_w = 252, .box_w = 16, .box_h = 23, .ofs_x = 0, .ofs_y = 0},
    {.bitmap_index = 11163, .adv_w = 252, .box_w = 16, .box_h = 23, .ofs_x = 0, .ofs_y = 0},
    {.bitmap_index = 11347, .adv_w = 252, .box_w = 16, .box_h = 23, .ofs_x = 0, .ofs_y = 0},
    {.bitmap_index = 11531, .adv_w = 252, .box_w = 16, .box_h = 22, .ofs_x = 0, .ofs_y = 0},
    {.bitmap_index = 11707, .adv_w = 252, .box_w = 16, .box_h = 22, .ofs_x = 0, .ofs_y = 0},
    {.bitmap_index = 11883, .adv_w = 252, .box_w = 16, .box_h = 22, .ofs_x = 0, .ofs_y = 0},
    {.bitmap_index = 12059, .adv_w = 346, .box_w = 22, .box_h = 17, .ofs_x = -1, .ofs_y = 0},
    {.bitmap_index = 12246, .adv_w = 244, .box_w = 14, .box_h = 23, .ofs_x = 1, .ofs_y = -6},
    {.bitmap_index = 12407, .adv_w = 214, .box_w = 10, .box_h = 23, .ofs_x = 2, .ofs_y = 0},
    {.bitmap_index = 12522, .adv_w = 214, .box_w = 10, .box_h = 23, .ofs_x = 2, .ofs_y = 0},
    {.bitmap_index = 12637, .adv_w = 214, .box_w = 10, .box_h = 23, .ofs_x = 2, .ofs_y = 0},
    {.bitmap_index = 12752, .adv_w = 214, .box_w = 10, .box_h = 22, .ofs_x = 2, .ofs_y = 0},
    {.bitmap_index = 12862, .adv_w = 136, .box_w = 8, .box_h = 23, .ofs_x = 0, .ofs_y = 0},
    {.bitmap_index = 12954, .adv_w = 136, .box_w = 9, .box_h = 23, .ofs_x = 0, .ofs_y = 0},
    {.bitmap_index = 13058, .adv_w = 136, .box_w = 10, .box_h = 23, .ofs_x = -1, .ofs_y = 0},
    {.bitmap_index = 13173, .adv_w = 136, .box_w = 8, .box_h = 22, .ofs_x = 0, .ofs_y = 0},
    {.bitmap_index = 13261, .adv_w = 281, .box_w = 17, .box_h = 17, .ofs_x = 0, .ofs_y = 0},
    {.bitmap_index = 13406, .adv_w = 297, .box_w = 15, .box_h = 22, .ofs_x = 2, .ofs_y = 0},
    {.bitmap_index = 13571, .adv_w = 301, .box_w = 17, .box_h = 23, .ofs_x = 1, .ofs_y = 0},
    {.bitmap_index = 13767, .adv_w = 301, .box_w = 17, .box_h = 23, .ofs_x = 1, .ofs_y = 0},
    {.bitmap_index = 13963, .adv_w = 301, .box_w = 17, .box_h = 23, .ofs_x = 1, .ofs_y = 0},
    {.bitmap_index = 14159, .adv_w = 301, .box_w = 17, .box_h = 22, .ofs_x = 1, .ofs_y = 0},
    {.bitmap_index = 14346, .adv_w = 301, .box_w = 17, .box_h = 22, .ofs_x = 1, .ofs_y = 0},
    {.bitmap_index = 14533, .adv_w = 220, .box_w = 12, .box_h = 11, .ofs_x = 1, .ofs_y = 3},
    {.bitmap_index = 14599, .adv_w = 301, .box_w = 17, .box_h = 19, .ofs_x = 1, .ofs_y = -1},
    {.bitmap_index = 14761, .adv_w = 283, .box_w = 14, .box_h = 23, .ofs_x = 2, .ofs_y = 0},
    {.bitmap_index = 14922, .adv_w = 283, .box_w = 14, .box_h = 23, .ofs_x = 2, .ofs_y = 0},
    {.bitmap_index = 15083, .adv_w = 283, .box_w = 14, .box_h = 23, .ofs_x = 2, .ofs_y = 0},
    {.bitmap_index = 15244, .adv_w = 283, .box_w = 14, .box_h = 22, .ofs_x = 2, .ofs_y = 0},
    {.bitmap_index = 15398, .adv_w = 224, .box_w = 15, .box_h = 23, .ofs_x = 0, .ofs_y = 0},
    {.bitmap_index = 15571, .adv_w = 235, .box_w = 12, .box_h = 17, .ofs_x = 2, .ofs_y = 0},
    {.bitmap_index = 15673, .adv_w = 250, .box_w = 14, .box_h = 18, .ofs_x = 1, .ofs_y = 0},
    {.bitmap_index = 15799, .adv_w = 220, .box_w = 11, .box_h = 18, .ofs_x = 1, .ofs_y = 0},
    {.bitmap_index = 15898, .adv_w = 220, .box_w = 11, .box_h = 18, .ofs_x = 1, .ofs_y = 0},
    {.bitmap_index = 15997, .adv_w = 220, .box_w = 11, .box_h = 18, .ofs_x = 1, .ofs_y = 0},
    {.bitmap_index = 16096, .adv_w = 220, .box_w = 11, .box_h = 18, .ofs_x = 1, .ofs_y = 0},
    {.bitmap_index = 16195, .adv_w = 220, .box_w = 11, .box_h = 17, .ofs_x = 1, .ofs_y = 0},
    {.bitmap_index = 16289, .adv_w = 220, .box_w = 11, .box_h = 20, .ofs_x = 1, .ofs_y = 0},
    {.bitmap_index = 16399, .adv_w = 338, .box_w = 19, .box_h = 13, .ofs_x = 1, .ofs_y = 0},
    {.bitmap_index = 16523, .adv_w = 189, .box_w = 11, .box_h = 19, .ofs_x = 1, .ofs_y = -6},
    {.bitmap_index = 16628, .adv_w = 220, .box_w = 12, .box_h = 18, .ofs_x = 1, .ofs_y = 0},
    {.bitmap_index = 16736, .adv_w = 220, .box_w = 12, .box_h = 18, .ofs_x = 1, .ofs_y = 0},
    {.bitmap_index = 16844, .adv_w = 220, .box_w = 12, .box_h = 18, .ofs_x = 1, .ofs_y = 0},
    {.bitmap_index = 16952, .adv_w = 220, .box_w = 12, .box_h = 17, .ofs_x = 1, .ofs_y = 0},
    {.bitmap_index = 17054, .adv_w = 104, .box_w = 7, .box_h = 18, .ofs_x = -1, .ofs_y = 0},
    {.bitmap_index = 17117, .adv_w = 104, .box_w = 7, .box_h = 18, .ofs_x = 1, .ofs_y = 0},
    {.bitmap_index = 17180, .adv_w = 104, .box_w = 10, .box_h = 18, .ofs_x = -2, .ofs_y = 0},
    {.bitmap_index = 17270, .adv_w = 104, .box_w = 8, .box_h = 17, .ofs_x = -1, .ofs_y = 0},
    {.bitmap_index = 17338, .adv_w = 235, .box_w = 13, .box_h = 19, .ofs_x = 1, .ofs_y = 0},
    {.bitmap_index = 17462, .adv_w = 241, .box_w = 13, .box_h = 18, .ofs_x = 1, .ofs_y = 0},
    {.bitmap_index = 17579, .adv_w = 235, .box_w = 13, .box_h = 18, .ofs_x = 1, .ofs_y = 0},
    {.bitmap_index = 17696, .adv_w = 235, .box_w = 13, .box_h = 18, .ofs_x = 1, .ofs_y = 0},
    {.bitmap_index = 17813, .adv_w = 235, .box_w = 13, .box_h = 18, .ofs_x = 1, .ofs_y = 0},
    {.bitmap_index = 17930, .adv_w = 235, .box_w = 13, .box_h = 18, .ofs_x = 1, .ofs_y = 0},
    {.bitmap_index = 18047, .adv_w = 235, .box_w = 13, .box_h = 17, .ofs_x = 1, .ofs_y = 0},
    {.bitmap_index = 18158, .adv_w = 220, .box_w = 12, .box_h = 12, .ofs_x = 1, .ofs_y = 3},
    {.bitmap_index = 18230, .adv_w = 234, .box_w = 13, .box_h = 15, .ofs_x = 1, .ofs_y = -1},
    {.bitmap_index = 18328, .adv_w = 241, .box_w = 13, .box_h = 18, .ofs_x = 1, .ofs_y = 0},
    {.bitmap_index = 18445, .adv_w = 241, .box_w = 13, .box_h = 18, .ofs_x = 1, .ofs_y = 0},
    {.bitmap_index = 18562, .adv_w = 241, .box_w = 13, .box_h = 18, .ofs_x = 1, .ofs_y = 0},
    {.bitmap_index = 18679, .adv_w = 241, .box_w = 13, .box_h = 17, .ofs_x = 1, .ofs_y = 0},
    {.bitmap_index = 18790, .adv_w = 203, .box_w = 13, .box_h = 24, .ofs_x = 0, .ofs_y = -6},
    {.bitmap_index = 18946, .adv_w = 238, .box_w = 13, .box_h = 24, .ofs_x = 1, .ofs_y = -6},
    {.bitmap_index = 19102, .adv_w = 203, .box_w = 13, .box_h = 23, .ofs_x = 0, .ofs_y = -6},
    {.bitmap_index = 19252, .adv_w = 252, .box_w = 16, .box_h = 20, .ofs_x = 0, .ofs_y = 0},
    {.bitmap_index = 19412, .adv_w = 220, .box_w = 11, .box_h = 16, .ofs_x = 1, .ofs_y = 0},
    {.bitmap_index = 19500, .adv_w = 252, .box_w = 16, .box_h = 22, .ofs_x = 0, .ofs_y = 0},
    {.bitmap_index = 19676, .adv_w = 220, .box_w = 11, .box_h = 18, .ofs_x = 1, .ofs_y = 0},
    {.bitmap_index = 19775, .adv_w = 252, .box_w = 16, .box_h = 23, .ofs_x = 0, .ofs_y = -6},
    {.bitmap_index = 19959, .adv_w = 220, .box_w = 12, .box_h = 19, .ofs_x = 1, .ofs_y = -6},
    {.bitmap_index = 20073, .adv_w = 244, .box_w = 14, .box_h = 23, .ofs_x = 1, .ofs_y = 0},
    {.bitmap_index = 20234, .adv_w = 189, .box_w = 11, .box_h = 18, .ofs_x = 1, .ofs_y = 0},
    {.bitmap_index = 20333, .adv_w = 244, .box_w = 14, .box_h = 23, .ofs_x = 1, .ofs_y = 0},
    {.bitmap_index = 20494, .adv_w = 189, .box_w = 11, .box_h = 18, .ofs_x = 1, .ofs_y = 0},
    {.bitmap_index = 20593, .adv_w = 244, .box_w = 14, .box_h = 22, .ofs_x = 1, .ofs_y = 0},
    {.bitmap_index = 20747, .adv_w = 189, .box_w = 11, .box_h = 18, .ofs_x = 1, .ofs_y = 0},
    {.bitmap_index = 20846, .adv_w = 244, .box_w = 14, .box_h = 23, .ofs_x = 1, .ofs_y = 0},
    {.bitmap_index = 21007, .adv_w = 189, .box_w = 11, .box_h = 18, .ofs_x = 1, .ofs_y = 0},
    {.bitmap_index = 21106, .adv_w = 281, .box_w = 15, .box_h = 23, .ofs_x = 2, .ofs_y = 0},
    {.bitmap_index = 21279, .adv_w = 238, .box_w = 17, .box_h = 18, .ofs_x = 1, .ofs_y = 0},
    {.bitmap_index = 21432, .adv_w = 281, .box_w = 17, .box_h = 17, .ofs_x = 0, .ofs_y = 0},
    {.bitmap_index = 21577, .adv_w = 240, .box_w = 14, .box_h = 18, .ofs_x = 1, .ofs_y = 0},
    {.bitmap_index = 21703, .adv_w = 214, .box_w = 10, .box_h = 20, .ofs_x = 2, .ofs_y = 0},
    {.bitmap_index = 21803, .adv_w = 220, .box_w = 12, .box_h = 17, .ofs_x = 1, .ofs_y = 0},
    {.bitmap_index = 21905, .adv_w = 214, .box_w = 10, .box_h = 22, .ofs_x = 2, .ofs_y = 0},
    {.bitmap_index = 22015, .adv_w = 220, .box_w = 12, .box_h = 18, .ofs_x = 1, .ofs_y = 0},
    {.bitmap_index = 22123, .adv_w = 214, .box_w = 10, .box_h = 22, .ofs_x = 2, .ofs_y = 0},
    {.bitmap_index = 22233, .adv_w = 220, .box_w = 12, .box_h = 18, .ofs_x = 1, .ofs_y = 0},
    {.bitmap_index = 22341, .adv_w = 214, .box_w = 10, .box_h = 23, .ofs_x = 2, .ofs_y = -6},
    {.bitmap_index = 22456, .adv_w = 220, .box_w = 12, .box_h = 19, .ofs_x = 1, .ofs_y = -6},
    {.bitmap_index = 22570, .adv_w = 214, .box_w = 10, .box_h = 23, .ofs_x = 2, .ofs_y = 0},
    {.bitmap_index = 22685, .adv_w = 220, .box_w = 12, .box_h = 18, .ofs_x = 1, .ofs_y = 0},
    {.bitmap_index = 22793, .adv_w = 279, .box_w = 15, .box_h = 23, .ofs_x = 1, .ofs_y = 0},
    {.bitmap_index = 22966, .adv_w = 238, .box_w = 12, .box_h = 24, .ofs_x = 1, .ofs_y = -6},
    {.bitmap_index = 23110, .adv_w = 279, .box_w = 15, .box_h = 22, .ofs_x = 1, .ofs_y = 0},
    {.bitmap_index = 23275, .adv_w = 238, .box_w = 12, .box_h = 24, .ofs_x = 1, .ofs_y = -6},
    {.bitmap_index = 23419, .adv_w = 279, .box_w = 15, .box_h = 22, .ofs_x = 1, .ofs_y = 0},
    {.bitmap_index = 23584, .adv_w = 238, .box_w = 12, .box_h = 24, .ofs_x = 1, .ofs_y = -6},
    {.bitmap_index = 23728, .adv_w = 279, .box_w = 15, .box_h = 23, .ofs_x = 1, .ofs_y = -6},
    {.bitmap_index = 23901, .adv_w = 238, .box_w = 12, .box_h = 24, .ofs_x = 1, .ofs_y = -6},
    {.bitmap_index = 24045, .adv_w = 287, .box_w = 14, .box_h = 23, .ofs_x = 2, .ofs_y = 0},
    {.bitmap_index = 24206, .adv_w = 241, .box_w = 16, .box_h = 24, .ofs_x = -2, .ofs_y = 0},
    {.bitmap_index = 24398, .adv_w = 287, .box_w = 18, .box_h = 17, .ofs_x = 0, .ofs_y = 0},
    {.bitmap_index = 24551, .adv_w = 242, .box_w = 14, .box_h = 18, .ofs_x = 0, .ofs_y = 0},
    {.bitmap_index = 24677, .adv_w = 136, .box_w = 10, .box_h = 22, .ofs_x = -1, .ofs_y = 0},
    {.bitmap_index = 24787, .adv_w = 104, .box_w = 10, .box_h = 18, .ofs_x = -2, .ofs_y = 0},
    {.bitmap_index = 24877, .adv_w = 136, .box_w = 8, .box_h = 20, .ofs_x = 0, .ofs_y = 0},
    {.bitmap_index = 24957, .adv_w = 104, .box_w = 8, .box_h = 16, .ofs_x = -1, .ofs_y = 0},
    {.bitmap_index = 25021, .adv_w = 136, .box_w = 9, .box_h = 22, .ofs_x = 0, .ofs_y = 0},
    {.bitmap_index = 25120, .adv_w = 104, .box_w = 9, .box_h = 18, .ofs_x = -1, .ofs_y = 0},
    {.bitmap_index = 25201, .adv_w = 136, .box_w = 8, .box_h = 23, .ofs_x = 0, .ofs_y = -6},
    {.bitmap_index = 25293, .adv_w = 104, .box_w = 5, .box_h = 24, .ofs_x = 0, .ofs_y = -6},
    {.bitmap_index = 25353, .adv_w = 136, .box_w = 8, .box_h = 22, .ofs_x = 0, .ofs_y = 0},
    {.bitmap_index = 25441, .adv_w = 104, .box_w = 4, .box_h = 13, .ofs_x = 1, .ofs_y = 0},
    {.bitmap_index = 25467, .adv_w = 247, .box_w = 14, .box_h = 22, .ofs_x = 0, .ofs_y = -5},
    {.bitmap_index = 25621, .adv_w = 209, .box_w = 11, .box_h = 24, .ofs_x = 1, .ofs_y = -6},
    {.bitmap_index = 25753, .adv_w = 111, .box_w = 10, .box_h = 28, .ofs_x = -2, .ofs_y = -5},
    {.bitmap_index = 25893, .adv_w = 104, .box_w = 10, .box_h = 24, .ofs_x = -2, .ofs_y = -6},
    {.bitmap_index = 26013, .adv_w = 242, .box_w = 14, .box_h = 23, .ofs_x = 2, .ofs_y = -6},
    {.bitmap_index = 26174, .adv_w = 215, .box_w = 13, .box_h = 24, .ofs_x = 1, .ofs_y = -6},
    {.bitmap_index = 26330, .adv_w = 215, .box_w = 13, .box_h = 13, .ofs_x = 1, .ofs_y = 0},
    {.bitmap_index = 26415, .adv_w = 205, .box_w = 11, .box_h = 23, .ofs_x = 2, .ofs_y = 0},
    {.bitmap_index = 26542, .adv_w = 104, .box_w = 7, .box_h = 24, .ofs_x = 1, .ofs_y = 0},
    {.bitmap_index = 26626, .adv_w = 205, .box_w = 11, .box_h = 23, .ofs_x = 2, .ofs_y = -6},
    {.bitmap_index = 26753, .adv_w = 104, .box_w = 4, .box_h = 24, .ofs_x = 1, .ofs_y = -6},
    {.bitmap_index = 26801, .adv_w = 205, .box_w = 11, .box_h = 17, .ofs_x = 2, .ofs_y = 0},
    {.bitmap_index = 26895, .adv_w = 104, .box_w = 8, .box_h = 18, .ofs_x = 1, .ofs_y = 0},
    {.bitmap_index = 26967, .adv_w = 205, .box_w = 11, .box_h = 17, .ofs_x = 2, .ofs_y = 0},
    {.bitmap_index = 27061, .adv_w = 114, .box_w = 8, .box_h = 18, .ofs_x = 1, .ofs_y = 0},
    {.bitmap_index = 27133, .adv_w = 206, .box_w = 13, .box_h = 17, .ofs_x = 0, .ofs_y = 0},
    {.bitmap_index = 27244, .adv_w = 104, .box_w = 8, .box_h = 18, .ofs_x = -1, .ofs_y = 0},
    {.bitmap_index = 27316, .adv_w = 297, .box_w = 15, .box_h = 23, .ofs_x = 2, .ofs_y = 0},
    {.bitmap_index = 27489, .adv_w = 241, .box_w = 13, .box_h = 18, .ofs_x = 1, .ofs_y = 0},
    {.bitmap_index = 27606, .adv_w = 297, .box_w = 15, .box_h = 23, .ofs_x = 2, .ofs_y = -6},
    {.bitmap_index = 27779, .adv_w = 241, .box_w = 13, .box_h = 19, .ofs_x = 1, .ofs_y = -6},
    {.bitmap_index = 27903, .adv_w = 297, .box_w = 15, .box_h = 23, .ofs_x = 2, .ofs_y = 0},
    {.bitmap_index = 28076, .adv_w = 241, .box_w = 13, .box_h = 18, .ofs_x = 1, .ofs_y = 0},
    {.bitmap_index = 28193, .adv_w = 274, .box_w = 16, .box_h = 17, .ofs_x = 0, .ofs_y = 0},
    {.bitmap_index = 28329, .adv_w = 298, .box_w = 15, .box_h = 22, .ofs_x = 2, .ofs_y = -5},
    {.bitmap_index = 28494, .adv_w = 241, .box_w = 13, .box_h = 19, .ofs_x = 1, .ofs_y = -6},
    {.bitmap_index = 28618, .adv_w = 301, .box_w = 17, .box_h = 21, .ofs_x = 1, .ofs_y = 0},
    {.bitmap_index = 28797, .adv_w = 235, .box_w = 13, .box_h = 17, .ofs_x = 1, .ofs_y = 0},
    {.bitmap_index = 28908, .adv_w = 301, .box_w = 17, .box_h = 22, .ofs_x = 1, .ofs_y = 0},
    {.bitmap_index = 29095, .adv_w = 235, .box_w = 13, .box_h = 18, .ofs_x = 1, .ofs_y = 0},
    {.bitmap_index = 29212, .adv_w = 301, .box_w = 17, .box_h = 23, .ofs_x = 1, .ofs_y = 0},
    {.bitmap_index = 29408, .adv_w = 235, .box_w = 13, .box_h = 18, .ofs_x = 1, .ofs_y = 0},
    {.bitmap_index = 29525, .adv_w = 361, .box_w = 21, .box_h = 17, .ofs_x = 1, .ofs_y = 0},
    {.bitmap_index = 29704, .adv_w = 367, .box_w = 21, .box_h = 13, .ofs_x = 1, .ofs_y = 0},
    {.bitmap_index = 29841, .adv_w = 243, .box_w = 13, .box_h = 23, .ofs_x = 2, .ofs_y = 0},
    {.bitmap_index = 29991, .adv_w = 162, .box_w = 9, .box_h = 18, .ofs_x = 1, .ofs_y = 0},
    {.bitmap_index = 30072, .adv_w = 243, .box_w = 13, .box_h = 23, .ofs_x = 2, .ofs_y = -6},
    {.bitmap_index = 30222, .adv_w = 162, .box_w = 9, .box_h = 19, .ofs_x = 1, .ofs_y = -6},
    {.bitmap_index = 30308, .adv_w = 243, .box_w = 13, .box_h = 23, .ofs_x = 2, .ofs_y = 0},
    {.bitmap_index = 30458, .adv_w = 162, .box_w = 10, .box_h = 18, .ofs_x = 1, .ofs_y = 0},
    {.bitmap_index = 30548, .adv_w = 211, .box_w = 12, .box_h = 23, .ofs_x = 1, .ofs_y = 0},
    {.bitmap_index = 30686, .adv_w = 187, .box_w = 10, .box_h = 18, .ofs_x = 1, .ofs_y = 0},
    {.bitmap_index = 30776, .adv_w = 211, .box_w = 12, .box_h = 23, .ofs_x = 1, .ofs_y = 0},
    {.bitmap_index = 30914, .adv_w = 187, .box_w = 10, .box_h = 18, .ofs_x = 1, .ofs_y = 0},
    {.bitmap_index = 31004, .adv_w = 211, .box_w = 12, .box_h = 23, .ofs_x = 1, .ofs_y = -6},
    {.bitmap_index = 31142, .adv_w = 187, .box_w = 10, .box_h = 19, .ofs_x = 1, .ofs_y = -6},
    {.bitmap_index = 31237, .adv_w = 211, .box_w = 12, .box_h = 23, .ofs_x = 1, .ofs_y = 0},
    {.bitmap_index = 31375, .adv_w = 187, .box_w = 10, .box_h = 18, .ofs_x = 1, .ofs_y = 0},
    {.bitmap_index = 31465, .adv_w = 216, .box_w = 14, .box_h = 23, .ofs_x = 0, .ofs_y = -6},
    {.bitmap_index = 31626, .adv_w = 147, .box_w = 9, .box_h = 22, .ofs_x = 0, .ofs_y = -6},
    {.bitmap_index = 31725, .adv_w = 216, .box_w = 14, .box_h = 23, .ofs_x = 0, .ofs_y = 0},
    {.bitmap_index = 31886, .adv_w = 147, .box_w = 12, .box_h = 18, .ofs_x = 0, .ofs_y = 0},
    {.bitmap_index = 31994, .adv_w = 216, .box_w = 14, .box_h = 17, .ofs_x = 0, .ofs_y = 0},
    {.bitmap_index = 32113, .adv_w = 147, .box_w = 9, .box_h = 16, .ofs_x = 0, .ofs_y = 0},
    {.bitmap_index = 32185, .adv_w = 283, .box_w = 14, .box_h = 22, .ofs_x = 2, .ofs_y = 0},
    {.bitmap_index = 32339, .adv_w = 241, .box_w = 13, .box_h = 18, .ofs_x = 1, .ofs_y = 0},
    {.bitmap_index = 32456, .adv_w = 283, .box_w = 14, .box_h = 21, .ofs_x = 2, .ofs_y = 0},
    {.bitmap_index = 32603, .adv_w = 241, .box_w = 13, .box_h = 16, .ofs_x = 1, .ofs_y = 0},
    {.bitmap_index = 32707, .adv_w = 283, .box_w = 14, .box_h = 22, .ofs_x = 2, .ofs_y = 0},
    {.bitmap_index = 32861, .adv_w = 241, .box_w = 13, .box_h = 18, .ofs_x = 1, .ofs_y = 0},
    {.bitmap_index = 32978, .adv_w = 283, .box_w = 14, .box_h = 25, .ofs_x = 2, .ofs_y = 0},
    {.bitmap_index = 33153, .adv_w = 241, .box_w = 13, .box_h = 20, .ofs_x = 1, .ofs_y = 0},
    {.bitmap_index = 33283, .adv_w = 283, .box_w = 14, .box_h = 23, .ofs_x = 2, .ofs_y = 0},
    {.bitmap_index = 33444, .adv_w = 241, .box_w = 13, .box_h = 18, .ofs_x = 1, .ofs_y = 0},
    {.bitmap_index = 33561, .adv_w = 283, .box_w = 14, .box_h = 23, .ofs_x = 2, .ofs_y = -6},
    {.bitmap_index = 33722, .adv_w = 241, .box_w = 13, .box_h = 19, .ofs_x = 1, .ofs_y = -6},
    {.bitmap_index = 33846, .adv_w = 361, .box_w = 23, .box_h = 23, .ofs_x = 0, .ofs_y = 0},
    {.bitmap_index = 34111, .adv_w = 310, .box_w = 20, .box_h = 18, .ofs_x = 0, .ofs_y = 0},
    {.bitmap_index = 34291, .adv_w = 224, .box_w = 15, .box_h = 23, .ofs_x = 0, .ofs_y = 0},
    {.bitmap_index = 34464, .adv_w = 203, .box_w = 13, .box_h = 24, .ofs_x = 0, .ofs_y = -6},
    {.bitmap_index = 34620, .adv_w = 224, .box_w = 15, .box_h = 22, .ofs_x = 0, .ofs_y = 0},
    {.bitmap_index = 34785, .adv_w = 220, .box_w = 13, .box_h = 23, .ofs_x = 0, .ofs_y = 0},
    {.bitmap_index = 34935, .adv_w = 183, .box_w = 11, .box_h = 18, .ofs_x = 0, .ofs_y = 0},
    {.bitmap_index = 35034, .adv_w = 220, .box_w = 13, .box_h = 22, .ofs_x = 0, .ofs_y = 0},
    {.bitmap_index = 35177, .adv_w = 183, .box_w = 11, .box_h = 18, .ofs_x = 0, .ofs_y = 0},
    {.bitmap_index = 35276, .adv_w = 220, .box_w = 13, .box_h = 23, .ofs_x = 0, .ofs_y = 0},
    {.bitmap_index = 35426, .adv_w = 183, .box_w = 11, .box_h = 18, .ofs_x = 0, .ofs_y = 0},
    {.bitmap_index = 35525, .adv_w = 132, .box_w = 8, .box_h = 18, .ofs_x = 1, .ofs_y = 0},
    {.bitmap_index = 35597, .adv_w = 238, .box_w = 14, .box_h = 18, .ofs_x = 0, .ofs_y = 0},
    {.bitmap_index = 35723, .adv_w = 287, .box_w = 17, .box_h = 17, .ofs_x = 0, .ofs_y = 0},
    {.bitmap_index = 35868, .adv_w = 239, .box_w = 12, .box_h = 17, .ofs_x = 2, .ofs_y = 0},
    {.bitmap_index = 35970, .adv_w = 238, .box_w = 13, .box_h = 18, .ofs_x = 1, .ofs_y = 0},
    {.bitmap_index = 36087, .adv_w = 248, .box_w = 13, .box_h = 17, .ofs_x = 2, .ofs_y = 0},
    {.bitmap_index = 36198, .adv_w = 238, .box_w = 13, .box_h = 18, .ofs_x = 1, .ofs_y = 0},
    {.bitmap_index = 36315, .adv_w = 244, .box_w = 14, .box_h = 17, .ofs_x = 0, .ofs_y = 0},
    {.bitmap_index = 36434, .adv_w = 243, .box_w = 16, .box_h = 21, .ofs_x = 1, .ofs_y = 0},
    {.bitmap_index = 36602, .adv_w = 195, .box_w = 13, .box_h = 18, .ofs_x = 1, .ofs_y = 0},
    {.bitmap_index = 36719, .adv_w = 281, .box_w = 17, .box_h = 17, .ofs_x = 0, .ofs_y = 0},
    {.bitmap_index = 36864, .adv_w = 317, .box_w = 19, .box_h = 17, .ofs_x = 0, .ofs_y = 0},
    {.bitmap_index = 37026, .adv_w = 239, .box_w = 12, .box_h = 17, .ofs_x = 1, .ofs_y = 0},
    {.bitmap_index = 37128, .adv_w = 238, .box_w = 12, .box_h = 18, .ofs_x = 1, .ofs_y = 0},
    {.bitmap_index = 37236, .adv_w = 234, .box_w = 13, .box_h = 19, .ofs_x = 1, .ofs_y = -6},
    {.bitmap_index = 37360, .adv_w = 214, .box_w = 11, .box_h = 17, .ofs_x = 1, .ofs_y = 0},
    {.bitmap_index = 37454, .adv_w = 293, .box_w = 16, .box_h = 17, .ofs_x = 1, .ofs_y = 0},
    {.bitmap_index = 37590, .adv_w = 233, .box_w = 13, .box_h = 17, .ofs_x = 1, .ofs_y = 0},
    {.bitmap_index = 37701, .adv_w = 237, .box_w = 16, .box_h = 23, .ofs_x = -1, .ofs_y = -6},
    {.bitmap_index = 37885, .adv_w = 170, .box_w = 13, .box_h = 24, .ofs_x = -1, .ofs_y = -6},
    {.bitmap_index = 38041, .adv_w = 279, .box_w = 17, .box_h = 21, .ofs_x = 1, .ofs_y = 0},
    {.bitmap_index = 38220, .adv_w = 228, .box_w = 15, .box_h = 23, .ofs_x = 0, .ofs_y = -6},
    {.bitmap_index = 38393, .adv_w = 365, .box_w = 20, .box_h = 18, .ofs_x = 1, .ofs_y = 0},
    {.bitmap_index = 38573, .adv_w = 140, .box_w = 7, .box_h = 17, .ofs_x = 2, .ofs_y = 0},
    {.bitmap_index = 38633, .adv_w = 136, .box_w = 8, .box_h = 17, .ofs_x = 0, .ofs_y = 0},
    {.bitmap_index = 38701, .adv_w = 243, .box_w = 14, .box_h = 17, .ofs_x = 2, .ofs_y = 0},
    {.bitmap_index = 38820, .adv_w = 215, .box_w = 13, .box_h = 18, .ofs_x = 1, .ofs_y = 0},
    {.bitmap_index = 38937, .adv_w = 107, .box_w = 7, .box_h = 18, .ofs_x = 0, .ofs_y = 0},
    {.bitmap_index = 39000, .adv_w = 217, .box_w = 15, .box_h = 18, .ofs_x = -1, .ofs_y = 0},
    {.bitmap_index = 39135, .adv_w = 396, .box_w = 21, .box_h = 17, .ofs_x = 2, .ofs_y = 0},
    {.bitmap_index = 39314, .adv_w = 298, .box_w = 18, .box_h = 23, .ofs_x = -1, .ofs_y = -6},
    {.bitmap_index = 39521, .adv_w = 241, .box_w = 12, .box_h = 19, .ofs_x = 1, .ofs_y = -6},
    {.bitmap_index = 39635, .adv_w = 301, .box_w = 17, .box_h = 17, .ofs_x = 1, .ofs_y = 0},
    {.bitmap_index = 39780, .adv_w = 305, .box_w = 19, .box_h = 18, .ofs_x = 1, .ofs_y = 0},
    {.bitmap_index = 39951, .adv_w = 244, .box_w = 15, .box_h = 15, .ofs_x = 1, .ofs_y = 0},
    {.bitmap_index = 40064, .adv_w = 419, .box_w = 24, .box_h = 17, .ofs_x = 1, .ofs_y = 0},
    {.bitmap_index = 40268, .adv_w = 334, .box_w = 18, .box_h = 19, .ofs_x = 1, .ofs_y = -6},
    {.bitmap_index = 40439, .adv_w = 270, .box_w = 16, .box_h = 17, .ofs_x = 0, .ofs_y = 0},
    {.bitmap_index = 40575, .adv_w = 238, .box_w = 13, .box_h = 24, .ofs_x = 1, .ofs_y = -6},
    {.bitmap_index = 40731, .adv_w = 243, .box_w = 13, .box_h = 20, .ofs_x = 2, .ofs_y = -3},
    {.bitmap_index = 40861, .adv_w = 211, .box_w = 12, .box_h = 17, .ofs_x = 1, .ofs_y = 0},
    {.bitmap_index = 40963, .adv_w = 186, .box_w = 10, .box_h = 13, .ofs_x = 1, .ofs_y = 0},
    {.bitmap_index = 41028, .adv_w = 220, .box_w = 13, .box_h = 17, .ofs_x = 0, .ofs_y = 0},
    {.bitmap_index = 41139, .adv_w = 144, .box_w = 12, .box_h = 24, .ofs_x = -1, .ofs_y = -6},
    {.bitmap_index = 41283, .adv_w = 147, .box_w = 9, .box_h = 22, .ofs_x = 0, .ofs_y = -6},
    {.bitmap_index = 41382, .adv_w = 226, .box_w = 14, .box_h = 17, .ofs_x = 0, .ofs_y = 0},
    {.bitmap_index = 41501, .adv_w = 147, .box_w = 9, .box_h = 18, .ofs_x = 0, .ofs_y = 0},
    {.bitmap_index = 41582, .adv_w = 216, .box_w = 14, .box_h = 23, .ofs_x = 0, .ofs_y = -6},
    {.bitmap_index = 41743, .adv_w = 311, .box_w = 19, .box_h = 18, .ofs_x = 2, .ofs_y = 0},
    {.bitmap_index = 41914, .adv_w = 268, .box_w = 17, .box_h = 15, .ofs_x = 1, .ofs_y = 0},
    {.bitmap_index = 42042, .adv_w = 301, .box_w = 18, .box_h = 17, .ofs_x = 0, .ofs_y = 0},
    {.bitmap_index = 42195, .adv_w = 283, .box_w = 14, .box_h = 17, .ofs_x = 2, .ofs_y = 0},
    {.bitmap_index = 42314, .adv_w = 228, .box_w = 15, .box_h = 17, .ofs_x = 0, .ofs_y = 0},
    {.bitmap_index = 42442, .adv_w = 217, .box_w = 14, .box_h = 19, .ofs_x = 0, .ofs_y = -6},
    {.bitmap_index = 42575, .adv_w = 220, .box_w = 13, .box_h = 17, .ofs_x = 0, .ofs_y = 0},
    {.bitmap_index = 42686, .adv_w = 183, .box_w = 11, .box_h = 13, .ofs_x = 0, .ofs_y = 0},
    {.bitmap_index = 42758, .adv_w = 225, .box_w = 13, .box_h = 17, .ofs_x = 0, .ofs_y = 0},
    {.bitmap_index = 42869, .adv_w = 225, .box_w = 13, .box_h = 17, .ofs_x = 1, .ofs_y = 0},
    {.bitmap_index = 42980, .adv_w = 201, .box_w = 13, .box_h = 19, .ofs_x = 0, .ofs_y = -6},
    {.bitmap_index = 43104, .adv_w = 200, .box_w = 12, .box_h = 19, .ofs_x = 0, .ofs_y = -6},
    {.bitmap_index = 43218, .adv_w = 219, .box_w = 12, .box_h = 18, .ofs_x = 1, .ofs_y = 0},
    {.bitmap_index = 43326, .adv_w = 223, .box_w = 13, .box_h = 17, .ofs_x = 0, .ofs_y = 0},
    {.bitmap_index = 43437, .adv_w = 195, .box_w = 12, .box_h = 13, .ofs_x = 0, .ofs_y = 0},
    {.bitmap_index = 43515, .adv_w = 182, .box_w = 11, .box_h = 16, .ofs_x = 0, .ofs_y = 0},
    {.bitmap_index = 43603, .adv_w = 230, .box_w = 13, .box_h = 19, .ofs_x = 1, .ofs_y = -6},
    {.bitmap_index = 43727, .adv_w = 124, .box_w = 3, .box_h = 18, .ofs_x = 2, .ofs_y = 0},
    {.bitmap_index = 43754, .adv_w = 213, .box_w = 9, .box_h = 18, .ofs_x = 2, .ofs_y = 0},
    {.bitmap_index = 43835, .adv_w = 198, .box_w = 10, .box_h = 18, .ofs_x = 1, .ofs_y = 0},
    {.bitmap_index = 43925, .adv_w = 105, .box_w = 4, .box_h = 17, .ofs_x = 1, .ofs_y = 0},
    {.bitmap_index = 43959, .adv_w = 498, .box_w = 29, .box_h = 23, .ofs_x = 2, .ofs_y = 0},
    {.bitmap_index = 44293, .adv_w = 463, .box_w = 27, .box_h = 18, .ofs_x = 2, .ofs_y = 0},
    {.bitmap_index = 44536, .adv_w = 421, .box_w = 25, .box_h = 18, .ofs_x = 1, .ofs_y = 0},
    {.bitmap_index = 44761, .adv_w = 317, .box_w = 16, .box_h = 22, .ofs_x = 2, .ofs_y = -5},
    {.bitmap_index = 44937, .adv_w = 310, .box_w = 16, .box_h = 24, .ofs_x = 2, .ofs_y = -6},
    {.bitmap_index = 45129, .adv_w = 209, .box_w = 11, .box_h = 24, .ofs_x = 1, .ofs_y = -6},
    {.bitmap_index = 45261, .adv_w = 409, .box_w = 22, .box_h = 22, .ofs_x = 2, .ofs_y = -5},
    {.bitmap_index = 45503, .adv_w = 402, .box_w = 22, .box_h = 24, .ofs_x = 2, .ofs_y = -6},
    {.bitmap_index = 45767, .adv_w = 346, .box_w = 19, .box_h = 24, .ofs_x = 1, .ofs_y = -6},
    {.bitmap_index = 45995, .adv_w = 252, .box_w = 16, .box_h = 23, .ofs_x = 0, .ofs_y = 0},
    {.bitmap_index = 46179, .adv_w = 220, .box_w = 11, .box_h = 18, .ofs_x = 1, .ofs_y = 0},
    {.bitmap_index = 46278, .adv_w = 136, .box_w = 10, .box_h = 23, .ofs_x = -1, .ofs_y = 0},
    {.bitmap_index = 46393, .adv_w = 104, .box_w = 10, .box_h = 18, .ofs_x = -2, .ofs_y = 0},
    {.bitmap_index = 46483, .adv_w = 301, .box_w = 17, .box_h = 23, .ofs_x = 1, .ofs_y = 0},
    {.bitmap_index = 46679, .adv_w = 235, .box_w = 13, .box_h = 18, .ofs_x = 1, .ofs_y = 0},
    {.bitmap_index = 46796, .adv_w = 283, .box_w = 14, .box_h = 23, .ofs_x = 2, .ofs_y = 0},
    {.bitmap_index = 46957, .adv_w = 241, .box_w = 13, .box_h = 18, .ofs_x = 1, .ofs_y = 0},
    {.bitmap_index = 47074, .adv_w = 283, .box_w = 14, .box_h = 24, .ofs_x = 2, .ofs_y = 0},
    {.bitmap_index = 47242, .adv_w = 241, .box_w = 13, .box_h = 20, .ofs_x = 1, .ofs_y = 0},
    {.bitmap_index = 47372, .adv_w = 283, .box_w = 14, .box_h = 25, .ofs_x = 2, .ofs_y = 0},
    {.bitmap_index = 47547, .adv_w = 241, .box_w = 13, .box_h = 21, .ofs_x = 1, .ofs_y = 0},
    {.bitmap_index = 47684, .adv_w = 283, .box_w = 14, .box_h = 26, .ofs_x = 2, .ofs_y = 0},
    {.bitmap_index = 47866, .adv_w = 241, .box_w = 13, .box_h = 21, .ofs_x = 1, .ofs_y = 0},
    {.bitmap_index = 48003, .adv_w = 283, .box_w = 14, .box_h = 25, .ofs_x = 2, .ofs_y = 0},
    {.bitmap_index = 48178, .adv_w = 241, .box_w = 13, .box_h = 21, .ofs_x = 1, .ofs_y = 0},
    {.bitmap_index = 48315, .adv_w = 220, .box_w = 12, .box_h = 13, .ofs_x = 1, .ofs_y = 0},
    {.bitmap_index = 48393, .adv_w = 252, .box_w = 16, .box_h = 24, .ofs_x = 0, .ofs_y = 0},
    {.bitmap_index = 48585, .adv_w = 220, .box_w = 11, .box_h = 20, .ofs_x = 1, .ofs_y = 0},
    {.bitmap_index = 48695, .adv_w = 252, .box_w = 16, .box_h = 24, .ofs_x = 0, .ofs_y = 0},
    {.bitmap_index = 48887, .adv_w = 220, .box_w = 11, .box_h = 20, .ofs_x = 1, .ofs_y = 0},
    {.bitmap_index = 48997, .adv_w = 346, .box_w = 22, .box_h = 20, .ofs_x = -1, .ofs_y = 0},
    {.bitmap_index = 49217, .adv_w = 338, .box_w = 19, .box_h = 17, .ofs_x = 1, .ofs_y = 0},
    {.bitmap_index = 49379, .adv_w = 279, .box_w = 17, .box_h = 17, .ofs_x = 1, .ofs_y = 0},
    {.bitmap_index = 49524, .adv_w = 238, .box_w = 14, .box_h = 19, .ofs_x = 1, .ofs_y = -6},
    {.bitmap_index = 49657, .adv_w = 279, .box_w = 15, .box_h = 23, .ofs_x = 1, .ofs_y = 0},
    {.bitmap_index = 49830, .adv_w = 238, .box_w = 12, .box_h = 24, .ofs_x = 1, .ofs_y = -6},
    {.bitmap_index = 49974, .adv_w = 242, .box_w = 14, .box_h = 23, .ofs_x = 2, .ofs_y = 0},
    {.bitmap_index = 50135, .adv_w = 215, .box_w = 16, .box_h = 24, .ofs_x = -2, .ofs_y = 0},
    {.bitmap_index = 50327, .adv_w = 301, .box_w = 17, .box_h = 23, .ofs_x = 1, .ofs_y = -6},
    {.bitmap_index = 50523, .adv_w = 235, .box_w = 13, .box_h = 19, .ofs_x = 1, .ofs_y = -6},
    {.bitmap_index = 50647, .adv_w = 301, .box_w = 17, .box_h = 26, .ofs_x = 1, .ofs_y = -6},
    {.bitmap_index = 50868, .adv_w = 235, .box_w = 13, .box_h = 22, .ofs_x = 1, .ofs_y = -6},
    {.bitmap_index = 51011, .adv_w = 225, .box_w = 13, .box_h = 23, .ofs_x = 0, .ofs_y = 0},
    {.bitmap_index = 51161, .adv_w = 200, .box_w = 12, .box_h = 24, .ofs_x = 0, .ofs_y = -6},
    {.bitmap_index = 51305, .adv_w = 104, .box_w = 10, .box_h = 24, .ofs_x = -2, .ofs_y = -6},
    {.bitmap_index = 51425, .adv_w = 498, .box_w = 29, .box_h = 17, .ofs_x = 2, .ofs_y = 0},
    {.bitmap_index = 51672, .adv_w = 463, .box_w = 27, .box_h = 17, .ofs_x = 2, .ofs_y = 0},
    {.bitmap_index = 51902, .adv_w = 421, .box_w = 25, .box_h = 18, .ofs_x = 1, .ofs_y = 0},
    {.bitmap_index = 52127, .adv_w = 279, .box_w = 15, .box_h = 23, .ofs_x = 1, .ofs_y = 0},
    {.bitmap_index = 52300, .adv_w = 238, .box_w = 12, .box_h = 24, .ofs_x = 1, .ofs_y = -6},
    {.bitmap_index = 52444, .adv_w = 372, .box_w = 20, .box_h = 17, .ofs_x = 2, .ofs_y = 0},
    {.bitmap_index = 52614, .adv_w = 255, .box_w = 13, .box_h = 23, .ofs_x = 2, .ofs_y = -6},
    {.bitmap_index = 52764, .adv_w = 297, .box_w = 15, .box_h = 23, .ofs_x = 2, .ofs_y = 0},
    {.bitmap_index = 52937, .adv_w = 241, .box_w = 13, .box_h = 18, .ofs_x = 1, .ofs_y = 0},
    {.bitmap_index = 53054, .adv_w = 252, .box_w = 16, .box_h = 23, .ofs_x = 0, .ofs_y = 0},
    {.bitmap_index = 53238, .adv_w = 220, .box_w = 11, .box_h = 23, .ofs_x = 1, .ofs_y = 0},
    {.bitmap_index = 53365, .adv_w = 346, .box_w = 22, .box_h = 23, .ofs_x = -1, .ofs_y = 0},
    {.bitmap_index = 53618, .adv_w = 338, .box_w = 19, .box_h = 18, .ofs_x = 1, .ofs_y = 0},
    {.bitmap_index = 53789, .adv_w = 301, .box_w = 17, .box_h = 24, .ofs_x = 1, .ofs_y = -1},
    {.bitmap_index = 53993, .adv_w = 234, .box_w = 13, .box_h = 19, .ofs_x = 1, .ofs_y = -1},
    {.bitmap_index = 54117, .adv_w = 252, .box_w = 16, .box_h = 22, .ofs_x = 0, .ofs_y = 0},
    {.bitmap_index = 54293, .adv_w = 220, .box_w = 11, .box_h = 18, .ofs_x = 1, .ofs_y = 0},
    {.bitmap_index = 54392, .adv_w = 252, .box_w = 16, .box_h = 22, .ofs_x = 0, .ofs_y = 0},
    {.bitmap_index = 54568, .adv_w = 220, .box_w = 11, .box_h = 18, .ofs_x = 1, .ofs_y = 0},
    {.bitmap_index = 54667, .adv_w = 214, .box_w = 11, .box_h = 22, .ofs_x = 1, .ofs_y = 0},
    {.bitmap_index = 54788, .adv_w = 220, .box_w = 12, .box_h = 18, .ofs_x = 1, .ofs_y = 0},
    {.bitmap_index = 54896, .adv_w = 214, .box_w = 10, .box_h = 22, .ofs_x = 2, .ofs_y = 0},
    {.bitmap_index = 55006, .adv_w = 220, .box_w = 12, .box_h = 18, .ofs_x = 1, .ofs_y = 0},
    {.bitmap_index = 55114, .adv_w = 136, .box_w = 10, .box_h = 22, .ofs_x = -2, .ofs_y = 0},
    {.bitmap_index = 55224, .adv_w = 104, .box_w = 10, .box_h = 18, .ofs_x = -3, .ofs_y = 0},
    {.bitmap_index = 55314, .adv_w = 136, .box_w = 9, .box_h = 22, .ofs_x = 0, .ofs_y = 0},
    {.bitmap_index = 55413, .adv_w = 104, .box_w = 9, .box_h = 18, .ofs_x = -1, .ofs_y = 0},
    {.bitmap_index = 55494, .adv_w = 301, .box_w = 17, .box_h = 23, .ofs_x = 1, .ofs_y = 0},
    {.bitmap_index = 55690, .adv_w = 235, .box_w = 13, .box_h = 18, .ofs_x = 1, .ofs_y = 0},
    {.bitmap_index = 55807, .adv_w = 301, .box_w = 17, .box_h = 22, .ofs_x = 1, .ofs_y = 0},
    {.bitmap_index = 55994, .adv_w = 235, .box_w = 13, .box_h = 18, .ofs_x = 1, .ofs_y = 0},
    {.bitmap_index = 56111, .adv_w = 243, .box_w = 14, .box_h = 22, .ofs_x = 1, .ofs_y = 0},
    {.bitmap_index = 56265, .adv_w = 162, .box_w = 10, .box_h = 18, .ofs_x = 0, .ofs_y = 0},
    {.bitmap_index = 56355, .adv_w = 243, .box_w = 13, .box_h = 22, .ofs_x = 2, .ofs_y = 0},
    {.bitmap_index = 56498, .adv_w = 162, .box_w = 9, .box_h = 18, .ofs_x = 1, .ofs_y = 0},
    {.bitmap_index = 56579, .adv_w = 283, .box_w = 14, .box_h = 23, .ofs_x = 2, .ofs_y = 0},
    {.bitmap_index = 56740, .adv_w = 241, .box_w = 13, .box_h = 18, .ofs_x = 1, .ofs_y = 0},
    {.bitmap_index = 56857, .adv_w = 283, .box_w = 14, .box_h = 22, .ofs_x = 2, .ofs_y = 0},
    {.bitmap_index = 57011, .adv_w = 241, .box_w = 13, .box_h = 18, .ofs_x = 1, .ofs_y = 0},
    {.bitmap_index = 57128, .adv_w = 211, .box_w = 12, .box_h = 23, .ofs_x = 1, .ofs_y = -6},
    {.bitmap_index = 57266, .adv_w = 187, .box_w = 10, .box_h = 19, .ofs_x = 1, .ofs_y = -6},
    {.bitmap_index = 57361, .adv_w = 216, .box_w = 14, .box_h = 23, .ofs_x = 0, .ofs_y = -6},
    {.bitmap_index = 57522, .adv_w = 147, .box_w = 9, .box_h = 21, .ofs_x = 0, .ofs_y = -6},
    {.bitmap_index = 57617, .adv_w = 227, .box_w = 13, .box_h = 22, .ofs_x = 0, .ofs_y = -5},
    {.bitmap_index = 57760, .adv_w = 192, .box_w = 11, .box_h = 19, .ofs_x = 0, .ofs_y = -6},
    {.bitmap_index = 57865, .adv_w = 287, .box_w = 14, .box_h = 23, .ofs_x = 2, .ofs_y = 0},
    {.bitmap_index = 58026, .adv_w = 241, .box_w = 16, .box_h = 24, .ofs_x = -2, .ofs_y = 0},
    {.bitmap_index = 58218, .adv_w = 287, .box_w = 14, .box_h = 23, .ofs_x = 2, .ofs_y = -6},
    {.bitmap_index = 58379, .adv_w = 332, .box_w = 20, .box_h = 21, .ofs_x = 1, .ofs_y = -3},
    {.bitmap_index = 58589, .adv_w = 268, .box_w = 15, .box_h = 17, .ofs_x = 1, .ofs_y = 0},
    {.bitmap_index = 58717, .adv_w = 232, .box_w = 13, .box_h = 18, .ofs_x = 1, .ofs_y = 0},
    {.bitmap_index = 58834, .adv_w = 220, .box_w = 13, .box_h = 22, .ofs_x = 0, .ofs_y = -5},
    {.bitmap_index = 58977, .adv_w = 182, .box_w = 11, .box_h = 18, .ofs_x = 0, .ofs_y = -5},
    {.bitmap_index = 59076, .adv_w = 252, .box_w = 16, .box_h = 22, .ofs_x = 0, .ofs_y = 0},
    {.bitmap_index = 59252, .adv_w = 220, .box_w = 11, .box_h = 18, .ofs_x = 1, .ofs_y = 0},
    {.bitmap_index = 59351, .adv_w = 214, .box_w = 10, .box_h = 23, .ofs_x = 2, .ofs_y = -6},
    {.bitmap_index = 59466, .adv_w = 220, .box_w = 12, .box_h = 19, .ofs_x = 1, .ofs_y = -6},
    {.bitmap_index = 59580, .adv_w = 301, .box_w = 17, .box_h = 24, .ofs_x = 1, .ofs_y = 0},
    {.bitmap_index = 59784, .adv_w = 235, .box_w = 13, .box_h = 20, .ofs_x = 1, .ofs_y = 0},
    {.bitmap_index = 59914, .adv_w = 301, .box_w = 17, .box_h = 24, .ofs_x = 1, .ofs_y = 0},
    {.bitmap_index = 60118, .adv_w = 235, .box_w = 13, .box_h = 20, .ofs_x = 1, .ofs_y = 0},
    {.bitmap_index = 60248, .adv_w = 301, .box_w = 17, .box_h = 22, .ofs_x = 1, .ofs_y = 0},
    {.bitmap_index = 60435, .adv_w = 235, .box_w = 13, .box_h = 18, .ofs_x = 1, .ofs_y = 0},
    {.bitmap_index = 60552, .adv_w = 301, .box_w = 17, .box_h = 24, .ofs_x = 1, .ofs_y = 0},
    {.bitmap_index = 60756, .adv_w = 235, .box_w = 13, .box_h = 20, .ofs_x = 1, .ofs_y = 0},
    {.bitmap_index = 60886, .adv_w = 224, .box_w = 15, .box_h = 20, .ofs_x = 0, .ofs_y = 0},
    {.bitmap_index = 61036, .adv_w = 203, .box_w = 13, .box_h = 22, .ofs_x = 0, .ofs_y = -6},
    {.bitmap_index = 61179, .adv_w = 152, .box_w = 10, .box_h = 19, .ofs_x = 0, .ofs_y = -1},
    {.bitmap_index = 61274, .adv_w = 289, .box_w = 17, .box_h = 14, .ofs_x = 1, .ofs_y = -1},
    {.bitmap_index = 61393, .adv_w = 156, .box_w = 10, .box_h = 17, .ofs_x = 0, .ofs_y = -1},
    {.bitmap_index = 61478, .adv_w = 104, .box_w = 7, .box_h = 19, .ofs_x = -2, .ofs_y = -6},
    {.bitmap_index = 61545, .adv_w = 372, .box_w = 22, .box_h = 18, .ofs_x = 1, .ofs_y = 0},
    {.bitmap_index = 61743, .adv_w = 372, .box_w = 22, .box_h = 19, .ofs_x = 1, .ofs_y = -6},
    {.bitmap_index = 61952, .adv_w = 252, .box_w = 16, .box_h = 20, .ofs_x = 0, .ofs_y = -2},
    {.bitmap_index = 62112, .adv_w = 243, .box_w = 14, .box_h = 20, .ofs_x = 1, .ofs_y = -2},
    {.bitmap_index = 62252, .adv_w = 188, .box_w = 11, .box_h = 23, .ofs_x = 1, .ofs_y = -5},
    {.bitmap_index = 62379, .adv_w = 206, .box_w = 13, .box_h = 17, .ofs_x = 0, .ofs_y = 0},
    {.bitmap_index = 62490, .adv_w = 217, .box_w = 14, .box_h = 20, .ofs_x = 0, .ofs_y = -2},
    {.bitmap_index = 62630, .adv_w = 186, .box_w = 10, .box_h = 19, .ofs_x = 1, .ofs_y = -6},
    {.bitmap_index = 62725, .adv_w = 182, .box_w = 12, .box_h = 19, .ofs_x = 0, .ofs_y = -6},
    {.bitmap_index = 62839, .adv_w = 176, .box_w = 11, .box_h = 17, .ofs_x = 0, .ofs_y = 0},
    {.bitmap_index = 62933, .adv_w = 174, .box_w = 10, .box_h = 13, .ofs_x = 0, .ofs_y = 0},
    {.bitmap_index = 62998, .adv_w = 251, .box_w = 15, .box_h = 17, .ofs_x = 0, .ofs_y = 0},
    {.bitmap_index = 63126, .adv_w = 283, .box_w = 18, .box_h = 17, .ofs_x = 0, .ofs_y = 0},
    {.bitmap_index = 63279, .adv_w = 240, .box_w = 16, .box_h = 17, .ofs_x = 0, .ofs_y = 0},
    {.bitmap_index = 63415, .adv_w = 214, .box_w = 10, .box_h = 20, .ofs_x = 2, .ofs_y = -2},
    {.bitmap_index = 63515, .adv_w = 220, .box_w = 12, .box_h = 15, .ofs_x = 1, .ofs_y = -1},
    {.bitmap_index = 63605, .adv_w = 111, .box_w = 9, .box_h = 22, .ofs_x = -2, .ofs_y = -5},
    {.bitmap_index = 63704, .adv_w = 105, .box_w = 9, .box_h = 24, .ofs_x = -2, .ofs_y = -6},
    {.bitmap_index = 63812, .adv_w = 296, .box_w = 18, .box_h = 23, .ofs_x = 1, .ofs_y = -6},
    {.bitmap_index = 64019, .adv_w = 238, .box_w = 15, .box_h = 19, .ofs_x = 1, .ofs_y = -6},
    {.bitmap_index = 64162, .adv_w = 243, .box_w = 15, .box_h = 17, .ofs_x = 0, .ofs_y = 0},
    {.bitmap_index = 64290, .adv_w = 162, .box_w = 10, .box_h = 14, .ofs_x = 0, .ofs_y = 0},
    {.bitmap_index = 64360, .adv_w = 224, .box_w = 15, .box_h = 17, .ofs_x = 0, .ofs_y = 0},
    {.bitmap_index = 64488, .adv_w = 203, .box_w = 13, .box_h = 19, .ofs_x = 0, .ofs_y = -6},
    {.bitmap_index = 64612, .adv_w = 214, .box_w = 10, .box_h = 23, .ofs_x = 2, .ofs_y = 0},
    {.bitmap_index = 64727, .adv_w = 214, .box_w = 10, .box_h = 22, .ofs_x = 2, .ofs_y = 0},
    {.bitmap_index = 64837, .adv_w = 280, .box_w = 17, .box_h = 17, .ofs_x = 0, .ofs_y = 0},
    {.bitmap_index = 64982, .adv_w = 202, .box_w = 10, .box_h = 23, .ofs_x = 2, .ofs_y = 0},
    {.bitmap_index = 65097, .adv_w = 247, .box_w = 14, .box_h = 17, .ofs_x = 1, .ofs_y = 0},
    {.bitmap_index = 65216, .adv_w = 210, .box_w = 12, .box_h = 17, .ofs_x = 1, .ofs_y = 0},
    {.bitmap_index = 65318, .adv_w = 114, .box_w = 3, .box_h = 17, .ofs_x = 2, .ofs_y = 0},
    {.bitmap_index = 65344, .adv_w = 114, .box_w = 7, .box_h = 22, .ofs_x = 0, .ofs_y = 0},
    {.bitmap_index = 65421, .adv_w = 111, .box_w = 7, .box_h = 22, .ofs_x = -2, .ofs_y = -5},
    {.bitmap_index = 65498, .adv_w = 391, .box_w = 24, .box_h = 17, .ofs_x = 0, .ofs_y = 0},
    {.bitmap_index = 65702, .adv_w = 399, .box_w = 22, .box_h = 17, .ofs_x = 2, .ofs_y = 0},
    {.bitmap_index = 65889, .adv_w = 282, .box_w = 17, .box_h = 17, .ofs_x = 0, .ofs_y = 0},
    {.bitmap_index = 66034, .adv_w = 247, .box_w = 14, .box_h = 23, .ofs_x = 2, .ofs_y = 0},
    {.bitmap_index = 66195, .adv_w = 294, .box_w = 15, .box_h = 23, .ofs_x = 2, .ofs_y = 0},
    {.bitmap_index = 66368, .adv_w = 240, .box_w = 15, .box_h = 22, .ofs_x = 0, .ofs_y = 0},
    {.bitmap_index = 66533, .adv_w = 285, .box_w = 14, .box_h = 21, .ofs_x = 2, .ofs_y = -4},
    {.bitmap_index = 66680, .adv_w = 251, .box_w = 16, .box_h = 17, .ofs_x = 0, .ofs_y = 0},
    {.bitmap_index = 66816, .adv_w = 240, .box_w = 12, .box_h = 17, .ofs_x = 2, .ofs_y = 0},
    {.bitmap_index = 66918, .adv_w = 251, .box_w = 13, .box_h = 17, .ofs_x = 2, .ofs_y = 0},
    {.bitmap_index = 67029, .adv_w = 202, .box_w = 10, .box_h = 17, .ofs_x = 2, .ofs_y = 0},
    {.bitmap_index = 67114, .adv_w = 285, .box_w = 18, .box_h = 21, .ofs_x = 0, .ofs_y = -4},
    {.bitmap_index = 67303, .adv_w = 214, .box_w = 10, .box_h = 17, .ofs_x = 2, .ofs_y = 0},
    {.bitmap_index = 67388, .adv_w = 358, .box_w = 23, .box_h = 17, .ofs_x = 0, .ofs_y = 0},
    {.bitmap_index = 67584, .adv_w = 223, .box_w = 13, .box_h = 17, .ofs_x = 0, .ofs_y = 0},
    {.bitmap_index = 67695, .adv_w = 294, .box_w = 15, .box_h = 17, .ofs_x = 2, .ofs_y = 0},
    {.bitmap_index = 67823, .adv_w = 294, .box_w = 15, .box_h = 22, .ofs_x = 2, .ofs_y = 0},
    {.bitmap_index = 67988, .adv_w = 248, .box_w = 14, .box_h = 17, .ofs_x = 2, .ofs_y = 0},
    {.bitmap_index = 68107, .adv_w = 272, .box_w = 15, .box_h = 17, .ofs_x = 0, .ofs_y = 0},
    {.bitmap_index = 68235, .adv_w = 353, .box_w = 18, .box_h = 17, .ofs_x = 2, .ofs_y = 0},
    {.bitmap_index = 68388, .adv_w = 288, .box_w = 14, .box_h = 17, .ofs_x = 2, .ofs_y = 0},
    {.bitmap_index = 68507, .adv_w = 294, .box_w = 16, .box_h = 17, .ofs_x = 1, .ofs_y = 0},
    {.bitmap_index = 68643, .adv_w = 285, .box_w = 14, .box_h = 17, .ofs_x = 2, .ofs_y = 0},
    {.bitmap_index = 68762, .adv_w = 234, .box_w = 12, .box_h = 17, .ofs_x = 2, .ofs_y = 0},
    {.bitmap_index = 68864, .adv_w = 246, .box_w = 14, .box_h = 17, .ofs_x = 1, .ofs_y = 0},
    {.bitmap_index = 68983, .adv_w = 216, .box_w = 14, .box_h = 17, .ofs_x = 0, .ofs_y = 0},
    {.bitmap_index = 69102, .adv_w = 240, .box_w = 15, .box_h = 17, .ofs_x = 0, .ofs_y = 0},
    {.bitmap_index = 69230, .adv_w = 323, .box_w = 18, .box_h = 17, .ofs_x = 1, .ofs_y = 0},
    {.bitmap_index = 69383, .adv_w = 235, .box_w = 15, .box_h = 17, .ofs_x = 0, .ofs_y = 0},
    {.bitmap_index = 69511, .adv_w = 288, .box_w = 16, .box_h = 21, .ofs_x = 2, .ofs_y = -4},
    {.bitmap_index = 69679, .adv_w = 264, .box_w = 14, .box_h = 17, .ofs_x = 1, .ofs_y = 0},
    {.bitmap_index = 69798, .adv_w = 401, .box_w = 21, .box_h = 17, .ofs_x = 2, .ofs_y = 0},
    {.bitmap_index = 69977, .adv_w = 399, .box_w = 23, .box_h = 21, .ofs_x = 2, .ofs_y = -4},
    {.bitmap_index = 70219, .adv_w = 271, .box_w = 16, .box_h = 17, .ofs_x = 0, .ofs_y = 0},
    {.bitmap_index = 70355, .adv_w = 334, .box_w = 17, .box_h = 17, .ofs_x = 2, .ofs_y = 0},
    {.bitmap_index = 70500, .adv_w = 237, .box_w = 12, .box_h = 17, .ofs_x = 2, .ofs_y = 0},
    {.bitmap_index = 70602, .adv_w = 250, .box_w = 14, .box_h = 17, .ofs_x = 1, .ofs_y = 0},
    {.bitmap_index = 70721, .adv_w = 386, .box_w = 21, .box_h = 17, .ofs_x = 2, .ofs_y = 0},
    {.bitmap_index = 70900, .adv_w = 250, .box_w = 14, .box_h = 17, .ofs_x = 0, .ofs_y = 0},
    {.bitmap_index = 71019, .adv_w = 218, .box_w = 11, .box_h = 13, .ofs_x = 1, .ofs_y = 0},
    {.bitmap_index = 71091, .adv_w = 232, .box_w = 13, .box_h = 19, .ofs_x = 1, .ofs_y = 0},
    {.bitmap_index = 71215, .adv_w = 220, .box_w = 12, .box_h = 13, .ofs_x = 1, .ofs_y = 0},
    {.bitmap_index = 71293, .adv_w = 172, .box_w = 9, .box_h = 13, .ofs_x = 2, .ofs_y = 0},
    {.bitmap_index = 71352, .adv_w = 237, .box_w = 15, .box_h = 17, .ofs_x = 0, .ofs_y = -4},
    {.bitmap_index = 71480, .adv_w = 215, .box_w = 12, .box_h = 13, .ofs_x = 1, .ofs_y = 0},
    {.bitmap_index = 71558, .adv_w = 304, .box_w = 19, .box_h = 13, .ofs_x = 0, .ofs_y = 0},
    {.bitmap_index = 71682, .adv_w = 190, .box_w = 11, .box_h = 13, .ofs_x = 0, .ofs_y = 0},
    {.bitmap_index = 71754, .adv_w = 245, .box_w = 12, .box_h = 13, .ofs_x = 2, .ofs_y = 0},
    {.bitmap_index = 71832, .adv_w = 245, .box_w = 12, .box_h = 18, .ofs_x = 2, .ofs_y = 0},
    {.bitmap_index = 71940, .adv_w = 214, .box_w = 12, .box_h = 13, .ofs_x = 2, .ofs_y = 0},
    {.bitmap_index = 72018, .adv_w = 230, .box_w = 13, .box_h = 13, .ofs_x = 0, .ofs_y = 0},
    {.bitmap_index = 72103, .adv_w = 303, .box_w = 15, .box_h = 13, .ofs_x = 2, .ofs_y = 0},
    {.bitmap_index = 72201, .adv_w = 240, .box_w = 12, .box_h = 13, .ofs_x = 2, .ofs_y = 0},
    {.bitmap_index = 72279, .adv_w = 231, .box_w = 13, .box_h = 13, .ofs_x = 1, .ofs_y = 0},
    {.bitmap_index = 72364, .adv_w = 238, .box_w = 11, .box_h = 13, .ofs_x = 2, .ofs_y = 0},
    {.bitmap_index = 72436, .adv_w = 237, .box_w = 12, .box_h = 19, .ofs_x = 2, .ofs_y = -6},
    {.bitmap_index = 72550, .adv_w = 193, .box_w = 11, .box_h = 13, .ofs_x = 1, .ofs_y = 0},
    {.bitmap_index = 72622, .adv_w = 183, .box_w = 12, .box_h = 13, .ofs_x = 0, .ofs_y = 0},
    {.bitmap_index = 72700, .adv_w = 202, .box_w = 13, .box_h = 19, .ofs_x = 0, .ofs_y = -6},
    {.bitmap_index = 72824, .adv_w = 291, .box_w = 17, .box_h = 24, .ofs_x = 1, .ofs_y = -6},
    {.bitmap_index = 73028, .adv_w = 204, .box_w = 13, .box_h = 13, .ofs_x = 0, .ofs_y = 0},
    {.bitmap_index = 73113, .adv_w = 239, .box_w = 14, .box_h = 17, .ofs_x = 1, .ofs_y = -4},
    {.bitmap_index = 73232, .adv_w = 232, .box_w = 12, .box_h = 13, .ofs_x = 1, .ofs_y = 0},
    {.bitmap_index = 73310, .adv_w = 350, .box_w = 19, .box_h = 13, .ofs_x = 1, .ofs_y = 0},
    {.bitmap_index = 73434, .adv_w = 351, .box_w = 20, .box_h = 17, .ofs_x = 2, .ofs_y = -4},
    {.bitmap_index = 73604, .adv_w = 245, .box_w = 15, .box_h = 13, .ofs_x = 0, .ofs_y = 0},
    {.bitmap_index = 73702, .adv_w = 302, .box_w = 15, .box_h = 13, .ofs_x = 2, .ofs_y = 0},
    {.bitmap_index = 73800, .adv_w = 215, .box_w = 11, .box_h = 13, .ofs_x = 2, .ofs_y = 0},
    {.bitmap_index = 73872, .adv_w = 193, .box_w = 11, .box_h = 13, .ofs_x = 0, .ofs_y = 0},
    {.bitmap_index = 73944, .adv_w = 313, .box_w = 17, .box_h = 13, .ofs_x = 2, .ofs_y = 0},
    {.bitmap_index = 74055, .adv_w = 225, .box_w = 13, .box_h = 13, .ofs_x = 0, .ofs_y = 0},
    {.bitmap_index = 74140, .adv_w = 215, .box_w = 12, .box_h = 19, .ofs_x = 1, .ofs_y = 0},
    {.bitmap_index = 74254, .adv_w = 215, .box_w = 12, .box_h = 17, .ofs_x = 1, .ofs_y = 0},
    {.bitmap_index = 74356, .adv_w = 242, .box_w = 14, .box_h = 24, .ofs_x = 0, .ofs_y = -6},
    {.bitmap_index = 74524, .adv_w = 173, .box_w = 9, .box_h = 18, .ofs_x = 2, .ofs_y = 0},
    {.bitmap_index = 74605, .adv_w = 193, .box_w = 11, .box_h = 13, .ofs_x = 1, .ofs_y = 0},
    {.bitmap_index = 74677, .adv_w = 183, .box_w = 11, .box_h = 13, .ofs_x = 0, .ofs_y = 0},
    {.bitmap_index = 74749, .adv_w = 105, .box_w = 4, .box_h = 17, .ofs_x = 1, .ofs_y = 0},
    {.bitmap_index = 74783, .adv_w = 104, .box_w = 7, .box_h = 17, .ofs_x = 0, .ofs_y = 0},
    {.bitmap_index = 74843, .adv_w = 104, .box_w = 7, .box_h = 23, .ofs_x = -2, .ofs_y = -6},
    {.bitmap_index = 74924, .adv_w = 334, .box_w = 20, .box_h = 13, .ofs_x = 0, .ofs_y = 0},
    {.bitmap_index = 75054, .adv_w = 346, .box_w = 19, .box_h = 13, .ofs_x = 2, .ofs_y = 0},
    {.bitmap_index = 75178, .adv_w = 242, .box_w = 14, .box_h = 18, .ofs_x = 0, .ofs_y = 0},
    {.bitmap_index = 75304, .adv_w = 214, .box_w = 12, .box_h = 18, .ofs_x = 2, .ofs_y = 0},
    {.bitmap_index = 75412, .adv_w = 245, .box_w = 12, .box_h = 18, .ofs_x = 2, .ofs_y = 0},
    {.bitmap_index = 75520, .adv_w = 202, .box_w = 13, .box_h = 24, .ofs_x = 0, .ofs_y = -6},
    {.bitmap_index = 75676, .adv_w = 238, .box_w = 11, .box_h = 17, .ofs_x = 2, .ofs_y = -4},
    {.bitmap_index = 75770, .adv_w = 357, .box_w = 22, .box_h = 17, .ofs_x = 0, .ofs_y = 0},
    {.bitmap_index = 75957, .adv_w = 314, .box_w = 19, .box_h = 13, .ofs_x = 0, .ofs_y = 0},
    {.bitmap_index = 76081, .adv_w = 259, .box_w = 15, .box_h = 17, .ofs_x = 0, .ofs_y = 0},
    {.bitmap_index = 76209, .adv_w = 247, .box_w = 15, .box_h = 16, .ofs_x = 0, .ofs_y = 0},
    {.bitmap_index = 76329, .adv_w = 357, .box_w = 20, .box_h = 17, .ofs_x = 2, .ofs_y = 0},
    {.bitmap_index = 76499, .adv_w = 292, .box_w = 17, .box_h = 13, .ofs_x = 1, .ofs_y = 0},
    {.bitmap_index = 76610, .adv_w = 268, .box_w = 17, .box_h = 17, .ofs_x = 0, .ofs_y = 0},
    {.bitmap_index = 76755, .adv_w = 227, .box_w = 15, .box_h = 13, .ofs_x = 0, .ofs_y = 0},
    {.bitmap_index = 76853, .adv_w = 365, .box_w = 21, .box_h = 17, .ofs_x = 2, .ofs_y = 0},
    {.bitmap_index = 77032, .adv_w = 313, .box_w = 19, .box_h = 13, .ofs_x = 1, .ofs_y = 0},
    {.bitmap_index = 77156, .adv_w = 288, .box_w = 18, .box_h = 17, .ofs_x = 0, .ofs_y = 0},
    {.bitmap_index = 77309, .adv_w = 244, .box_w = 16, .box_h = 13, .ofs_x = 0, .ofs_y = 0},
    {.bitmap_index = 77413, .adv_w = 388, .box_w = 23, .box_h = 17, .ofs_x = 2, .ofs_y = 0},
    {.bitmap_index = 77609, .adv_w = 329, .box_w = 20, .box_h = 13, .ofs_x = 1, .ofs_y = 0},
    {.bitmap_index = 77739, .adv_w = 230, .box_w = 14, .box_h = 26, .ofs_x = 0, .ofs_y = -5},
    {.bitmap_index = 77921, .adv_w = 195, .box_w = 12, .box_h = 21, .ofs_x = 0, .ofs_y = -5},
    {.bitmap_index = 78047, .adv_w = 318, .box_w = 16, .box_h = 17, .ofs_x = 2, .ofs_y = 0},
    {.bitmap_index = 78183, .adv_w = 301, .box_w = 16, .box_h = 24, .ofs_x = 1, .ofs_y = -6},
    {.bitmap_index = 78375, .adv_w = 301, .box_w = 17, .box_h = 17, .ofs_x = 1, .ofs_y = 0},
    {.bitmap_index = 78520, .adv_w = 234, .box_w = 13, .box_h = 13, .ofs_x = 1, .ofs_y = 0},
    {.bitmap_index = 78605, .adv_w = 253, .box_w = 17, .box_h = 17, .ofs_x = 0, .ofs_y = 0},
    {.bitmap_index = 78750, .adv_w = 208, .box_w = 14, .box_h = 13, .ofs_x = 0, .ofs_y = 0},
    {.bitmap_index = 78841, .adv_w = 253, .box_w = 17, .box_h = 22, .ofs_x = 0, .ofs_y = 0},
    {.bitmap_index = 79028, .adv_w = 208, .box_w = 14, .box_h = 18, .ofs_x = 0, .ofs_y = 0},
    {.bitmap_index = 79154, .adv_w = 480, .box_w = 29, .box_h = 23, .ofs_x = 1, .ofs_y = -6},
    {.bitmap_index = 79488, .adv_w = 430, .box_w = 26, .box_h = 19, .ofs_x = 1, .ofs_y = -6},
    {.bitmap_index = 79735, .adv_w = 316, .box_w = 18, .box_h = 20, .ofs_x = 1, .ofs_y = -1},
    {.bitmap_index = 79915, .adv_w = 256, .box_w = 14, .box_h = 16, .ofs_x = 1, .ofs_y = -1},
    {.bitmap_index = 80027, .adv_w = 401, .box_w = 23, .box_h = 25, .ofs_x = 1, .ofs_y = 0},
    {.bitmap_index = 80315, .adv_w = 353, .box_w = 20, .box_h = 21, .ofs_x = 1, .ofs_y = 0},
    {.bitmap_index = 80525, .adv_w = 357, .box_w = 22, .box_h = 22, .ofs_x = 0, .ofs_y = 0},
    {.bitmap_index = 80767, .adv_w = 314, .box_w = 19, .box_h = 17, .ofs_x = 0, .ofs_y = 0},
    {.bitmap_index = 80929, .adv_w = 251, .box_w = 14, .box_h = 23, .ofs_x = 1, .ofs_y = -6},
    {.bitmap_index = 81090, .adv_w = 192, .box_w = 11, .box_h = 19, .ofs_x = 1, .ofs_y = -6},
    {.bitmap_index = 81195, .adv_w = 234, .box_w = 13, .box_h = 16, .ofs_x = 1, .ofs_y = -1},
    {.bitmap_index = 81299, .adv_w = 0, .box_w = 10, .box_h = 5, .ofs_x = -12, .ofs_y = 13},
    {.bitmap_index = 81324, .adv_w = 0, .box_w = 9, .box_h = 3, .ofs_x = -11, .ofs_y = 14},
    {.bitmap_index = 81338, .adv_w = 0, .box_w = 4, .box_h = 5, .ofs_x = -9, .ofs_y = 14},
    {.bitmap_index = 81348, .adv_w = 0, .box_w = 4, .box_h = 5, .ofs_x = -9, .ofs_y = 14},
    {.bitmap_index = 81358, .adv_w = 0, .box_w = 10, .box_h = 3, .ofs_x = -5, .ofs_y = 18},
    {.bitmap_index = 81373, .adv_w = 0, .box_w = 28, .box_h = 26, .ofs_x = -14, .ofs_y = -6},
    {.bitmap_index = 81737, .adv_w = 0, .box_w = 28, .box_h = 26, .ofs_x = -14, .ofs_y = -7},
    {.bitmap_index = 82101, .adv_w = 316, .box_w = 18, .box_h = 27, .ofs_x = 2, .ofs_y = -5},
    {.bitmap_index = 82344, .adv_w = 269, .box_w = 16, .box_h = 23, .ofs_x = 1, .ofs_y = -5},
    {.bitmap_index = 82528, .adv_w = 239, .box_w = 14, .box_h = 17, .ofs_x = 0, .ofs_y = 0},
    {.bitmap_index = 82647, .adv_w = 230, .box_w = 14, .box_h = 18, .ofs_x = 0, .ofs_y = 0},
    {.bitmap_index = 82773, .adv_w = 237, .box_w = 12, .box_h = 17, .ofs_x = 2, .ofs_y = 0},
    {.bitmap_index = 82875, .adv_w = 238, .box_w = 13, .box_h = 19, .ofs_x = 1, .ofs_y = -6},
    {.bitmap_index = 82999, .adv_w = 210, .box_w = 11, .box_h = 21, .ofs_x = 2, .ofs_y = 0},
    {.bitmap_index = 83115, .adv_w = 176, .box_w = 10, .box_h = 17, .ofs_x = 1, .ofs_y = 0},
    {.bitmap_index = 83200, .adv_w = 207, .box_w = 13, .box_h = 17, .ofs_x = 0, .ofs_y = 0},
    {.bitmap_index = 83311, .adv_w = 173, .box_w = 11, .box_h = 13, .ofs_x = 0, .ofs_y = 0},
    {.bitmap_index = 83383, .adv_w = 259, .box_w = 14, .box_h = 23, .ofs_x = 2, .ofs_y = -6},
    {.bitmap_index = 83544, .adv_w = 212, .box_w = 12, .box_h = 19, .ofs_x = 1, .ofs_y = -6},
    {.bitmap_index = 83658, .adv_w = 361, .box_w = 23, .box_h = 22, .ofs_x = 0, .ofs_y = -5},
    {.bitmap_index = 83911, .adv_w = 321, .box_w = 20, .box_h = 18, .ofs_x = 0, .ofs_y = -5},
    {.bitmap_index = 84091, .adv_w = 223, .box_w = 13, .box_h = 23, .ofs_x = 0, .ofs_y = -6},
    {.bitmap_index = 84241, .adv_w = 190, .box_w = 11, .box_h = 19, .ofs_x = 0, .ofs_y = -6},
    {.bitmap_index = 84346, .adv_w = 267, .box_w = 15, .box_h = 22, .ofs_x = 2, .ofs_y = -5},
    {.bitmap_index = 84511, .adv_w = 225, .box_w = 13, .box_h = 18, .ofs_x = 1, .ofs_y = -5},
    {.bitmap_index = 84628, .adv_w = 245, .box_w = 14, .box_h = 17, .ofs_x = 2, .ofs_y = 0},
    {.bitmap_index = 84747, .adv_w = 213, .box_w = 13, .box_h = 13, .ofs_x = 1, .ofs_y = 0},
    {.bitmap_index = 84832, .adv_w = 248, .box_w = 16, .box_h = 17, .ofs_x = 0, .ofs_y = 0},
    {.bitmap_index = 84968, .adv_w = 215, .box_w = 14, .box_h = 18, .ofs_x = 0, .ofs_y = 0},
    {.bitmap_index = 85094, .adv_w = 271, .box_w = 17, .box_h = 17, .ofs_x = 0, .ofs_y = 0},
    {.bitmap_index = 85239, .adv_w = 247, .box_w = 16, .box_h = 13, .ofs_x = 0, .ofs_y = 0},
    {.bitmap_index = 85343, .adv_w = 300, .box_w = 17, .box_h = 22, .ofs_x = 2, .ofs_y = -5},
    {.bitmap_index = 85530, .adv_w = 262, .box_w = 15, .box_h = 18, .ofs_x = 1, .ofs_y = -5},
    {.bitmap_index = 85665, .adv_w = 315, .box_w = 18, .box_h = 17, .ofs_x = 2, .ofs_y = 0},
    {.bitmap_index = 85818, .adv_w = 286, .box_w = 17, .box_h = 13, .ofs_x = 1, .ofs_y = 0},
    {.bitmap_index = 85929, .adv_w = 413, .box_w = 23, .box_h = 23, .ofs_x = 2, .ofs_y = -6},
    {.bitmap_index = 86194, .adv_w = 334, .box_w = 20, .box_h = 19, .ofs_x = 1, .ofs_y = -6},
    {.bitmap_index = 86384, .adv_w = 299, .box_w = 17, .box_h = 18, .ofs_x = 1, .ofs_y = -1},
    {.bitmap_index = 86537, .adv_w = 248, .box_w = 14, .box_h = 14, .ofs_x = 1, .ofs_y = -1},
    {.bitmap_index = 86635, .adv_w = 244, .box_w = 14, .box_h = 23, .ofs_x = 1, .ofs_y = -6},
    {.bitmap_index = 86796, .adv_w = 189, .box_w = 11, .box_h = 19, .ofs_x = 1, .ofs_y = -6},
    {.bitmap_index = 86901, .adv_w = 216, .box_w = 14, .box_h = 22, .ofs_x = 0, .ofs_y = -5},
    {.bitmap_index = 87055, .adv_w = 191, .box_w = 12, .box_h = 18, .ofs_x = 0, .ofs_y = -5},
    {.bitmap_index = 87163, .adv_w = 224, .box_w = 15, .box_h = 17, .ofs_x = 0, .ofs_y = 0},
    {.bitmap_index = 87291, .adv_w = 202, .box_w = 13, .box_h = 19, .ofs_x = 0, .ofs_y = -6},
    {.bitmap_index = 87415, .adv_w = 224, .box_w = 15, .box_h = 17, .ofs_x = 0, .ofs_y = 0},
    {.bitmap_index = 87543, .adv_w = 202, .box_w = 13, .box_h = 19, .ofs_x = 0, .ofs_y = -6},
    {.bitmap_index = 87667, .adv_w = 255, .box_w = 16, .box_h = 22, .ofs_x = 0, .ofs_y = -5},
    {.bitmap_index = 87843, .adv_w = 221, .box_w = 14, .box_h = 18, .ofs_x = 0, .ofs_y = -5},
    {.bitmap_index = 87969, .adv_w = 339, .box_w = 21, .box_h = 22, .ofs_x = 0, .ofs_y = -5},
    {.bitmap_index = 88200, .adv_w = 286, .box_w = 18, .box_h = 18, .ofs_x = 0, .ofs_y = -5},
    {.bitmap_index = 88362, .adv_w = 281, .box_w = 17, .box_h = 22, .ofs_x = 1, .ofs_y = -5},
    {.bitmap_index = 88549, .adv_w = 250, .box_w = 15, .box_h = 18, .ofs_x = 1, .ofs_y = -5},
    {.bitmap_index = 88684, .adv_w = 272, .box_w = 14, .box_h = 17, .ofs_x = 1, .ofs_y = 0},
    {.bitmap_index = 88803, .adv_w = 239, .box_w = 12, .box_h = 13, .ofs_x = 1, .ofs_y = 0},
    {.bitmap_index = 88881, .adv_w = 272, .box_w = 14, .box_h = 17, .ofs_x = 2, .ofs_y = 0},
    {.bitmap_index = 89000, .adv_w = 241, .box_w = 13, .box_h = 18, .ofs_x = 1, .ofs_y = 0},
    {.bitmap_index = 89117, .adv_w = 337, .box_w = 20, .box_h = 17, .ofs_x = 0, .ofs_y = 0},
    {.bitmap_index = 89287, .adv_w = 260, .box_w = 16, .box_h = 13, .ofs_x = 0, .ofs_y = 0},
    {.bitmap_index = 89391, .adv_w = 337, .box_w = 20, .box_h = 22, .ofs_x = 0, .ofs_y = -5},
    {.bitmap_index = 89611, .adv_w = 260, .box_w = 16, .box_h = 18, .ofs_x = 0, .ofs_y = -5},
    {.bitmap_index = 89755, .adv_w = 136, .box_w = 8, .box_h = 17, .ofs_x = 0, .ofs_y = 0},
    {.bitmap_index = 89823, .adv_w = 358, .box_w = 23, .box_h = 22, .ofs_x = 0, .ofs_y = 0},
    {.bitmap_index = 90076, .adv_w = 304, .box_w = 19, .box_h = 18, .ofs_x = 0, .ofs_y = 0},
    {.bitmap_index = 90247, .adv_w = 275, .box_w = 14, .box_h = 23, .ofs_x = 2, .ofs_y = -6},
    {.bitmap_index = 90408, .adv_w = 225, .box_w = 13, .box_h = 19, .ofs_x = 1, .ofs_y = -6},
    {.bitmap_index = 90532, .adv_w = 290, .box_w = 18, .box_h = 21, .ofs_x = 0, .ofs_y = -4},
    {.bitmap_index = 90721, .adv_w = 241, .box_w = 15, .box_h = 18, .ofs_x = 0, .ofs_y = -5},
    {.bitmap_index = 90856, .adv_w = 285, .box_w = 14, .box_h = 23, .ofs_x = 2, .ofs_y = -6},
    {.bitmap_index = 91017, .adv_w = 243, .box_w = 13, .box_h = 19, .ofs_x = 1, .ofs_y = -6},
    {.bitmap_index = 91141, .adv_w = 302, .box_w = 17, .box_h = 22, .ofs_x = 2, .ofs_y = -5},
    {.bitmap_index = 91328, .adv_w = 263, .box_w = 16, .box_h = 18, .ofs_x = 1, .ofs_y = -5},
    {.bitmap_index = 91472, .adv_w = 272, .box_w = 14, .box_h = 22, .ofs_x = 1, .ofs_y = -5},
    {.bitmap_index = 91626, .adv_w = 240, .box_w = 13, .box_h = 18, .ofs_x = 1, .ofs_y = -5},
    {.bitmap_index = 91743, .adv_w = 366, .box_w = 21, .box_h = 22, .ofs_x = 2, .ofs_y = -5},
    {.bitmap_index = 91974, .adv_w = 309, .box_w = 19, .box_h = 18, .ofs_x = 1, .ofs_y = -5},
    {.bitmap_index = 92145, .adv_w = 136, .box_w = 8, .box_h = 17, .ofs_x = 0, .ofs_y = 0},
    {.bitmap_index = 92213, .adv_w = 252, .box_w = 16, .box_h = 22, .ofs_x = 0, .ofs_y = 0},
    {.bitmap_index = 92389, .adv_w = 220, .box_w = 11, .box_h = 18, .ofs_x = 1, .ofs_y = 0},
    {.bitmap_index = 92488, .adv_w = 252, .box_w = 16, .box_h = 22, .ofs_x = 0, .ofs_y = 0},
    {.bitmap_index = 92664, .adv_w = 220, .box_w = 11, .box_h = 17, .ofs_x = 1, .ofs_y = 0},
    {.bitmap_index = 92758, .adv_w = 346, .box_w = 22, .box_h = 17, .ofs_x = -1, .ofs_y = 0},
    {.bitmap_index = 92945, .adv_w = 338, .box_w = 19, .box_h = 13, .ofs_x = 1, .ofs_y = 0},
    {.bitmap_index = 93069, .adv_w = 214, .box_w = 10, .box_h = 22, .ofs_x = 2, .ofs_y = 0},
    {.bitmap_index = 93179, .adv_w = 220, .box_w = 12, .box_h = 18, .ofs_x = 1, .ofs_y = 0},
    {.bitmap_index = 93287, .adv_w = 293, .box_w = 16, .box_h = 17, .ofs_x = 1, .ofs_y = 0},
    {.bitmap_index = 93423, .adv_w = 220, .box_w = 12, .box_h = 13, .ofs_x = 1, .ofs_y = 0},
    {.bitmap_index = 93501, .adv_w = 293, .box_w = 16, .box_h = 22, .ofs_x = 1, .ofs_y = 0},
    {.bitmap_index = 93677, .adv_w = 220, .box_w = 12, .box_h = 17, .ofs_x = 1, .ofs_y = 0},
    {.bitmap_index = 93779, .adv_w = 358, .box_w = 23, .box_h = 22, .ofs_x = 0, .ofs_y = 0},
    {.bitmap_index = 94032, .adv_w = 304, .box_w = 19, .box_h = 17, .ofs_x = 0, .ofs_y = 0},
    {.bitmap_index = 94194, .adv_w = 223, .box_w = 13, .box_h = 22, .ofs_x = 0, .ofs_y = 0},
    {.bitmap_index = 94337, .adv_w = 190, .box_w = 11, .box_h = 17, .ofs_x = 0, .ofs_y = 0},
    {.bitmap_index = 94431, .adv_w = 225, .box_w = 13, .box_h = 17, .ofs_x = 0, .ofs_y = 0},
    {.bitmap_index = 94542, .adv_w = 200, .box_w = 12, .box_h = 19, .ofs_x = 0, .ofs_y = -6},
    {.bitmap_index = 94656, .adv_w = 294, .box_w = 15, .box_h = 20, .ofs_x = 2, .ofs_y = 0},
    {.bitmap_index = 94806, .adv_w = 245, .box_w = 12, .box_h = 16, .ofs_x = 2, .ofs_y = 0},
    {.bitmap_index = 94902, .adv_w = 294, .box_w = 15, .box_h = 22, .ofs_x = 2, .ofs_y = 0},
    {.bitmap_index = 95067, .adv_w = 245, .box_w = 12, .box_h = 17, .ofs_x = 2, .ofs_y = 0},
    {.bitmap_index = 95169, .adv_w = 301, .box_w = 17, .box_h = 22, .ofs_x = 1, .ofs_y = 0},
    {.bitmap_index = 95356, .adv_w = 235, .box_w = 13, .box_h = 17, .ofs_x = 1, .ofs_y = 0},
    {.bitmap_index = 95467, .adv_w = 301, .box_w = 17, .box_h = 17, .ofs_x = 1, .ofs_y = 0},
    {.bitmap_index = 95612, .adv_w = 235, .box_w = 13, .box_h = 13, .ofs_x = 1, .ofs_y = 0},
    {.bitmap_index = 95697, .adv_w = 301, .box_w = 17, .box_h = 22, .ofs_x = 1, .ofs_y = 0},
    {.bitmap_index = 95884, .adv_w = 235, .box_w = 13, .box_h = 17, .ofs_x = 1, .ofs_y = 0},
    {.bitmap_index = 95995, .adv_w = 249, .box_w = 14, .box_h = 22, .ofs_x = 1, .ofs_y = 0},
    {.bitmap_index = 96149, .adv_w = 193, .box_w = 11, .box_h = 17, .ofs_x = 0, .ofs_y = 0},
    {.bitmap_index = 96243, .adv_w = 240, .box_w = 15, .box_h = 21, .ofs_x = 0, .ofs_y = 0},
    {.bitmap_index = 96401, .adv_w = 202, .box_w = 13, .box_h = 22, .ofs_x = 0, .ofs_y = -6},
    {.bitmap_index = 96544, .adv_w = 240, .box_w = 15, .box_h = 22, .ofs_x = 0, .ofs_y = 0},
    {.bitmap_index = 96709, .adv_w = 202, .box_w = 13, .box_h = 23, .ofs_x = 0, .ofs_y = -6},
    {.bitmap_index = 96859, .adv_w = 240, .box_w = 15, .box_h = 23, .ofs_x = 0, .ofs_y = 0},
    {.bitmap_index = 97032, .adv_w = 203, .box_w = 13, .box_h = 24, .ofs_x = 0, .ofs_y = -6},
    {.bitmap_index = 97188, .adv_w = 264, .box_w = 14, .box_h = 22, .ofs_x = 1, .ofs_y = 0},
    {.bitmap_index = 97342, .adv_w = 232, .box_w = 12, .box_h = 17, .ofs_x = 1, .ofs_y = 0},
    {.bitmap_index = 97444, .adv_w = 207, .box_w = 11, .box_h = 22, .ofs_x = 2, .ofs_y = -5},
    {.bitmap_index = 97565, .adv_w = 171, .box_w = 10, .box_h = 18, .ofs_x = 1, .ofs_y = -5},
    {.bitmap_index = 97655, .adv_w = 334, .box_w = 17, .box_h = 22, .ofs_x = 2, .ofs_y = 0},
    {.bitmap_index = 97842, .adv_w = 302, .box_w = 15, .box_h = 17, .ofs_x = 2, .ofs_y = 0},
    {.bitmap_index = 97970, .adv_w = 207, .box_w = 13, .box_h = 22, .ofs_x = 0, .ofs_y = -5},
    {.bitmap_index = 98113, .adv_w = 173, .box_w = 11, .box_h = 18, .ofs_x = 0, .ofs_y = -5},
    {.bitmap_index = 98212, .adv_w = 254, .box_w = 16, .box_h = 22, .ofs_x = 0, .ofs_y = -5},
    {.bitmap_index = 98388, .adv_w = 222, .box_w = 14, .box_h = 18, .ofs_x = 0, .ofs_y = -5},
    {.bitmap_index = 98514, .adv_w = 235, .box_w = 15, .box_h = 17, .ofs_x = 0, .ofs_y = 0},
    {.bitmap_index = 98642, .adv_w = 209, .box_w = 13, .box_h = 13, .ofs_x = 0, .ofs_y = 0},
    {.bitmap_index = 98727, .adv_w = 192, .box_w = 0, .box_h = 0, .ofs_x = 0, .ofs_y = 0},
    {.bitmap_index = 98727, .adv_w = 384, .box_w = 0, .box_h = 0, .ofs_x = 0, .ofs_y = 0},
    {.bitmap_index = 98727, .adv_w = 192, .box_w = 0, .box_h = 0, .ofs_x = 0, .ofs_y = 0},
    {.bitmap_index = 98727, .adv_w = 384, .box_w = 0, .box_h = 0, .ofs_x = 0, .ofs_y = 0},
    {.bitmap_index = 98727, .adv_w = 128, .box_w = 0, .box_h = 0, .ofs_x = 0, .ofs_y = 0},
    {.bitmap_index = 98727, .adv_w = 96, .box_w = 0, .box_h = 0, .ofs_x = 0, .ofs_y = 0},
    {.bitmap_index = 98727, .adv_w = 64, .box_w = 0, .box_h = 0, .ofs_x = 0, .ofs_y = 0},
    {.bitmap_index = 98727, .adv_w = 220, .box_w = 0, .box_h = 0, .ofs_x = 0, .ofs_y = 0},
    {.bitmap_index = 98727, .adv_w = 104, .box_w = 0, .box_h = 0, .ofs_x = 0, .ofs_y = 0},
    {.bitmap_index = 98727, .adv_w = 64, .box_w = 0, .box_h = 0, .ofs_x = 0, .ofs_y = 0},
    {.bitmap_index = 98727, .adv_w = 38, .box_w = 0, .box_h = 0, .ofs_x = 0, .ofs_y = 0},
    {.bitmap_index = 98727, .adv_w = 0, .box_w = 0, .box_h = 0, .ofs_x = 0, .ofs_y = 0},
    {.bitmap_index = 98727, .adv_w = 0, .box_w = 0, .box_h = 0, .ofs_x = 0, .ofs_y = 0},
    {.bitmap_index = 98727, .adv_w = 0, .box_w = 0, .box_h = 0, .ofs_x = 0, .ofs_y = 0},
    {.bitmap_index = 98727, .adv_w = 0, .box_w = 7, .box_h = 21, .ofs_x = -1, .ofs_y = -4},
    {.bitmap_index = 98801, .adv_w = 0, .box_w = 7, .box_h = 21, .ofs_x = -6, .ofs_y = -4},
    {.bitmap_index = 98875, .adv_w = 123, .box_w = 7, .box_h = 3, .ofs_x = 0, .ofs_y = 5},
    {.bitmap_index = 98886, .adv_w = 123, .box_w = 7, .box_h = 3, .ofs_x = 0, .ofs_y = 5},
    {.bitmap_index = 98897, .adv_w = 220, .box_w = 13, .box_h = 3, .ofs_x = 0, .ofs_y = 7},
    {.bitmap_index = 98917, .adv_w = 192, .box_w = 12, .box_h = 3, .ofs_x = 0, .ofs_y = 5},
    {.bitmap_index = 98935, .adv_w = 384, .box_w = 24, .box_h = 3, .ofs_x = 0, .ofs_y = 5},
    {.bitmap_index = 98971, .adv_w = 384, .box_w = 24, .box_h = 3, .ofs_x = 0, .ofs_y = 5},
    {.bitmap_index = 99007, .adv_w = 212, .box_w = 9, .box_h = 24, .ofs_x = 2, .ofs_y = -6},
    {.bitmap_index = 99115, .adv_w = 158, .box_w = 11, .box_h = 5, .ofs_x = -1, .ofs_y = -5},
    {.bitmap_index = 99143, .adv_w = 72, .box_w = 5, .box_h = 6, .ofs_x = 0, .ofs_y = 11},
    {.bitmap_index = 99158, .adv_w = 72, .box_w = 5, .box_h = 6, .ofs_x = 0, .ofs_y = 11},
    {.bitmap_index = 99173, .adv_w = 100, .box_w = 5, .box_h = 6, .ofs_x = 0, .ofs_y = -3},
    {.bitmap_index = 99188, .adv_w = 72, .box_w = 5, .box_h = 6, .ofs_x = 0, .ofs_y = 11},
    {.bitmap_index = 99203, .adv_w = 147, .box_w = 9, .box_h = 6, .ofs_x = 0, .ofs_y = 11},
    {.bitmap_index = 99230, .adv_w = 147, .box_w = 9, .box_h = 6, .ofs_x = 0, .ofs_y = 11},
    {.bitmap_index = 99257, .adv_w = 171, .box_w = 10, .box_h = 6, .ofs_x = 0, .ofs_y = -3},
    {.bitmap_index = 99287, .adv_w = 147, .box_w = 9, .box_h = 6, .ofs_x = 0, .ofs_y = 11},
    {.bitmap_index = 99314, .adv_w = 197, .box_w = 10, .box_h = 18, .ofs_x = 1, .ofs_y = 0},
    {.bitmap_index = 99404, .adv_w = 197, .box_w = 10, .box_h = 18, .ofs_x = 1, .ofs_y = 0},
    {.bitmap_index = 99494, .adv_w = 144, .box_w = 7, .box_h = 7, .ofs_x = 1, .ofs_y = 6},
    {.bitmap_index = 99519, .adv_w = 142, .box_w = 8, .box_h = 8, .ofs_x = 1, .ofs_y = 5},
    {.bitmap_index = 99551, .adv_w = 192, .box_w = 4, .box_h = 4, .ofs_x = 4, .ofs_y = 0},
    {.bitmap_index = 99559, .adv_w = 210, .box_w = 11, .box_h = 4, .ofs_x = 1, .ofs_y = 0},
    {.bitmap_index = 99581, .adv_w = 311, .box_w = 17, .box_h = 4, .ofs_x = 1, .ofs_y = 0},
    {.bitmap_index = 99615, .adv_w = 104, .box_w = 4, .box_h = 4, .ofs_x = 1, .ofs_y = 4},
    {.bitmap_index = 99623, .adv_w = 230, .box_w = 0, .box_h = 0, .ofs_x = 0, .ofs_y = 0},
    {.bitmap_index = 99623, .adv_w = 230, .box_w = 0, .box_h = 0, .ofs_x = 0, .ofs_y = 0},
    {.bitmap_index = 99623, .adv_w = 0, .box_w = 7, .box_h = 18, .ofs_x = -1, .ofs_y = -4},
    {.bitmap_index = 99686, .adv_w = 0, .box_w = 7, .box_h = 18, .ofs_x = -6, .ofs_y = -4},
    {.bitmap_index = 99749, .adv_w = 0, .box_w = 6, .box_h = 21, .ofs_x = -3, .ofs_y = -4},
    {.bitmap_index = 99812, .adv_w = 0, .box_w = 6, .box_h = 20, .ofs_x = -3, .ofs_y = -4},
    {.bitmap_index = 99872, .adv_w = 0, .box_w = 6, .box_h = 20, .ofs_x = -3, .ofs_y = -4},
    {.bitmap_index = 99932, .adv_w = 64, .box_w = 0, .box_h = 0, .ofs_x = 0, .ofs_y = 0},
    {.bitmap_index = 99932, .adv_w = 463, .box_w = 27, .box_h = 17, .ofs_x = 1, .ofs_y = 0},
    {.bitmap_index = 100162, .adv_w = 607, .box_w = 37, .box_h = 17, .ofs_x = 0, .ofs_y = 0},
    {.bitmap_index = 100477, .adv_w = 97, .box_w = 7, .box_h = 6, .ofs_x = 0, .ofs_y = 11},
    {.bitmap_index = 100498, .adv_w = 170, .box_w = 12, .box_h = 7, .ofs_x = 0, .ofs_y = 10},
    {.bitmap_index = 100540, .adv_w = 243, .box_w = 16, .box_h = 7, .ofs_x = 0, .ofs_y = 10},
    {.bitmap_index = 100596, .adv_w = 111, .box_w = 7, .box_h = 6, .ofs_x = -1, .ofs_y = 11},
    {.bitmap_index = 100617, .adv_w = 192, .box_w = 11, .box_h = 7, .ofs_x = -1, .ofs_y = 10},
    {.bitmap_index = 100656, .adv_w = 261, .box_w = 16, .box_h = 7, .ofs_x = -1, .ofs_y = 10},
    {.bitmap_index = 100712, .adv_w = 154, .box_w = 10, .box_h = 8, .ofs_x = 0, .ofs_y = -6},
    {.bitmap_index = 100752, .adv_w = 125, .box_w = 7, .box_h = 11, .ofs_x = 0, .ofs_y = 1},
    {.bitmap_index = 100791, .adv_w = 125, .box_w = 7, .box_h = 11, .ofs_x = 0, .ofs_y = 1},
    {.bitmap_index = 100830, .adv_w = 323, .box_w = 18, .box_h = 17, .ofs_x = 1, .ofs_y = 0},
    {.bitmap_index = 100983, .adv_w = 200, .box_w = 10, .box_h = 17, .ofs_x = 1, .ofs_y = 0},
    {.bitmap_index = 101068, .adv_w = 174, .box_w = 11, .box_h = 17, .ofs_x = 0, .ofs_y = 0},
    {.bitmap_index = 101162, .adv_w = 192, .box_w = 14, .box_h = 2, .ofs_x = -1, .ofs_y = 18},
    {.bitmap_index = 101176, .adv_w = 234, .box_w = 15, .box_h = 5, .ofs_x = 0, .ofs_y = -6},
    {.bitmap_index = 101214, .adv_w = 234, .box_w = 15, .box_h = 6, .ofs_x = 0, .ofs_y = 14},
    {.bitmap_index = 101259, .adv_w = 149, .box_w = 9, .box_h = 16, .ofs_x = 0, .ofs_y = -6},
    {.bitmap_index = 101331, .adv_w = 429, .box_w = 27, .box_h = 22, .ofs_x = 0, .ofs_y = -4},
    {.bitmap_index = 101628, .adv_w = 123, .box_w = 7, .box_h = 3, .ofs_x = 1, .ofs_y = 5},
    {.bitmap_index = 101639, .adv_w = 50, .box_w = 13, .box_h = 17, .ofs_x = -5, .ofs_y = 0},
    {.bitmap_index = 101750, .adv_w = 125, .box_w = 7, .box_h = 21, .ofs_x = 1, .ofs_y = -4},
    {.bitmap_index = 101824, .adv_w = 125, .box_w = 7, .box_h = 21, .ofs_x = 0, .ofs_y = -4},
    {.bitmap_index = 101898, .adv_w = 339, .box_w = 21, .box_h = 17, .ofs_x = 0, .ofs_y = 0},
    {.bitmap_index = 102077, .adv_w = 270, .box_w = 16, .box_h = 17, .ofs_x = 0, .ofs_y = 0},
    {.bitmap_index = 102213, .adv_w = 271, .box_w = 16, .box_h = 17, .ofs_x = 1, .ofs_y = 0},
    {.bitmap_index = 102349, .adv_w = 222, .box_w = 13, .box_h = 13, .ofs_x = 0, .ofs_y = 0},
    {.bitmap_index = 102434, .adv_w = 251, .box_w = 13, .box_h = 22, .ofs_x = 2, .ofs_y = -4},
    {.bitmap_index = 102577, .adv_w = 247, .box_w = 13, .box_h = 12, .ofs_x = 1, .ofs_y = 1},
    {.bitmap_index = 102655, .adv_w = 247, .box_w = 13, .box_h = 12, .ofs_x = 2, .ofs_y = 1},
    {.bitmap_index = 102733, .adv_w = 210, .box_w = 13, .box_h = 11, .ofs_x = 0, .ofs_y = -5},
    {.bitmap_index = 102805, .adv_w = 96, .box_w = 5, .box_h = 16, .ofs_x = 1, .ofs_y = -3},
    {.bitmap_index = 102845, .adv_w = 232, .box_w = 15, .box_h = 25, .ofs_x = 0, .ofs_y = -6},
    {.bitmap_index = 103033, .adv_w = 210, .box_w = 13, .box_h = 23, .ofs_x = 0, .ofs_y = -5},
    {.bitmap_index = 103183, .adv_w = 149, .box_w = 10, .box_h = 17, .ofs_x = 0, .ofs_y = 0},
    {.bitmap_index = 103268, .adv_w = 384, .box_w = 22, .box_h = 4, .ofs_x = 1, .ofs_y = 5},
    {.bitmap_index = 103312, .adv_w = 232, .box_w = 15, .box_h = 6, .ofs_x = 0, .ofs_y = -6},
    {.bitmap_index = 103357, .adv_w = 218, .box_w = 13, .box_h = 13, .ofs_x = 0, .ofs_y = 0},
    {.bitmap_index = 103442, .adv_w = 205, .box_w = 11, .box_h = 17, .ofs_x = 1, .ofs_y = 0},
    {.bitmap_index = 103536, .adv_w = 307, .box_w = 20, .box_h = 7, .ofs_x = 0, .ofs_y = 10},
    {.bitmap_index = 103606, .adv_w = 321, .box_w = 18, .box_h = 17, .ofs_x = 1, .ofs_y = 0},
    {.bitmap_index = 103759, .adv_w = 323, .box_w = 18, .box_h = 17, .ofs_x = 1, .ofs_y = 0},
    {.bitmap_index = 103912, .adv_w = 92, .box_w = 4, .box_h = 17, .ofs_x = 1, .ofs_y = 0},
    {.bitmap_index = 103946, .adv_w = 256, .box_w = 14, .box_h = 18, .ofs_x = 1, .ofs_y = 0},
    {.bitmap_index = 104072, .adv_w = 312, .box_w = 19, .box_h = 19, .ofs_x = 0, .ofs_y = -1},
    {.bitmap_index = 104253, .adv_w = 104, .box_w = 4, .box_h = 17, .ofs_x = 1, .ofs_y = 0},
    {.bitmap_index = 104287, .adv_w = 105, .box_w = 4, .box_h = 17, .ofs_x = 1, .ofs_y = 0},
    {.bitmap_index = 104321, .adv_w = 85, .box_w = 0, .box_h = 0, .ofs_x = 0, .ofs_y = 0},
    {.bitmap_index = 104321, .adv_w = 230, .box_w = 0, .box_h = 0, .ofs_x = 0, .ofs_y = 0},
    {.bitmap_index = 104321, .adv_w = 230, .box_w = 0, .box_h = 0, .ofs_x = 0, .ofs_y = 0},
    {.bitmap_index = 104321, .adv_w = 230, .box_w = 0, .box_h = 0, .ofs_x = 0, .ofs_y = 0},
    {.bitmap_index = 104321, .adv_w = 230, .box_w = 0, .box_h = 0, .ofs_x = 0, .ofs_y = 0},
    {.bitmap_index = 104321, .adv_w = 230, .box_w = 0, .box_h = 0, .ofs_x = 0, .ofs_y = 0},
    {.bitmap_index = 104321, .adv_w = 0, .box_w = 0, .box_h = 0, .ofs_x = 0, .ofs_y = 0},
    {.bitmap_index = 104321, .adv_w = 0, .box_w = 0, .box_h = 0, .ofs_x = 0, .ofs_y = 0},
    {.bitmap_index = 104321, .adv_w = 0, .box_w = 0, .box_h = 0, .ofs_x = 0, .ofs_y = 0},
    {.bitmap_index = 104321, .adv_w = 0, .box_w = 0, .box_h = 0, .ofs_x = 0, .ofs_y = 0},
    {.bitmap_index = 104321, .adv_w = 0, .box_w = 6, .box_h = 20, .ofs_x = -3, .ofs_y = -4},
    {.bitmap_index = 104381, .adv_w = 0, .box_w = 6, .box_h = 20, .ofs_x = -3, .ofs_y = -4},
    {.bitmap_index = 104441, .adv_w = 0, .box_w = 6, .box_h = 20, .ofs_x = -3, .ofs_y = -3},
    {.bitmap_index = 104501, .adv_w = 0, .box_w = 6, .box_h = 20, .ofs_x = -3, .ofs_y = -3},
    {.bitmap_index = 104561, .adv_w = 0, .box_w = 6, .box_h = 20, .ofs_x = -3, .ofs_y = -3},
    {.bitmap_index = 104621, .adv_w = 0, .box_w = 6, .box_h = 20, .ofs_x = -3, .ofs_y = -4}
};

/*---------------------
 *  CHARACTER MAPPING
 *--------------------*/



/*Collect the unicode lists and glyph_id offsets*/
static const lv_font_fmt_txt_cmap_t cmaps[] =
{
    {
        .range_start = 32, .range_length = 95, .glyph_id_start = 1,
        .unicode_list = NULL, .glyph_id_ofs_list = NULL, .list_length = 0, .type = LV_FONT_FMT_TXT_CMAP_FORMAT0_TINY
    },
    {
        .range_start = 160, .range_length = 176, .glyph_id_start = 96,
        .unicode_list = NULL, .glyph_id_ofs_list = NULL, .list_length = 0, .type = LV_FONT_FMT_TXT_CMAP_FORMAT0_TINY
    },
    {
        .range_start = 336, .range_length = 256, .glyph_id_start = 272,
        .unicode_list = NULL, .glyph_id_ofs_list = NULL, .list_length = 0, .type = LV_FONT_FMT_TXT_CMAP_FORMAT0_TINY
    },
    {
        .range_start = 1024, .range_length = 256, .glyph_id_start = 528,
        .unicode_list = NULL, .glyph_id_ofs_list = NULL, .list_length = 0, .type = LV_FONT_FMT_TXT_CMAP_FORMAT0_TINY
    },
    {
        .range_start = 8192, .range_length = 101, .glyph_id_start = 784,
        .unicode_list = NULL, .glyph_id_ofs_list = NULL, .list_length = 0, .type = LV_FONT_FMT_TXT_CMAP_FORMAT0_TINY
    },
    {
        .range_start = 8294, .range_length = 10, .glyph_id_start = 885,
        .unicode_list = NULL, .glyph_id_ofs_list = NULL, .list_length = 0, .type = LV_FONT_FMT_TXT_CMAP_FORMAT0_TINY
    }
};

/*-----------------
 *    KERNING
 *----------------*/


/*Map glyph_ids to kern left classes*/
static const uint8_t kern_left_class_mapping[] =
{
    0, 0, 0, 0, 0, 0, 0, 1,
    0, 2, 0, 0, 0, 3, 4, 3,
    0, 0, 0, 0, 0, 0, 0, 0,
    0, 0, 0, 5, 0, 0, 0, 0,
    0, 0, 6, 7, 8, 9, 10, 11,
    0, 0, 0, 0, 8, 12, 0, 0,
    9, 13, 9, 14, 0, 15, 16, 17,
    17, 8, 18, 19, 2, 0, 0, 0,
    20, 0, 21, 22, 23, 0, 22, 24,
    0, 21, 0, 0, 0, 0, 21, 21,
    22, 22, 0, 25, 0, 23, 0, 26,
    26, 27, 26, 0, 2, 0, 0, 0,
    0, 28, 0, 0, 0, 0, 0, 0,
    0, 0, 0, 29, 0, 0, 0, 0,
    0, 0, 0, 0, 0, 0, 0, 0,
    0, 0, 0, 30, 0, 0, 0, 31,
    6, 6, 6, 6, 6, 6, 10, 8,
    10, 10, 10, 10, 0, 0, 0, 0,
    9, 0, 9, 9, 9, 9, 9, 0,
    9, 16, 16, 16, 16, 18, 13, 0,
    21, 21, 21, 21, 21, 21, 22, 0,
    22, 22, 22, 22, 0, 0, 32, 32,
    22, 0, 22, 22, 22, 22, 22, 0,
    22, 0, 0, 0, 0, 26, 22, 26,
    6, 21, 6, 21, 33, 21, 8, 0,
    8, 0, 8, 0, 8, 0, 9, 34,
    9, 0, 10, 22, 10, 22, 10, 22,
    10, 22, 10, 22, 0, 0, 0, 0,
    0, 0, 0, 0, 0, 21, 0, 0,
    0, 35, 0, 32, 0, 0, 36, 0,
    0, 0, 0, 0, 0, 0, 8, 0,
    27, 12, 0, 12, 0, 12, 34, 12,
    0, 12, 0, 0, 21, 0, 21, 0,
    0, 21, 0, 21, 9, 22, 9, 22,
    9, 22, 10, 22, 0, 25, 0, 25,
    0, 25, 0, 0, 0, 0, 0, 0,
    0, 0, 15, 23, 15, 37, 15, 23,
    16, 0, 16, 0, 16, 0, 16, 0,
    16, 0, 16, 0, 17, 26, 18, 26,
    18, 19, 0, 19, 0, 19, 0, 0,
    0, 0, 0, 0, 0, 0, 0, 0,
    0, 0, 0, 0, 0, 0, 0, 0,
    0, 0, 0, 0, 0, 0, 0, 0,
    0, 0, 0, 0, 0, 0, 0, 0,
    38, 39, 0, 0, 0, 0, 0, 0,
    0, 0, 0, 0, 0, 0, 0, 40,
    41, 0, 0, 0, 0, 0, 0, 0,
    0, 0, 0, 0, 0, 0, 0, 0,
    0, 0, 0, 0, 0, 0, 0, 0,
    0, 0, 0, 0, 0, 0, 0, 0,
    0, 0, 0, 0, 0, 0, 0, 0,
    0, 0, 0, 0, 0, 0, 0, 0,
    0, 0, 0, 0, 0, 0, 0, 0,
    0, 0, 0, 0, 0, 0, 0, 0,
    0, 0, 0, 0, 0, 0, 0, 0,
    0, 0, 6, 21, 10, 22, 9, 0,
    0, 0, 0, 0, 0, 0, 0, 0,
    0, 0, 0, 32, 0, 0, 0, 0,
    0, 0, 0, 0, 0, 0, 0, 0,
    0, 0, 15, 23, 0, 0, 0, 0,
    0, 0, 0, 0, 0, 0, 0, 0,
    0, 0, 0, 0, 0, 0, 0, 0,
    0, 0, 0, 0, 0, 0, 0, 0,
    0, 0, 0, 0, 0, 0, 0, 0,
    0, 0, 0, 0, 0, 0, 0, 0,
    0, 0, 0, 0, 0, 0, 0, 0,
    42, 42, 43, 44, 45, 46, 0, 0,
    0, 47, 47, 43, 48, 0, 49, 0,
    50, 51, 52, 44, 53, 42, 48, 52,
    0, 0, 48, 0, 0, 0, 54, 0,
    55, 45, 44, 49, 56, 48, 53, 0,
    0, 53, 47, 0, 47, 54, 54, 0,
    57, 58, 59, 60, 61, 62, 63, 59,
    64, 64, 63, 64, 64, 64, 62, 64,
    62, 65, 60, 66, 62, 63, 61, 64,
    64, 61, 67, 64, 67, 62, 62, 64,
    62, 62, 68, 69, 65, 70, 0, 71,
    72, 67, 67, 73, 63, 64, 66, 64,
    54, 74, 75, 67, 45, 65, 50, 76,
    50, 76, 0, 0, 0, 0, 77, 0,
    0, 62, 54, 62, 49, 74, 49, 74,
    66, 66, 54, 62, 54, 62, 54, 74,
    45, 0, 0, 0, 0, 0, 0, 0,
    0, 0, 53, 61, 75, 67, 55, 62,
    78, 79, 80, 81, 0, 0, 82, 83,
    77, 59, 82, 83, 48, 63, 48, 63,
    48, 63, 53, 61, 80, 79, 0, 0,
    0, 62, 45, 65, 78, 79, 84, 85,
    84, 85, 82, 83, 53, 61, 53, 61,
    0, 0, 0, 0, 86, 87, 86, 87,
    0, 48, 63, 0, 0, 53, 61, 0,
    0, 53, 61, 0, 0, 53, 61, 0,
    50, 57, 50, 57, 42, 87, 42, 87,
    54, 62, 54, 62, 48, 63, 77, 59,
    0, 0, 0, 64, 0, 64, 54, 62,
    54, 62, 54, 62, 54, 62, 49, 66,
    49, 66, 49, 66, 0, 64, 78, 79,
    0, 64, 80, 81, 82, 83, 48, 83,
    0, 0, 0, 0, 0, 0, 0, 0,
    0, 0, 0, 0, 0, 0, 0, 0,
    0, 0, 0, 4, 4, 4, 0, 0,
    0, 0, 3, 0, 0, 0, 3, 0,
    0, 0, 0, 0, 0, 0, 0, 0,
    0, 0, 0, 0, 0, 0, 0, 0,
    0, 0, 0, 0, 0, 0, 0, 0,
    0, 29, 30, 0, 0, 0, 0, 0,
    0, 0, 0, 0, 0, 0, 0, 0,
    0, 0, 0, 0, 0, 0, 0, 0,
    0, 0, 0, 0, 0, 0, 0, 0,
    0, 0, 0, 0, 0, 0, 0, 0,
    0, 0, 0, 0, 0, 0, 0, 0,
    0, 0, 0, 0, 0, 0, 0
};

/*Map glyph_ids to kern right classes*/
static const uint8_t kern_right_class_mapping[] =
{
    0, 0, 1, 2, 0, 0, 0, 3,
    2, 0, 4, 0, 0, 5, 6, 5,
    0, 0, 0, 0, 0, 0, 0, 0,
    0, 0, 0, 7, 7, 0, 0, 0,
    8, 0, 9, 0, 10, 0, 0, 0,
    10, 0, 11, 12, 0, 0, 0, 0,
    10, 0, 10, 0, 0, 13, 14, 15,
    15, 16, 17, 18, 0, 0, 4, 0,
    0, 0, 19, 20, 21, 21, 21, 22,
    23, 20, 0, 24, 20, 20, 25, 25,
    21, 25, 21, 25, 26, 22, 25, 27,
    27, 27, 27, 28, 0, 0, 4, 0,
    0, 0, 0, 0, 0, 0, 0, 0,
    0, 0, 0, 29, 0, 0, 0, 0,
    0, 0, 0, 0, 0, 0, 0, 0,
    0, 0, 0, 30, 0, 0, 0, 0,
    9, 9, 9, 9, 9, 9, 31, 10,
    0, 0, 0, 0, 0, 0, 0, 0,
    0, 0, 10, 10, 10, 10, 10, 0,
    10, 14, 14, 14, 14, 17, 0, 0,
    21, 19, 19, 19, 19, 19, 19, 21,
    21, 21, 21, 21, 0, 0, 0, 0,
    0, 0, 21, 21, 21, 21, 21, 0,
    21, 25, 25, 25, 25, 27, 20, 27,
    9, 19, 9, 19, 9, 19, 10, 21,
    10, 21, 10, 21, 10, 21, 0, 21,
    0, 21, 0, 21, 0, 21, 0, 21,
    0, 21, 0, 21, 10, 23, 10, 23,
    10, 23, 10, 23, 0, 20, 0, 32,
    0, 33, 0, 0, 0, 0, 0, 0,
    0, 0, 0, 0, 0, 0, 0, 20,
    25, 0, 20, 0, 20, 0, 20, 0,
    20, 0, 0, 0, 25, 0, 25, 0,
    0, 0, 0, 25, 10, 21, 10, 21,
    10, 21, 10, 21, 0, 25, 0, 25,
    0, 0, 0, 26, 0, 0, 0, 26,
    0, 0, 13, 22, 13, 22, 13, 22,
    14, 25, 14, 25, 14, 25, 14, 25,
    14, 25, 14, 25, 15, 27, 17, 27,
    17, 18, 28, 18, 28, 18, 28, 0,
    0, 0, 0, 0, 0, 0, 0, 0,
    0, 0, 0, 0, 0, 0, 0, 0,
    0, 0, 0, 0, 0, 0, 0, 0,
    0, 0, 0, 0, 0, 0, 0, 0,
    10, 21, 0, 0, 0, 0, 0, 0,
    0, 0, 0, 0, 0, 0, 0, 14,
    25, 0, 0, 0, 0, 0, 0, 0,
    0, 0, 0, 0, 0, 0, 0, 0,
    0, 0, 0, 0, 0, 0, 0, 0,
    0, 0, 0, 0, 0, 0, 0, 0,
    0, 0, 0, 0, 0, 0, 0, 0,
    0, 0, 0, 0, 0, 0, 0, 0,
    0, 0, 0, 0, 0, 0, 0, 0,
    0, 0, 0, 0, 0, 0, 0, 0,
    0, 0, 0, 0, 0, 0, 0, 0,
    0, 0, 9, 19, 31, 19, 10, 21,
    0, 0, 0, 0, 0, 0, 0, 0,
    0, 0, 0, 0, 0, 0, 0, 0,
    0, 0, 0, 0, 0, 0, 0, 0,
    0, 26, 13, 22, 0, 0, 0, 0,
    0, 0, 0, 0, 0, 0, 0, 0,
    0, 0, 0, 0, 0, 0, 0, 0,
    0, 0, 0, 0, 0, 0, 0, 0,
    0, 0, 0, 0, 0, 0, 0, 0,
    0, 0, 0, 0, 0, 0, 0, 0,
    0, 0, 0, 0, 0, 0, 0, 0,
    0, 0, 34, 0, 35, 36, 0, 0,
    37, 38, 0, 34, 0, 0, 39, 0,
    40, 0, 0, 0, 41, 0, 42, 43,
    0, 0, 0, 38, 0, 0, 35, 0,
    0, 35, 34, 39, 44, 42, 0, 45,
    0, 0, 34, 0, 0, 43, 0, 46,
    47, 48, 49, 49, 50, 51, 52, 53,
    49, 49, 49, 54, 49, 49, 51, 49,
    49, 51, 55, 56, 51, 52, 49, 57,
    49, 49, 55, 49, 49, 53, 49, 58,
    51, 51, 59, 49, 51, 60, 0, 61,
    62, 54, 49, 59, 49, 49, 56, 49,
    63, 64, 65, 0, 0, 66, 40, 50,
    0, 66, 0, 0, 0, 66, 43, 0,
    45, 0, 63, 47, 67, 64, 67, 64,
    63, 47, 63, 47, 63, 47, 63, 64,
    63, 47, 0, 0, 0, 0, 0, 0,
    0, 0, 0, 66, 65, 59, 0, 66,
    0, 66, 65, 0, 0, 66, 42, 52,
    43, 53, 0, 66, 0, 66, 0, 59,
    68, 55, 0, 66, 0, 66, 0, 66,
    63, 47, 63, 47, 34, 55, 69, 70,
    69, 70, 42, 52, 68, 55, 45, 57,
    45, 57, 0, 66, 71, 72, 71, 72,
    0, 42, 52, 0, 66, 73, 50, 0,
    66, 0, 66, 45, 57, 0, 66, 0,
    40, 74, 40, 74, 40, 74, 0, 47,
    75, 74, 75, 74, 42, 52, 43, 53,
    0, 0, 0, 49, 0, 49, 63, 47,
    63, 47, 63, 47, 43, 53, 39, 56,
    39, 56, 39, 56, 45, 57, 0, 66,
    0, 49, 65, 0, 42, 52, 42, 52,
    0, 0, 0, 0, 0, 0, 0, 0,
    0, 0, 0, 0, 0, 0, 0, 0,
    0, 0, 0, 6, 6, 6, 0, 0,
    76, 2, 5, 0, 76, 2, 5, 0,
    0, 0, 0, 0, 0, 0, 5, 0,
    0, 0, 0, 0, 0, 0, 0, 0,
    0, 0, 0, 0, 0, 0, 0, 0,
    0, 29, 30, 0, 0, 0, 0, 0,
    0, 0, 0, 0, 0, 0, 0, 0,
    0, 0, 0, 0, 0, 0, 0, 0,
    0, 0, 0, 0, 0, 0, 0, 0,
    0, 0, 0, 0, 0, 0, 0, 0,
    0, 0, 0, 0, 0, 0, 0, 0,
    0, 0, 0, 0, 0, 0, 0
};

/*Kern values between classes*/
static const int8_t kern_class_values[] =
{
    0, 0, 0, 0, 0, 0, 0, 0,
    0, 0, 0, 0, -23, 0, -8, 0,
    -12, 0, 0, 0, 0, 0, 0, 0,
    0, 0, 0, 0, 0, 0, 0, 0,
    0, 0, 0, 0, 0, 0, 0, 0,
    0, 0, 0, 0, 0, 0, 0, 0,
    0, 0, 0, 0, 0, 0, 0, 0,
    0, 0, 0, 0, 0, 0, 0, 0,
    0, 0, 0, 0, 0, 0, 0, 0,
    0, 0, 0, 0, 0, 0, 0, 0,
    0, 0, 0, 0, 0, 0, 0, 35,
    0, 0, 0, 0, 0, 0, 0, 0,
    0, 0, 0, 15, 0, 0, 0, 0,
    0, 0, 0, 0, 0, 0, 0, 0,
    38, 0, 0, 0, 0, 0, 0, -12,
    0, 0, 0, 0, 0, 0, 0, 0,
    0, 0, 0, 0, 0, 0, 0, 0,
    0, 23, 0, 0, 0, 0, 0, 0,
    0, 0, 0, 0, 0, 0, 0, 0,
    0, 0, 0, 0, 0, 0, 0, 0,
    0, -19, 0, 0, -27, -8, -23, 0,
    -23, 0, 0, 0, 0, 0, 0, 0,
    0, 0, 0, 0, 0, 0, 0, 0,
    0, -19, 0, 0, 23, 0, -8, 0,
    0, 0, 0, -15, -31, 0, 0, 0,
    0, 0, 0, 0, 0, 0, -15, 0,
    -23, 0, 0, 0, 0, 0, -19, 0,
    0, 0, -23, -27, -23, 0, -23, 0,
    0, 0, 0, 0, 0, 0, 0, 0,
    0, 0, 0, 0, 0, 0, 0, 0,
    -15, 0, 0, 0, 0, 0, 0, 0,
    0, 0, 0, 0, 0, 0, 0, 0,
    0, 0, 0, 0, 0, -15, 0, 0,
    0, 0, -8, 0, 0, -4, 0, 0,
    0, 0, 0, 0, 0, 0, 0, -4,
    0, 0, -8, 0, 0, 0, 0, 0,
    0, 0, 0, 0, 0, 0, 0, -15,
    0, 0, 0, 0, 0, 0, 0, 0,
    0, 0, 0, 0, 0, 0, 0, 0,
    0, 0, 0, 0, 0, 0, 0, 0,
    0, 0, 0, 0, 0, 0, 0, 0,
    0, 0, 0, 0, 0, 0, 0, 0,
    0, -10, 0, 0, 0, 0, 0, 0,
    0, -3, 0, -3, -3, 0, 0, 0,
    0, 0, 0, 0, 0, 0, 0, 0,
    -3, 0, 0, 0, 0, 0, 0, 0,
    0, 0, 0, 0, 0, 0, 0, 0,
    0, 0, 0, 0, 0, -27, 0, 0,
    0, 0, 0, 0, 0, -8, 0, 19,
    -27, 0, -15, 0, -23, 0, 0, 0,
    0, 0, 0, 0, 0, 0, 0, 0,
    0, 0, 0, 0, 0, 0, 0, 0,
    0, 0, 0, 0, 0, 0, 0, 0,
    0, 0, 0, 0, 0, 0, 0, 0,
    0, 0, 0, 0, 0, 0, 0, 0,
    0, 0, 0, 0, 0, 0, 0, 0,
    0, 0, 0, 0, 0, 0, 0, 0,
    0, 0, 0, 0, -4, 0, 0, 0,
    0, 0, 0, 0, 0, 0, 0, 0,
    0, 0, 0, 0, 0, 0, 0, 0,
    0, 0, 0, 0, 0, 0, 0, 0,
    0, 0, 0, 0, 0, 0, 0, 0,
    0, 0, 0, 0, 0, 0, 0, 0,
    0, 0, 0, 0, 0, 0, 0, 0,
    0, 0, 0, 0, 0, 0, 0, 0,
    0, 0, 0, 0, 0, 0, 0, 0,
    0, 0, 0, 0, 0, 0, 0, 0,
    0, 0, 0, 0, 0, -8, 0, 0,
    0, 0, 0, 0, 0, 0, 0, 0,
    0, 0, 0, 0, 0, 0, 0, 0,
    -8, 0, 0, 0, 0, 0, 0, 0,
    0, 0, 0, 0, 0, 0, 0, 0,
    0, 0, 0, 0, 0, 0, 0, 0,
    0, 0, 0, 0, 0, 0, 0, 0,
    0, 0, 0, 0, 0, 0, 0, 0,
    0, 0, 0, 0, 0, 0, 0, 0,
    0, 0, 0, 0, -15, 0, 0, 0,
    -8, 0, 0, 0, -12, 0, -4, -8,
    -4, -4, 0, 0, 0, 0, 0, 0,
    0, 0, 0, 0, 0, 0, 0, 0,
    0, 0, 0, 0, 0, 0, 0, 0,
    0, 0, 0, 0, 0, 0, 0, 0,
    0, 0, 0, 0, 0, 0, 0, 0,
    0, 0, 0, 0, 0, 0, 0, 0,
    0, 0, 0, 0, 0, 0, 0, 0,
    0, 0, 0, 0, 0, 0, 0, 0,
    0, 0, 0, 0, 0, 0, 0, 23,
    0, 0, 0, 0, 0, 0, 0, 0,
    0, 0, 0, 0, 0, 0, 0, 0,
    0, 0, 0, 0, 0, 0, 0, 0,
    0, 0, 0, 0, 0, 0, 0, 0,
    0, 0, 0, 0, 0, 0, 0, 0,
    0, 0, 0, 0, 0, 0, 0, 0,
    0, 0, 0, 0, 0, 0, 0, 0,
    0, 0, 0, 0, 0, 0, 0, 0,
    0, 0, 0, 8, -23, 0, 0, 8,
    -8, 0, 0, 0, 0, 0, 0, 0,
    0, 0, 0, 0, 0, 0, 0, 0,
    0, 0, 0, 0, 0, 0, 0, 0,
    0, 0, 0, 0, 0, 0, 0, 0,
    0, 0, 0, 0, 0, 0, 0, 0,
    0, 0, 0, 0, 0, 0, 0, 0,
    0, 0, 0, 0, 0, 0, 0, 0,
    0, 0, 0, 0, 0, 0, 0, 0,
    0, 0, 0, 0, 0, -31, 0, 0,
    0, 0, 0, 0, 0, -8, 0, 0,
    -8, -4, -8, 0, -12, 0, 0, 0,
    0, 0, 0, 0, 0, 0, 0, 0,
    0, 0, 0, 0, 0, 0, 0, 0,
    0, 0, 0, 0, 0, 0, 0, 0,
    0, 0, 0, 0, 0, 0, 0, 0,
    0, 0, 0, 0, 0, 0, 0, 0,
    0, 0, 0, 0, 0, 0, 0, 0,
    0, 0, 0, 0, 0, 0, 0, 0,
    0, 0, -4, 0, -50, 0, 0, 0,
    -19, 0, 0, 0, 0, 0, 0, -8,
    0, -4, 0, 0, 0, 0, 0, 0,
    0, 0, 0, 0, -8, 0, -12, 0,
    0, 0, 0, 0, 0, 0, 0, 0,
    0, 0, 0, 0, 0, 0, 0, 0,
    0, 0, 0, 0, 0, 0, 0, 0,
    0, 0, 0, 0, 0, 0, 0, 0,
    0, 0, 0, 0, 0, 0, 0, 0,
    0, 0, 0, 0, 0, 0, 0, 0,
    0, 0, 0, 0, 0, 0, 0, 0,
    0, 0, 0, 0, 0, 0, 0, 0,
    0, 0, 0, 0, 0, 0, 0, 0,
    -4, 0, 0, 0, 0, 0, 0, 0,
    0, 0, 0, 0, 0, 0, 0, 0,
    0, 0, 0, 0, 0, 0, 0, 0,
    0, 0, 0, 0, 0, 0, 0, 0,
    0, 0, 0, 0, 0, 0, 0, 0,
    0, 0, 0, 0, 0, 0, 0, 0,
    0, 0, -8, 0, -23, -15, 0, 8,
    -27, -8, 0, 0, 8, 0, 0, 0,
    0, 0, -31, 0, -27, 0, -27, 0,
    -19, -23, -8, -15, -23, -12, 0, 0,
    0, 0, 0, 0, 0, 0, 0, 0,
    0, 0, 0, 0, 0, 0, 0, 0,
    0, 0, 0, 0, 0, 0, 0, 0,
    0, 0, 0, 0, 0, 0, 0, 0,
    0, 0, 0, 0, 0, 0, 0, 0,
    0, 0, 0, 0, 0, 0, 0, 0,
    -8, 0, 0, 0, -4, 0, 0, 0,
    0, 0, 0, 0, 0, 0, 0, 0,
    0, 0, 0, 0, 0, 0, 0, 0,
    0, 0, 0, 0, 0, 0, 0, 0,
    0, 0, 0, 0, 0, 0, 0, 0,
    0, 0, 0, 0, 0, 0, 0, 0,
    0, 0, 0, 0, 0, 0, 0, 0,
    0, 0, 0, 0, 0, 0, 0, 0,
    0, 0, 0, 0, 0, 0, 0, 0,
    0, 0, 0, 0, -19, 0, 0, 8,
    -15, -4, 0, 0, 0, 0, 0, 0,
    0, 0, -8, 0, -8, 0, -4, 0,
    -4, -4, 0, 0, -12, -4, 0, 0,
    0, 0, 0, 0, 0, 0, 0, 0,
    0, 0, 0, 0, 0, 0, 0, 0,
    0, 0, 0, 0, 0, 0, 0, 0,
    0, 0, 0, 0, 0, 0, 0, 0,
    0, 0, 0, 0, 0, 0, 0, 0,
    0, 0, 0, 0, 0, 0, -12, 0,
    -23, 0, 0, 8, -23, -8, 0, 0,
    0, 0, 0, 0, 0, 0, -19, 0,
    -19, 0, -19, 0, -12, -15, 0, -8,
    -31, -12, 0, 0, 0, 0, 0, 0,
    0, 0, 0, 0, 0, 0, 0, 0,
    0, 0, 0, 0, 0, 0, 0, 0,
    0, 0, 0, 0, 0, 0, 0, 0,
    0, 0, 0, 0, 0, 0, 0, 0,
    0, 0, 0, 0, 0, 0, 0, 0,
    0, 0, 0, 0, 0, 0, 0, 0,
    0, -4, 0, 0, 0, 0, 0, 0,
    0, 0, 0, 0, 0, 0, 0, 0,
    0, 0, 0, 0, -8, 0, 0, 0,
    0, 0, 0, 0, 0, 0, 0, 0,
    0, 0, 0, 0, 0, 0, 0, 0,
    0, 0, 0, 0, 0, 0, 0, 0,
    0, 0, 0, 0, 0, 0, 0, 0,
    0, 0, 0, 0, 0, 0, 0, 0,
    0, 0, 0, 0, 0, 0, 0, 0,
    0, 0, 0, 0, 0, 0, 0, 36,
    0, 0, 0, 0, 0, 0, 0, 0,
    0, 0, 0, 0, 0, 0, 0, 0,
    0, 0, 0, 0, 0, 0, 0, 0,
    0, 0, 0, 0, 0, 0, 0, 0,
    0, 0, 0, 0, 0, 0, 0, 0,
    0, 0, 0, 0, 0, 0, 0, 0,
    0, 0, 0, 0, 0, 0, 0, 0,
    0, 0, 0, 0, 0, 0, 0, 0,
    0, -4, 0, 0, 0, 0, 0, 0,
    0, 0, 0, 0, 0, 0, 0, 0,
    0, 0, 0, 0, 0, 0, 0, 0,
    0, 0, 0, 0, 0, 0, 0, 0,
    0, 0, 0, 0, 0, 0, 0, 0,
    0, 0, 0, 0, 0, 0, 0, 0,
    0, 0, 0, 0, 0, 0, 0, 0,
    0, 0, 0, 0, 0, 0, 0, 0,
    0, 0, 0, 0, 0, 0, 0, 0,
    0, 0, 0, 0, 0, -4, 0, 0,
    0, 0, 0, 0, 0, 0, 0, 0,
    0, 0, 0, 0, 0, 0, 0, 0,
    0, 0, 0, 0, 0, 0, -8, -4,
    0, 0, 0, 0, 0, 0, 0, 0,
    0, 0, 0, 0, 0, 0, 0, 0,
    0, 0, 0, 0, 0, 0, 0, 0,
    0, 0, 0, 0, 0, 0, 0, 0,
    0, 0, 0, 0, 0, 0, 0, 0,
    0, 0, 0, 0, 0, 0, 0, 0,
    0, 8, 0, 0, 0, 0, 0, 0,
    0, 0, 0, 0, 0, 0, 0, 0,
    0, 0, 0, 0, 0, 0, 0, 0,
    0, 0, 0, 0, 0, 0, 0, 0,
    0, 0, 0, 0, 0, 0, 0, 0,
    0, 0, 0, 0, 0, 0, 0, 0,
    0, 0, 0, 0, 0, 0, 0, 0,
    0, 0, 0, 0, 0, 0, 0, 0,
    0, 0, 0, 0, 0, 0, 0, 0,
    0, 0, 0, 0, 0, 23, 0, 15,
    -8, 0, 0, 0, 0, 0, 0, 0,
    0, 0, 0, 0, 0, 0, 0, 0,
    0, 0, 0, 0, 0, 0, 0, 0,
    0, 0, 0, 0, 0, 0, 0, 0,
    0, 0, 0, 0, 0, 0, 0, 0,
    0, 0, 0, 0, 0, 0, 0, 0,
    0, 0, 0, 0, 0, 0, 0, 0,
    0, 0, 0, 0, 0, 0, 0, 0,
    0, 0, 0, 0, 0, 0, 0, 0,
    0, 15, 0, 0, -61, 0, 0, 0,
    0, 0, 0, 0, 0, 0, 0, 0,
    0, 0, -8, 0, -8, 0, -4, 0,
    0, 0, 0, 0, 0, 0, 0, 0,
    0, 0, 0, 0, 0, 0, 0, 0,
    0, 0, 0, 0, 0, 0, 0, 0,
    0, 0, 0, 0, 0, 0, 0, 0,
    0, 0, 0, 0, 0, 0, 0, 0,
    0, 0, 0, 0, 0, 0, 0, 0,
    0, 0, 0, 0, 0, 15, 0, 0,
    -15, 0, 0, 8, 0, 0, 0, 0,
    0, 0, 0, 0, 0, 0, 0, 0,
    0, 0, 0, 0, 0, 0, 0, 0,
    0, 0, 0, 0, 0, 0, 0, 0,
    0, 0, 0, 0, 0, 0, 0, 0,
    0, 0, 0, 0, 0, 0, 0, 0,
    0, 0, 0, 0, 0, 0, 0, 0,
    0, 0, 0, 0, 0, 0, 0, 0,
    0, 0, 0, 0, 0, 0, 0, 0,
    0, 0, 0, 0, 0, 0, 0, 0,
    0, 0, 0, 0, 0, 0, 0, 0,
    0, 0, 0, 0, -8, 0, 0, 0,
    0, 0, 0, 0, 0, 0, 0, 0,
    0, 0, 0, 0, 0, 0, 0, 0,
    0, 0, 0, 0, 0, 0, 0, 0,
    0, 0, 0, 0, 0, 0, 0, 0,
    0, 0, 0, 0, 0, 0, 0, 0,
    0, 0, 0, 0, 0, 0, 0, 0,
    0, 0, 0, 0, 0, 0, 0, 0,
    0, 0, 0, 0, 0, 0, 0, 19,
    -8, 0, -4, 0, -12, 0, 0, 0,
    0, 0, 0, 0, 0, 0, 0, 0,
    0, 0, 0, 0, 0, 0, 0, 0,
    0, 0, 0, 0, 0, 0, 0, 0,
    0, 0, 0, 0, 0, 0, 0, 0,
    0, 0, 0, 0, 0, 0, 0, 0,
    0, 0, 0, 0, 0, 0, 0, 0,
    0, 0, 0, 0, 0, 0, 0, 0,
    0, 0, 0, 0, 0, 0, 0, 0,
    0, 0, 0, 0, -12, 0, -4, 0,
    -12, 0, 0, 0, 0, 0, 0, 0,
    0, 0, 0, 0, 0, 0, 0, 0,
    0, -12, 0, 0, 0, 0, 0, -4,
    0, 0, 0, 0, 0, 0, 0, 0,
    0, 0, 0, 0, 0, 0, 0, 0,
    0, 0, 0, 0, 0, 0, 0, 0,
    0, 0, 0, -4, 0, 0, 0, 0,
    0, 0, 0, 0, 0, 0, 0, 0,
    0, 0, 0, 0, 0, 0, 0, 0,
    -23, 0, -12, -8, -31, 0, 0, 0,
    0, 0, 0, 0, 0, 0, 0, 0,
    0, 0, 0, 0, 0, -23, 0, 0,
    0, 0, -8, 0, 0, -8, 0, 0,
    -8, 0, 0, 0, 0, 0, 0, 0,
    0, 0, 0, 0, 0, 0, 0, 0,
    0, 0, 0, 0, 0, 0, 0, -15,
    0, 0, 0, 0, 0, 0, 0, 0,
    0, 0, 0, 0, 0, 0, 0, 0,
    0, 0, 0, 38, -15, 0, -12, 0,
    -15, 0, 0, 0, 0, 0, 0, 0,
    0, 0, 0, 0, 0, 0, 0, 0,
    0, 0, 0, 0, 0, 0, 0, 0,
    0, 0, 0, 0, 0, 0, 0, 0,
    0, 0, 0, 0, 0, 0, 0, 0,
    0, 0, 0, 0, 0, 0, 0, 0,
    0, 0, 0, 0, 0, 0, 0, 0,
    0, 0, 0, 0, 0, 0, 0, 19,
    0, 0, 0, 0, 0, 0, 0, 0,
    0, 0, 0, 0, 0, 0, 0, 0,
    0, 0, 0, 0, 0, 0, 0, 0,
    0, 0, 0, 0, 0, 0, 0, 0,
    0, 0, 0, 0, 0, 0, 0, 0,
    0, 0, 0, 0, 0, 0, 0, 0,
    0, 0, 0, 0, 0, 0, 0, 0,
    0, 0, 0, 0, 0, 0, 0, 0,
    0, 0, 0, 0, 0, 0, 0, 0,
    0, -27, 0, 0, 0, 0, 0, 0,
    0, -8, 0, 42, -27, 0, -15, 0,
    -23, 0, 0, 0, 0, 0, 0, 0,
    0, 0, 0, 0, 0, 0, 0, 0,
    0, 0, 0, 0, 0, 0, 0, 0,
    0, 0, 0, 0, 0, 0, 0, 0,
    0, 0, 0, 0, 0, 0, 0, 0,
    0, 0, 0, 0, 0, 0, 0, 0,
    0, 0, 0, 0, 0, 0, 0, 0,
    0, 0, 0, 0, 27, 25, 0, 41,
    0, 0, 0, 40, 0, 0, 0, 0,
    0, 0, 0, 0, 0, 0, 0, 12,
    0, 0, 0, 0, 0, 0, 0, 0,
    0, 0, 0, 27, 0, 0, 0, 0,
    0, 0, 0, 0, 0, 0, 0, 0,
    0, 0, 0, 0, 0, 0, 0, 0,
    0, 0, 0, 0, 0, 0, 0, 0,
    0, 0, 0, 0, 0, 0, 0, 0,
    0, 0, 0, 0, 0, 0, 0, 30,
    0, 0, 0, 19, 0, 0, 0, 0,
    0, 0, 0, 0, 0, 0, 0, 0,
    0, 0, 0, 0, 0, 0, 0, 0,
    0, 0, 0, 0, 0, 0, 0, 0,
    48, 0, 0, 0, 0, 0, 0, 0,
    0, 0, 0, 0, 0, 0, 0, 0,
    0, 0, 0, 0, 0, 0, 0, 0,
    0, 0, 0, 0, 0, 0, 0, 0,
    0, 0, 0, 0, 0, 0, 0, 0,
    0, 0, 0, 0, 0, 0, 0, 0,
    0, 0, 0, 0, 0, 0, 0, 19,
    0, 0, 0, 0, 0, 0, 0, 0,
    0, 0, 0, 0, 0, 0, 0, 0,
    0, 0, 0, 0, 0, 0, 0, 0,
    0, 0, 0, 0, 0, 0, 0, 0,
    0, 0, 0, 0, 0, 0, 0, 0,
    0, 0, 0, 0, 0, 0, 0, 0,
    0, 0, 0, 0, 0, 0, 0, 0,
    0, 0, 0, 0, 0, 0, 0, 0,
    34, 37, 0, 51, 0, 0, 0, 46,
    0, 0, 0, 0, 0, 0, 0, 0,
    0, 0, 0, 0, 0, 0, 0, 0,
    0, 0, 0, 0, 0, 0, 0, 0,
    0, 0, 0, 0, 0, 0, 0, 0,
    0, 0, 0, 0, 0, 0, 0, 0,
    0, 0, 0, 0, 0, 0, 0, 0,
    0, 0, 0, 0, 0, 0, 0, 0,
    0, 0, 0, 0, 0, 0, 0, 0,
    0, 0, 0, 30, 0, 0, 0, 0,
    0, 0, 0, 0, -8, 0, 8, 0,
    23, 0, 27, 19, 23, 0, 0, 0,
    0, 0, 0, 0, 0, 0, 0, 0,
    0, 0, 0, 0, 0, 0, 0, 0,
    0, 0, 0, 0, 0, 0, 0, 0,
    0, 0, 0, 0, 0, 0, 0, 0,
    0, 0, 0, 0, 0, 0, 0, 0,
    0, 0, 0, 0, 0, 0, 0, 0,
    0, 0, 0, 0, 0, 0, 0, 0,
    0, 0, 0, 0, 0, 0, 0, 0,
    0, 0, 0, 0, 0, 0, 0, 0,
    0, 0, 0, 8, 0, 15, 0, 0,
    0, 0, 19, 0, 0, 0, 0, 0,
    0, 0, 0, 0, 0, 0, 0, 0,
    0, 0, 0, 0, 0, 0, 0, 0,
    0, 0, 0, 0, 0, 0, 0, 0,
    0, 0, 0, 0, 0, 0, 0, 0,
    0, 0, 0, 0, 0, 0, 0, 0,
    0, 0, 0, 0, 0, 0, 0, 0,
    0, 0, 0, 0, -12, -4, 8, 0,
    27, 0, 27, 19, 23, 0, -12, 0,
    -8, 0, -8, 0, 0, 0, 0, 0,
    0, 0, 0, 0, 0, 0, 0, 0,
    0, 0, 0, 0, 0, 0, 0, 0,
    0, 0, 0, 0, 0, 0, 0, 0,
    0, 0, 0, 0, 0, 0, 0, 0,
    0, 0, 0, 0, 0, 0, 0, 0,
    0, 0, 0, 0, 0, 0, 0, 0,
    0, 0, 0, 0, 0, 0, 0, 0,
    0, 0, 0, 0, 0, 0, 0, 0,
    0, 0, 0, 8, 0, 19, 0, 0,
    0, 0, 19, 0, 0, 0, 0, 0,
    0, 0, 0, 0, 0, 0, 0, 0,
    0, 0, 0, 0, 0, 0, 0, 0,
    0, 0, 0, 0, 0, 0, 0, 0,
    0, 0, 0, 0, 0, 0, 0, 0,
    0, 0, 0, 0, 0, 0, 0, 0,
    0, 0, 0, 0, 0, 0, 0, 0,
    0, 0, 0, 0, 0, 0, 0, 0,
    0, 0, 0, 0, 0, 0, 0, 0,
    0, 0, 0, 0, 0, 0, 0, 0,
    0, 0, 0, 0, 0, 0, 0, 0,
    19, 0, 0, 0, 0, 0, 0, 0,
    0, 0, 0, 0, 0, 0, 0, 0,
    0, 0, 0, 0, 0, 0, 0, 0,
    0, 0, 0, 0, 0, 0, 0, 0,
    0, 0, 0, 0, 0, 0, 0, 0,
    0, -27, 0, 0, 0, 0, 0, 0,
    0, 0, 0, 0, 0, 0, 0, 0,
    0, 0, 0, 0, 0, 0, 0, 0,
    0, 0, 0, 0, 0, 0, 0, 0,
    0, -19, 0, 0, 0, 0, -8, 0,
    0, 0, 0, 0, -12, 0, 0, 0,
    0, 0, 0, 0, 0, 0, -8, -8,
    -8, 0, 0, 0, 0, 0, 0, 0,
    -8, 0, -15, -23, -19, -8, 0, 0,
    0, 0, 0, -12, 0, 8, 0, 0,
    -19, -15, -12, 0, 0, 0, 0, 0,
    0, 0, 0, 0, 0, 0, 0, 0,
    0, 0, 0, 0, 0, 0, 0, 0,
    0, -12, 0, 0, 0, 8, -8, 0,
    0, -10, 0, -27, -10, 0, 0, -13,
    0, 0, -15, -8, -12, -15, -15, -4,
    -4, -12, -4, -6, -12, -15, 0, -8,
    0, 0, 0, 0, 0, 0, 0, 4,
    0, 0, 0, 0, 0, 0, 0, 0,
    0, 0, 0, 0, 0, 0, 0, 0,
    0, 0, 0, 0, 0, 0, 0, 0,
    0, 0, 0, 0, 0, 0, 0, 0,
    0, 0, 0, 0, -8, 0, 0, 0,
    0, 0, -8, 0, 0, 0, 0, 0,
    0, 0, 0, -12, 0, 0, 0, 0,
    0, 0, 0, 0, 0, 0, 0, 0,
    -8, 0, 0, 0, 0, 0, -8, 0,
    0, 0, 0, 0, 0, 0, -8, 0,
    0, 0, 0, 0, 0, 0, 0, 0,
    -8, 0, 0, 0, 0, 0, 0, 0,
    0, 0, 0, 0, 0, 0, 0, 0,
    0, 0, 0, 0, 0, 0, 0, 0,
    0, 0, 0, 0, 0, 0, 0, 0,
    0, 0, 0, 0, 0, 0, 0, -4,
    0, 0, 0, 0, 0, 0, 0, 0,
    0, 0, 0, 0, 0, 0, 0, 0,
    0, 0, 0, 0, 0, 0, 0, 0,
    0, 0, 0, 0, 0, 0, 0, 0,
    0, -35, 0, 0, -4, 0, 0, 0,
    0, 0, 0, 0, 0, 0, 0, 0,
    0, 0, 0, 0, 0, 0, 0, 0,
    0, 0, 0, 0, 0, 0, 0, 0,
    0, -23, 0, 0, 0, 0, -8, 0,
    0, 0, 0, 0, -12, 0, 0, 0,
    0, 0, 0, -8, 0, 0, -8, -8,
    0, -8, 0, 0, 0, 0, 0, 0,
    0, 0, 0, -12, 0, 0, 0, 0,
    0, 0, 0, -23, 0, 8, 0, 0,
    0, -4, -4, 0, 0, 0, 0, 0,
    0, 0, 0, 0, 0, 0, 0, 0,
    0, 0, 0, 0, 0, 0, 0, 0,
    -8, 0, 0, 0, 0, 0, -8, 0,
    0, 0, 0, 0, 0, 0, 0, -15,
    -4, 0, -4, -8, 0, 0, -8, 0,
    0, 0, -4, -4, -8, 0, 0, 0,
    0, 0, -8, 0, 0, 0, 0, 0,
    0, 0, -19, 0, 0, 0, 0, 0,
    0, 8, 0, 0, -27, -8, -4, 0,
    0, 0, 0, 0, 0, 0, 0, 0,
    0, 0, 0, 0, 0, 0, 0, 0,
    0, 0, 0, 0, -19, -8, 0, 0,
    0, 0, -15, -8, 0, -33, 0, -46,
    -39, 0, 0, -12, 0, -12, -19, -15,
    -4, -38, -25, -12, -8, -19, 0, 0,
    -8, -19, 19, -12, 0, 0, -4, 0,
    0, 0, 0, 0, 0, 0, -8, -12,
    -19, 0, 0, 0, 0, -27, 0, 0,
    0, 0, 0, 0, 0, 0, 0, 0,
    0, 0, 0, 0, 0, 0, 0, 0,
    0, 0, 0, 0, 0, 0, 0, 0,
    0, -4, 0, 0, 0, -27, -8, 0,
    19, 0, -10, 0, 0, 0, 0, -13,
    -23, 0, 0, 0, 0, 0, -4, 0,
    0, 0, -12, -8, -12, 0, 0, 0,
    0, 0, 0, 0, -8, 0, -15, -19,
    -23, 0, -19, 0, 0, 0, -4, -15,
    0, 0, 0, 0, 0, 0, 0, 0,
    0, 0, 0, 0, 0, 0, 0, 0,
    0, 0, 0, 0, 0, 0, 0, 0,
    0, 0, 0, 0, 0, 0, 0, 0,
    0, 0, 0, 0, 0, 0, 0, 0,
    0, 0, 0, 0, 0, 0, 0, 0,
    0, 0, 0, -4, 0, 0, 0, -4,
    0, 0, 0, 0, 0, 0, 0, 0,
    0, 0, 0, 0, 0, 0, 0, 0,
    0, 0, 0, 0, 0, 0, 0, -8,
    0, 0, 0, 0, 0, 0, 0, 0,
    0, 0, 0, 0, 0, 0, 0, 0,
    0, 0, 0, 0, 0, 0, 0, 0,
    0, 0, 0, 0, 0, 0, 0, 0,
    0, 0, 0, 0, 0, 0, 0, 0,
    0, 0, 0, 0, 0, 0, 0, -4,
    0, 0, 0, 0, -6, -4, 0, 0,
    0, 0, 0, 0, 0, 0, 0, 0,
    0, 0, 0, 0, 0, 0, 0, 0,
    0, 0, 0, 0, 12, 0, 0, 0,
    0, 0, 0, 0, 0, 0, 0, 0,
    0, 0, 0, 0, 0, 0, 0, 0,
    0, 0, 0, 0, 0, 0, 0, 0,
    0, 0, 0, 0, 35, 12, 0, 0,
    15, 0, 0, -4, -10, 0, 0, 0,
    0, 12, 0, 0, 0, 12, -4, 12,
    -8, 0, 0, 0, 0, 27, 0, 0,
    0, 0, 0, 0, 0, 0, 0, 0,
    0, 0, 0, 0, 0, 0, 0, 0,
    -15, 0, 0, 0, 0, 0, 0, 0,
    0, 0, 0, 0, 0, 0, 0, 0,
    0, 0, 0, 0, 0, 0, 0, 0,
    0, 0, 0, 0, 0, -8, 0, 0,
    0, -4, -15, -8, -4, -8, -4, 0,
    0, 0, 0, 0, 0, -4, 0, -6,
    0, -4, 0, 0, 0, -4, 0, 0,
    0, 0, 0, 0, 0, 0, -4, -4,
    -4, 0, 0, 0, -8, 0, 0, 0,
    0, 0, 0, 0, -50, -4, -4, 0,
    0, 0, 0, 0, 0, 0, 0, 0,
    0, 0, 0, 0, 0, 0, 0, 0,
    0, 0, 0, 0, -8, -4, 0, 0,
    0, 0, 0, 0, 0, -23, -8, -19,
    -23, -8, 0, -4, 0, 0, -10, 0,
    0, -19, -4, 0, 0, -15, 0, 0,
    0, -4, 0, 0, 0, 0, 0, 0,
    0, 0, 0, 0, 0, 0, 0, 0,
    -23, 0, 0, 0, 0, -4, 0, -10,
    -15, 0, -4, 0, 0, 0, 0, 0,
    0, 0, 0, 0, 0, 0, 0, 0,
    0, 0, 0, 0, 0, 0, 0, 0,
    0, 0, 0, 0, 0, -13, 0, -4,
    0, -9, -12, -13, -12, -15, -12, 0,
    0, -4, 0, 0, 0, -10, 0, -6,
    0, -6, 0, 0, 0, -4, 0, 0,
    0, 0, 0, 0, 0, 0, 0, -8,
    0, 0, 0, 0, 0, 0, 0, 0,
    0, -4, 0, 0, 0, 0, 0, 0,
    0, 0, 0, 0, 0, 0, 0, 0,
    0, 0, 0, 0, 0, 0, 0, 0,
    0, 0, 0, 0, 0, 0, 0, 0,
    0, -15, 0, 0, 0, 0, -15, 0,
    0, 0, 0, 0, 0, 0, 0, 0,
    0, 0, 0, -8, 0, 0, -4, -4,
    0, 0, 0, 0, 0, 0, 0, 0,
    0, 0, 0, 0, 0, 0, 0, 0,
    0, 0, 0, 0, 0, -1, 0, 0,
    0, 0, 0, 0, 0, 0, 0, 0,
    0, 0, 0, 0, 0, 0, 0, 0,
    0, 0, 0, 0, 0, 0, 0, 0,
    0, 0, 0, 0, 0, -8, 0, 0,
    0, 0, -15, -4, 0, -4, 0, 0,
    0, -8, 0, 0, 0, -4, 0, -8,
    0, 0, -4, -12, -4, -4, 0, 0,
    0, 0, 0, 0, 0, 0, 0, 0,
    0, 0, 0, 0, 0, 0, 0, 0,
    0, 0, 0, -3, 0, 0, 0, 0,
    0, 0, 0, 0, 0, 0, 0, 0,
    0, 0, 0, 0, 0, 0, 0, 0,
    0, 0, 0, 0, 0, 0, 0, 0,
    0, -12, 0, 0, 0, 0, -4, 0,
    0, -4, 0, 0, 0, -4, 0, 0,
    0, 0, 0, -8, 0, 0, -4, -4,
    0, 0, 0, 0, 0, 0, 0, 0,
    0, 0, 0, 0, 0, 0, 0, 0,
    0, 0, 0, 0, 0, 12, 0, 0,
    -15, -8, 0, 0, 0, 0, 0, 0,
    0, 0, 0, 0, 0, 0, 0, 0,
    0, 0, 0, 0, 0, 0, 0, 0,
    0, 0, 0, 0, 0, 0, 0, 0,
    0, -8, 0, -12, -12, -4, 0, 0,
    0, 0, 0, 0, 0, -15, -4, 0,
    0, -12, 0, 0, 0, 0, 0, 0,
    0, 0, 0, 0, 0, 0, 0, 0,
    0, 0, 0, 0, 0, 0, 0, 15,
    0, -4, 0, 0, 8, 0, 0, 0,
    0, 0, 0, 0, 0, 0, 0, 0,
    0, 0, 0, 0, 0, 0, 0, 0,
    0, 0, 0, 0, 0, 0, 0, 0,
    0, -12, 0, 0, 38, 8, 0, 0,
    12, 0, 0, 0, -6, 0, 0, 0,
    0, 8, 0, 0, 0, 10, -6, 0,
    -12, 0, 0, 0, 0, 23, 0, 0,
    0, 0, 0, 0, 0, 0, 0, 0,
    0, 0, 0, 0, 0, -1, 0, 0,
    0, 0, 0, 0, 0, 0, 0, 0,
    0, 0, 0, 0, 0, 0, 0, 0,
    0, 0, 0, 0, 0, 0, 0, 0,
    0, 0, 0, 0, 0, -15, 0, 0,
    0, 0, -15, -4, 0, -8, 0, 0,
    0, -8, 0, 0, 0, -4, 0, -8,
    0, 0, -4, -12, -4, -4, 0, 0,
    0, 0, 0, 0, 0, 0, 0, 0,
    0, 0, 0, 0, 0, 0, 0, 0,
    0, 0, 0, 0, 0, -4, 0, 0,
    0, 0, 0, 0, 0, 0, 0, 0,
    0, 0, 0, 0, 0, 0, 0, 0,
    0, 0, 0, 0, 0, 0, 0, 0,
    0, -4, -6, 0, 0, 0, -4, 0,
    0, 0, 0, -6, -4, 0, -8, 0,
    0, 0, -8, 0, 0, 0, 0, 0,
    -8, -4, 0, 0, 0, 0, 0, 0,
    0, 0, 0, 0, 0, 0, 0, -8,
    0, 0, 0, 12, 0, 0, 0, 0,
    0, 0, 0, 0, 0, 0, 0, 0,
    0, 0, 0, 0, 0, 0, 0, 0,
    0, 0, 0, 0, 0, 0, 0, 0,
    0, 0, 0, 0, 0, -12, 0, 0,
    0, 0, 0, 0, 0, 0, 0, 0,
    0, 0, 0, 0, 0, 0, 0, 0,
    0, 0, 0, 0, 0, 0, -2, 0,
    0, 0, 0, 0, 0, 0, 0, 0,
    0, 0, 0, 0, 0, 0, 0, 0,
    0, 8, 0, 0, 0, 0, 0, 0,
    0, 0, 0, 0, 0, 0, 0, 0,
    0, 0, 0, 0, 0, 0, 0, 0,
    0, 0, 0, 0, 0, 0, 0, 0,
    0, -8, 0, 0, 0, 0, 0, 0,
    0, 0, 0, 0, 0, 0, 0, 0,
    0, 0, -4, 0, 0, 0, 0, 0,
    0, -4, 0, 0, 0, 0, 0, 0,
    0, 0, 0, 0, 0, 0, 0, 0,
    0, 0, 0, 0, 0, 8, 0, 0,
    -15, 0, 0, 0, 0, 0, 0, 0,
    0, 0, 0, 0, 0, 0, 0, 0,
    0, 0, 0, 0, 0, 0, 0, 0,
    0, 0, 0, 0, 0, 0, 0, 0,
    0, -8, 0, -8, -12, -4, 0, 0,
    0, 0, -4, 0, 0, -19, -12, 0,
    0, -19, 0, 0, 0, -12, 0, 0,
    0, 0, 0, 0, 0, 0, 0, 0,
    0, 0, 0, 0, 0, 0, 0, 15,
    0, -31, 0, 0, 0, 0, -4, 0,
    0, 0, 0, 0, 0, 0, 0, 0,
    0, 0, 0, 0, 0, 0, 0, 0,
    0, 0, 0, 0, 0, 0, 0, 0,
    0, -23, 0, 0, 0, 0, -8, -4,
    0, -4, 0, -4, -27, -8, 0, 0,
    0, 0, 0, -8, 0, 0, -23, -17,
    -15, -8, 0, 0, 0, 0, 0, -8,
    0, 0, 0, 0, 0, -12, 0, -8,
    0, 0, 0, -12, 0, -4, 0, 0,
    0, 0, 0, 0, 0, 0, 0, 0,
    0, 0, 0, 0, 0, 0, 0, 0,
    0, 0, 0, 0, 0, 0, 0, 0,
    0, 0, 0, 0, 0, -15, 0, 0,
    15, 0, 0, 0, 0, 0, 0, 0,
    0, 0, 0, 0, 0, 0, 0, 0,
    0, 0, -12, -19, 0, 0, 0, 0,
    0, 8, 0, 0, 0, 0, 0, 0,
    0, 0, 0, 0, 0, 0, 0, 0,
    0, 12, 0, 0, -15, -8, 0, 0,
    0, 0, 0, 0, 0, 0, 0, 0,
    0, 0, 0, 0, 0, 0, 0, 0,
    0, 0, 0, 0, 0, 0, 0, 0,
    0, 0, 0, 0, 0, -8, 3, -12,
    -12, -4, 0, 0, 0, 0, 0, 0,
    0, -15, -4, 0, 0, -12, 0, 0,
    0, 0, 3, 0, 3, 0, 0, 0,
    0, 0, 0, 0, 0, 0, 0, 0,
    0, 0, 0, 15, 0, 0, 0, 0,
    0, 0, 0, 0, 0, 0, 0, 0,
    0, 0, 0, 0, 0, 0, 0, 0,
    0, 0, 0, 0, 0, 0, 0, 0,
    0, 0, 0, 0, 0, -8, 0, 0,
    0, 0, -12, 0, 0, 0, 0, 0,
    0, -4, 0, 0, 0, 0, 0, 0,
    0, 0, 0, 0, 0, -8, 0, 0,
    0, 0, 0, 0, 0, 0, 0, 0,
    0, 0, 0, 0, 0, 0, 0, 0,
    0, 12, 0, 0, 0, 0, 0, 0,
    0, 0, 0, 0, 0, 0, 0, 0,
    0, 0, 0, 0, 0, 0, 0, 0,
    0, 0, 0, 0, 0, 0, 0, 0,
    0, 8, 0, 0, 0, 0, 0, 0,
    0, 0, 0, 0, 0, 0, 0, 0,
    0, 0, 0, 0, 0, 0, 0, 0,
    0, 0, 13, 0, 5, 0, 0, 0,
    0, 0, 0, 0, 0, 0, 0, 0,
    0, 0, 0, 0, 0, 0, 0, 0,
    0, 0, 0, 0, 0, 0, 0, 0,
    0, 0, 0, 0, 0, 0, 0, 0,
    0, 0, 0, 0, 0, 0, 0, 0,
    0, 0, 0, 0, 0, 0, 0, 0,
    12, 0, 0, 0, 0, 0, 0, 0,
    0, 0, 0, 0, 0, 0, 0, 0,
    0, 0, 0, 0, 0, 0, 0, 0,
    0, 8, 0, 0, 0, 0, 0, 0,
    0, 0, 0, 0, 0, 0, 0, 0,
    0, -4, 0, 0, 0, 0, 0, 0,
    0, 0, 0, 0, 0, 0, 0, 0,
    0, 0, 0, 0, 0, 0, 0, 0,
    0, 0, 0, 0, 0, 0, 0, 0,
    0, -15, 0, 0, 15, 0, 0, 0,
    0, 0, 0, 0, 0, 0, 0, 0,
    0, 0, 0, 0, 0, 0, -12, -19,
    0, 0, 0, 0, 0, 0, 0, 0,
    0, 0, 0, 0, 0, 0, 0, 0,
    0, 0, 0, 0, 0, 0, 0, 0,
    -15, 0, 0, 0, 0, 0, 0, 0,
    0, 0, 0, 0, 0, 0, 0, 0,
    0, 0, 0, 0, 0, 0, 0, 0,
    0, 0, 0, 0, 0, 0, 0, 0,
    0, 0, 0, 0, 0, 0, 0, 0,
    0, 0, 0, 0, 0, -8, 0, 0,
    0, 0, 0, 0, 0, 0, 0, 0,
    0, 0, 0, 0, 0, 0, 0, 0,
    0, 0, 0, 0, 0, 0, 0, 0,
    0, -15, 0, 0, 0, 0, 0, 0,
    0, 0, 0, 0, 0, 0, 0, 0,
    0, 0, 0, 0, 0, 0, 0, 0,
    0, 0, 0, 0, 0, 0, 0, 0,
    0, -15, 0, 0, 0, 0, 0, 0,
    0, 0, 0, 0, -15, 0, 0, 0,
    0, 0, 0, 0, 0, 0, -8, 0,
    0, 0, 0, 0, 0, 0, 0, 0,
    0, 0, -12, -8, -12, 0, 0, 0,
    0, 0, 0, 0, 0, -27, 0, 0,
    0, 0, 0, 0, 0, 0, 0, 0,
    0, 0, 0, 0, 0, 0, 0, 0,
    0, 0, 0, 0, 0, 0, 0, 0,
    0, 0, 0, 0, 0, 0, 0, 0,
    0, 0, 0, 0, 0, 0, 0, 0,
    0, 0, -8, 0, 0, 0, 0, 0,
    0, 0, -19, -12, -12, 0, 0, 0,
    0, 0, 0, -8, 0, 0, 0, 0,
    0, -8, 0, -8, 0, 0, 0, 0,
    0, 0, 0, 0, -15, 0, 0, 0,
    0, 0, 0, 0, 0, 0, 0, 0,
    0, 0, 0, 0, 0, 0, 0, 0,
    0, 0, 0, 0, 0, 0, 0, 0,
    0, 0, 0, 0, 0, 0, 0, 0,
    0, 0, 0, 0, 0, 0, 0, 0,
    0, 0, 0, 0, 0, 0, 0, 0,
    0, 0, 0, 0, 0, 0, 0, 0,
    0, 0, -4, 0, -4, 0, 0, 0,
    0, 0, 0, 0, 0, 0, 0, 0,
    -23, -15, 0, 0, 0, 0, 0, 0,
    0, 0, 0, 0, 0, 0, 0, 0,
    0, 0, 0, 0, 0, 0, 0, 0,
    -23, -12, 0, 0, 0, 8, -8, 0,
    0, -15, 0, -27, -19, 0, 0, -13,
    0, 0, -27, 0, 0, -23, 0, -8,
    -8, 0, -15, -15, -19, 0, 0, 0,
    0, 0, -8, -8, 0, -19, 0, 0,
    0, -15, -19, -27, -19, -31, 0, 0,
    0, 0, 0, 0, -19, -8, 0, 0,
    0, 0, 0, 0, 0, 0, 0, 0,
    0, 0, 0, 0, 0, 0, 0, 0,
    0, 0, 0, 0, 0, 0, 0, 0,
    0, 0, 0, 0, 0, 0, 0, -12,
    0, 0, 0, 0, 0, 0, -4, 0,
    0, -15, -4, 0, 0, -12, 0, 0,
    0, 0, 0, 0, 0, 0, 0, 0,
    0, 0, 0, 0, 0, 0, 0, 0,
    0, 0, 0, 0, 0, 0, 0, 0,
    -19, -8, 0, 0, 0, 0, 0, 0,
    0, 0, 0, 0, 0, 0, 0, 0,
    0, 0, 0, 0, 0, 0, 0, 0,
    0, 0, 0, 0, 0, 8, 0, 0,
    0, 0, 0, -23, 0, 0, 0, 0,
    0, 0, -15, 0, 0, -19, 0, -8,
    -8, 0, 0, 0, -19, 0, 8, 0,
    0, 0, -8, 0, 0, -12, 0, 8,
    0, 0, -8, -12, -15, 0, 0, 0,
    0, 0, 0, 0, -12, 0, 0, 0,
    0, 0, 0, 0, 0, 0, 0, 0,
    0, 0, 0, 0, 0, 0, 0, 0,
    0, 0, 0, 0, 0, 0, 0, 0,
    0, 0, 0, 0, 0, 0, 0, 0,
    0, 0, 0, 0, 0, 0, -8, 0,
    0, -12, 0, 0, 0, 0, 0, 0,
    0, 0, 0, 0, 0, 0, 0, 0,
    0, 0, 0, 0, 0, 0, 0, 0,
    0, 0, 0, 0, 0, 0, 0, 0,
    0, 0, 0, 0, 0, 0, 0, 0,
    0, 0, 0, 0, 0, 0, 0, 0,
    0, 0, 0, 0, 0, 0, 0, 0,
    0, 0, 0, 0, 0, 0, 0, 0,
    0, 0, 0, 0, 0, 0, 0, 0,
    0, 0, 0, 0, 0, 0, 0, 0,
    0, 0, -8, 0, -19, 0, 0, 0,
    0, 0, -8, 0, 0, 0, 0, 0,
    0, 0, -19, -8, 0, 0, 0, 0,
    0, 0, 0, 0, 0, 0, 0, 0,
    0, 0, 0, 0, 0, 0, 0, 0,
    0, 0, 0, 0, 0, 0, 0, 0,
    0, 0, 0, 0, 0, 0, 0, 0,
    0, 0, 0, 0, 0, 0, 0, 0,
    0, 0, 0, 0, 0, 0, -4, 0,
    0, 0, 0, 0, 0, 0, 0, 0,
    -4, 0, 0, 0, 0, 0, 0, 0,
    0, 0, 0, 0, 0, 0, 0, 0,
    0, 0, 0, 0, 0, 0, 0, 0,
    -23, 0, 0, 0, 0, 0, 0, 0,
    0, 0, 0, 0, 0, 0, 0, 0,
    0, 0, 0, 0, 0, 0, 0, 0,
    0, 0, 0, 0, 0, 0, 0, 0,
    0, 0, 0, -23, 0, 0, 0, 0,
    0, 0, -19, 0, 0, -19, 0, 0,
    0, 0, 0, 0, -15, 0, 8, 0,
    0, 0, -8, 0, 0, -12, 0, 0,
    0, 0, 0, -15, -15, -15, -4, 0,
    0, 0, 0, 0, -15, 0, 0, 0,
    0, 0, 0, 0, 0, 0, 0, 0,
    0, 0, 0, 0, 0, 0, 0, 0,
    0, 0, 0, 0, 0, 0, 0, 0,
    0, 0, 0, 0, 0, 0, 0, 0,
    0, 0, 0, 0, 0, 0, 0, 0,
    0, -4, 0, 0, 0, 0, 0, 0,
    0, 0, 0, 0, 0, 0, 0, 0,
    0, 0, 0, 0, 0, 0, 0, 0,
    0, 0, 0, 0, 0, 0, 0, 0,
    0, 0, 0, 0, 0, 0, 0, 0,
    0, 0, 0, 0, 0, 0, 0, 0,
    0, 0, 0, 0, 0, 0, 0, 0,
    0, 0, 0, 0, 0, -8, 0, 0,
    0, 0, 0, 0, 0, 0, 0, 0,
    0, 0, 0, 0, 0, 0, 0, 0,
    0, 0, 0, 0, 0, 0, 0, 0,
    0, 0, 0, 0, 0, 0, -4, 0,
    -4, 0, 0, 0, 0, 0, 0, 0,
    0, -4, 0, 0, 0, 0, 0, 0,
    0, 0, 0, 0, 0, 0, 0, 0,
    0, 0, 0, 0, 0, 0, 0, 0,
    0, 0, 0, 0, 0, 0, 0, 0,
    0, 0, 0, 0, 0, 0, 0, 0,
    0, 0, 0, 0, 0, 0, 0, 0,
    0, 0, 0, -8, 0, 0, 0, -4,
    0, 0, 0, 0, 0, 0, 0, 0,
    0, 0, 0, 0, 0, 0, 0, 0,
    0, 0, 0, 0
};


/*Collect the kern class' data in one place*/
static const lv_font_fmt_txt_kern_classes_t kern_classes =
{
    .class_pair_values   = kern_class_values,
    .left_class_mapping  = kern_left_class_mapping,
    .right_class_mapping = kern_right_class_mapping,
    .left_class_cnt      = 87,
    .right_class_cnt     = 76,
};

/*--------------------
 *  ALL CUSTOM DATA
 *--------------------*/

#if LVGL_VERSION_MAJOR == 8
/*Store all the custom data of the font*/
static  lv_font_fmt_txt_glyph_cache_t cache;
#endif

#if LVGL_VERSION_MAJOR >= 8
static const lv_font_fmt_txt_dsc_t font_dsc = {
#else
static lv_font_fmt_txt_dsc_t font_dsc = {
#endif
    .glyph_bitmap = glyph_bitmap,
    .glyph_dsc = glyph_dsc,
    .cmaps = cmaps,
    .kern_dsc = &kern_classes,
    .kern_scale = 16,
    .cmap_num = 6,
    .bpp = 4,
    .kern_classes = 1,
    .bitmap_format = 0,
#if LVGL_VERSION_MAJOR == 8
    .cache = &cache
#endif

};



/*-----------------
 *  PUBLIC FONT
 *----------------*/

/*Initialize a public general font descriptor*/
#if LVGL_VERSION_MAJOR >= 8
const lv_font_t lv_font_noto_24 = {
#else
lv_font_t lv_font_noto_24 = {
#endif
    .get_glyph_dsc = lv_font_get_glyph_dsc_fmt_txt,    /*Function pointer to get glyph's data*/
    .get_glyph_bitmap = lv_font_get_bitmap_fmt_txt,    /*Function pointer to get glyph's bitmap*/
    .line_height = 34,          /*The maximum line height required by the font*/
    .base_line = 8,             /*Baseline measured from the bottom of the line*/
#if !(LVGL_VERSION_MAJOR == 6 && LVGL_VERSION_MINOR == 0)
    .subpx = LV_FONT_SUBPX_NONE,
#endif
#if LV_VERSION_CHECK(7, 4, 0) || LVGL_VERSION_MAJOR >= 8
    .underline_position = -2,
    .underline_thickness = 1,
#endif
    .static_bitmap = 0,
    .dsc = &font_dsc,          /*The custom font data. Will be accessed by `get_glyph_bitmap/dsc` */
#if LV_VERSION_CHECK(8, 2, 0) || LVGL_VERSION_MAJOR >= 9
    .fallback = NULL,
#endif
    .user_data = NULL,
};



#endif /*#if LV_FONT_NOTO_24*/
